# SPEC File: S:/Myspot_backup/MPI/Guest/Tomasz\ML_18keV_17th_March_2026.dat
# SPEC Input Runs: 63; 178 - 274
# BACKGROUND SUBTRATCION: True
# HOW MANY SAMPLES - Data: 1
# Reduction Protocol: Time Scan
# Array Shape: (2805,)
# AXIS 0 - Name: Epoch
# AXIS 0 - Min.: 91513156.0
# AXIS 0 - Max.: 91565426.0
# AXIS 0 - Digits: 3
# AXIS 0 - Index: False
# File Type: Time Scan Sequence
# Epoch (Relative), Trans., Err., Mask, Epoch (Absolute)
0.000000000000000000e+00	6.578866162992126343e-01	2.010852260505635765e-03	1.000000000000000000e+00	9.151315600000000000e+07
1.700000000000000000e+01	6.565504141531403048e-01	2.005642815651730373e-03	1.000000000000000000e+00	9.151317300000000000e+07
3.300000000000000000e+01	6.592475783699472958e-01	2.160762712463835857e-03	1.000000000000000000e+00	9.151318900000000000e+07
4.900000000000000000e+01	6.585588812631615330e-01	2.255336222119136598e-03	1.000000000000000000e+00	9.151320500000000000e+07
6.500000000000000000e+01	6.568714913155853097e-01	2.005535790595733541e-03	1.000000000000000000e+00	9.151322100000000000e+07
8.200000000000000000e+01	6.613202653736470760e-01	2.009208816887371723e-03	1.000000000000000000e+00	9.151323800000000000e+07
9.800000000000000000e+01	6.609646097885140126e-01	2.011675521016280128e-03	1.000000000000000000e+00	9.151325400000000000e+07
1.140000000000000000e+02	6.579097897106586101e-01	2.003871546906477088e-03	1.000000000000000000e+00	9.151327000000000000e+07
1.310000000000000000e+02	6.579269336495285891e-01	2.002944203719071552e-03	1.000000000000000000e+00	9.151328700000000000e+07
1.470000000000000000e+02	6.605724116730458118e-01	2.017489070824423931e-03	1.000000000000000000e+00	9.151330300000000000e+07
1.630000000000000000e+02	6.581672027292612137e-01	2.005885454662504480e-03	1.000000000000000000e+00	9.151331900000000000e+07
1.800000000000000000e+02	6.596028528396723489e-01	2.015550630913465636e-03	1.000000000000000000e+00	9.151333600000000000e+07
1.960000000000000000e+02	6.621994445267997964e-01	2.012337172760726191e-03	1.000000000000000000e+00	9.151335200000000000e+07
2.130000000000000000e+02	6.607467918694517328e-01	2.165412199508738329e-03	1.000000000000000000e+00	9.151336900000000000e+07
2.290000000000000000e+02	6.597923200549490330e-01	2.265340246805312534e-03	1.000000000000000000e+00	9.151338500000000000e+07
2.450000000000000000e+02	6.560363126399710865e-01	2.271527053088891104e-03	1.000000000000000000e+00	9.151340100000000000e+07
2.610000000000000000e+02	6.636716456513452878e-01	2.025189935380344083e-03	1.000000000000000000e+00	9.151341700000000000e+07
2.770000000000000000e+02	6.620559269774914934e-01	2.013382769874010655e-03	1.000000000000000000e+00	9.151343300000000000e+07
2.940000000000000000e+02	6.617585231674326662e-01	2.303619315259195725e-03	1.000000000000000000e+00	9.151345000000000000e+07
3.100000000000000000e+02	6.596704506873083407e-01	2.007944753525573323e-03	1.000000000000000000e+00	9.151346600000000000e+07
3.260000000000000000e+02	6.761506351476640475e-01	2.047767784607700241e-03	1.000000000000000000e+00	9.151348200000000000e+07
3.420000000000000000e+02	6.597313764924098711e-01	2.008652830963810441e-03	1.000000000000000000e+00	9.151349800000000000e+07
3.590000000000000000e+02	6.647168669646680295e-01	2.026163578522216339e-03	1.000000000000000000e+00	9.151351500000000000e+07
3.750000000000000000e+02	6.655645690104902146e-01	2.027090288416855558e-03	1.000000000000000000e+00	9.151353100000000000e+07
3.910000000000000000e+02	6.649304999768140823e-01	2.178932652291817526e-03	1.000000000000000000e+00	9.151354700000000000e+07
4.080000000000000000e+02	6.628540894102633585e-01	2.273879935987818852e-03	1.000000000000000000e+00	9.151356400000000000e+07
4.240000000000000000e+02	6.615310287733772165e-01	2.019428371507833806e-03	1.000000000000000000e+00	9.151358000000000000e+07
4.400000000000000000e+02	6.630710776051829125e-01	2.027051916628285193e-03	1.000000000000000000e+00	9.151359600000000000e+07
4.560000000000000000e+02	6.620360162686173000e-01	2.027507081304891212e-03	1.000000000000000000e+00	9.151361200000000000e+07
4.720000000000000000e+02	6.626095148636430565e-01	2.021320794619031226e-03	1.000000000000000000e+00	9.151362800000000000e+07
4.890000000000000000e+02	6.619759558842011060e-01	2.020686731285181552e-03	1.000000000000000000e+00	9.151364500000000000e+07
5.050000000000000000e+02	6.656231407795972776e-01	2.030844235620427648e-03	1.000000000000000000e+00	9.151366100000000000e+07
5.210000000000000000e+02	6.648433236001995983e-01	2.321849564443989773e-03	1.000000000000000000e+00	9.151367700000000000e+07
5.380000000000000000e+02	6.651070972615469312e-01	2.031167577803723659e-03	1.000000000000000000e+00	9.151369400000000000e+07
5.540000000000000000e+02	6.668335198291144295e-01	2.033320101208562717e-03	1.000000000000000000e+00	9.151371000000000000e+07
5.700000000000000000e+02	6.657007006069584065e-01	2.180784583462299156e-03	1.000000000000000000e+00	9.151372600000000000e+07
5.860000000000000000e+02	6.637483080504246180e-01	2.275502069124890701e-03	1.000000000000000000e+00	9.151374200000000000e+07
6.030000000000000000e+02	6.642431933778715214e-01	2.027260812285861316e-03	1.000000000000000000e+00	9.151375900000000000e+07
6.190000000000000000e+02	6.695915040834078402e-01	2.041086544367835213e-03	1.000000000000000000e+00	9.151377500000000000e+07
6.360000000000000000e+02	6.635292866450199778e-01	2.023509455648578488e-03	1.000000000000000000e+00	9.151379200000000000e+07
6.520000000000000000e+02	6.687072213488275407e-01	2.035050189475794049e-03	1.000000000000000000e+00	9.151380800000000000e+07
6.680000000000000000e+02	6.633404366154492804e-01	2.028857998359162064e-03	1.000000000000000000e+00	9.151382400000000000e+07
6.840000000000000000e+02	6.664790017195272309e-01	2.035074615785257852e-03	1.000000000000000000e+00	9.151384000000000000e+07
7.000000000000000000e+02	6.633871069734438297e-01	2.032267799996708996e-03	1.000000000000000000e+00	9.151385600000000000e+07
7.170000000000000000e+02	6.662807721643542180e-01	2.269180821183413351e-03	1.000000000000000000e+00	9.151387300000000000e+07
7.330000000000000000e+02	6.692091374141333482e-01	2.040299565453233040e-03	1.000000000000000000e+00	9.151388900000000000e+07
7.500000000000000000e+02	6.697457260664628764e-01	2.197399377392308430e-03	1.000000000000000000e+00	9.151390600000000000e+07
7.660000000000000000e+02	6.673607150668241506e-01	2.514514218592511525e-03	1.000000000000000000e+00	9.151392200000000000e+07
7.820000000000000000e+02	6.620764908356181477e-01	2.026340771384011526e-03	1.000000000000000000e+00	9.151393800000000000e+07
7.980000000000000000e+02	6.643295576160539451e-01	2.291938808237846317e-03	1.000000000000000000e+00	9.151395400000000000e+07
8.150000000000000000e+02	6.647269312768367966e-01	2.030256589557775243e-03	1.000000000000000000e+00	9.151397100000000000e+07
8.310000000000000000e+02	6.659156363722218419e-01	2.031818336929623863e-03	1.000000000000000000e+00	9.151398700000000000e+07
8.470000000000000000e+02	6.694247037920219023e-01	2.045044164991280389e-03	1.000000000000000000e+00	9.151400300000000000e+07
8.630000000000000000e+02	6.664163050442124536e-01	2.039154833277819628e-03	1.000000000000000000e+00	9.151401900000000000e+07
8.800000000000000000e+02	6.676256370170414733e-01	2.039858220583999279e-03	1.000000000000000000e+00	9.151403600000000000e+07
9.540000000000000000e+02	6.703007263836515683e-01	2.059623132519422094e-03	1.000000000000000000e+00	9.151411000000000000e+07
9.700000000000000000e+02	6.676056496871565216e-01	2.043239700051395838e-03	1.000000000000000000e+00	9.151412600000000000e+07
9.870000000000000000e+02	6.686619095901280563e-01	2.195769112646415826e-03	1.000000000000000000e+00	9.151414300000000000e+07
1.003000000000000000e+03	6.677400913373413571e-01	2.297163884000731626e-03	1.000000000000000000e+00	9.151415900000000000e+07
1.019000000000000000e+03	6.611410216769485482e-01	2.279610404491055724e-03	1.000000000000000000e+00	9.151417500000000000e+07
1.035000000000000000e+03	6.604905564946914609e-01	2.021806464837144594e-03	1.000000000000000000e+00	9.151419100000000000e+07
1.051000000000000000e+03	6.520125404516720069e-01	2.004125481765044355e-03	1.000000000000000000e+00	9.151420700000000000e+07
1.068000000000000000e+03	6.490418968540974110e-01	2.002357677131806103e-03	1.000000000000000000e+00	9.151422400000000000e+07
1.084000000000000000e+03	6.492616589610924471e-01	1.998725154698411440e-03	1.000000000000000000e+00	9.151424000000000000e+07
1.100000000000000000e+03	6.497631830151983090e-01	2.000951386086162985e-03	1.000000000000000000e+00	9.151425600000000000e+07
1.116000000000000000e+03	6.480403587941141463e-01	2.000131174859113778e-03	1.000000000000000000e+00	9.151427200000000000e+07
1.133000000000000000e+03	6.468201821742628477e-01	2.001442178473479463e-03	1.000000000000000000e+00	9.151428900000000000e+07
1.149000000000000000e+03	6.510289472070792671e-01	2.003839024705809328e-03	1.000000000000000000e+00	9.151430500000000000e+07
1.165000000000000000e+03	6.502433774850916448e-01	2.150759857301186989e-03	1.000000000000000000e+00	9.151432100000000000e+07
1.181000000000000000e+03	6.506519383209781182e-01	2.251506237026894546e-03	1.000000000000000000e+00	9.151433700000000000e+07
1.197000000000000000e+03	6.459910380023459187e-01	1.998596578844785091e-03	1.000000000000000000e+00	9.151435300000000000e+07
1.214000000000000000e+03	6.522891953353167072e-01	2.009254317170932128e-03	1.000000000000000000e+00	9.151437000000000000e+07
1.230000000000000000e+03	6.463729361894552383e-01	2.002840828355298940e-03	1.000000000000000000e+00	9.151438600000000000e+07
1.246000000000000000e+03	6.516968642633748088e-01	2.291093300724936829e-03	1.000000000000000000e+00	9.151440200000000000e+07
1.263000000000000000e+03	6.502858310650200258e-01	2.005927847208583900e-03	1.000000000000000000e+00	9.151441900000000000e+07
1.279000000000000000e+03	6.481556532660012193e-01	2.004543079537682987e-03	1.000000000000000000e+00	9.151443500000000000e+07
1.295000000000000000e+03	6.481986575016754903e-01	1.999370475615107074e-03	1.000000000000000000e+00	9.151445100000000000e+07
1.312000000000000000e+03	6.450565742506709777e-01	2.004329652868827149e-03	1.000000000000000000e+00	9.151446800000000000e+07
1.328000000000000000e+03	6.486091393783590675e-01	2.006214457233800388e-03	1.000000000000000000e+00	9.151448400000000000e+07
1.344000000000000000e+03	6.484127563098069924e-01	2.146750232183018692e-03	1.000000000000000000e+00	9.151450000000000000e+07
1.360000000000000000e+03	6.490585734194501688e-01	2.256250206225739619e-03	1.000000000000000000e+00	9.151451600000000000e+07
1.377000000000000000e+03	6.506101699455292264e-01	2.005863587840583592e-03	1.000000000000000000e+00	9.151453300000000000e+07
1.393000000000000000e+03	6.528724198327037209e-01	2.014240369649734040e-03	1.000000000000000000e+00	9.151454900000000000e+07
1.409000000000000000e+03	6.465985782726392239e-01	1.998837662170358746e-03	1.000000000000000000e+00	9.151456500000000000e+07
1.425000000000000000e+03	6.459166371539958318e-01	2.248095256085316015e-03	1.000000000000000000e+00	9.151458100000000000e+07
1.442000000000000000e+03	6.473024100639367395e-01	1.997677899629875589e-03	1.000000000000000000e+00	9.151459800000000000e+07
1.458000000000000000e+03	6.495380926327899429e-01	2.012149538724992102e-03	1.000000000000000000e+00	9.151461400000000000e+07
1.474000000000000000e+03	6.491321012981149385e-01	2.002253592555715278e-03	1.000000000000000000e+00	9.151463000000000000e+07
1.491000000000000000e+03	6.509225611390828670e-01	2.017830981662743686e-03	1.000000000000000000e+00	9.151464700000000000e+07
1.507000000000000000e+03	6.515496236936678676e-01	2.008611497778795170e-03	1.000000000000000000e+00	9.151466300000000000e+07
1.523000000000000000e+03	6.511381172367349812e-01	2.155627355309332974e-03	1.000000000000000000e+00	9.151467900000000000e+07
1.540000000000000000e+03	6.490999595588468063e-01	2.251577716062266605e-03	1.000000000000000000e+00	9.151469600000000000e+07
1.556000000000000000e+03	6.477016289087936807e-01	2.005240316812433206e-03	1.000000000000000000e+00	9.151471200000000000e+07
1.572000000000000000e+03	6.504387513511297181e-01	2.015872051958249051e-03	1.000000000000000000e+00	9.151472800000000000e+07
1.588000000000000000e+03	6.470843215144131966e-01	1.999534956384353517e-03	1.000000000000000000e+00	9.151474400000000000e+07
1.604000000000000000e+03	6.502248891748525494e-01	2.011648549961972225e-03	1.000000000000000000e+00	9.151476000000000000e+07
1.621000000000000000e+03	6.475489616859059216e-01	2.213110704618937753e-03	1.000000000000000000e+00	9.151477700000000000e+07
1.637000000000000000e+03	6.499271804729215285e-01	2.017031325125509273e-03	1.000000000000000000e+00	9.151479300000000000e+07
1.653000000000000000e+03	6.469091086364502363e-01	2.003291564001699002e-03	1.000000000000000000e+00	9.151480900000000000e+07
1.670000000000000000e+03	6.511870544017476226e-01	2.020299656272053334e-03	1.000000000000000000e+00	9.151482600000000000e+07
1.686000000000000000e+03	6.478542220111531691e-01	2.009695977715224898e-03	1.000000000000000000e+00	9.151484200000000000e+07
1.702000000000000000e+03	6.518011229451814437e-01	2.163174273295725373e-03	1.000000000000000000e+00	9.151485800000000000e+07
1.719000000000000000e+03	6.504624921872345089e-01	2.261633658092360426e-03	1.000000000000000000e+00	9.151487500000000000e+07
1.735000000000000000e+03	6.477572042634881511e-01	2.006176198766419696e-03	1.000000000000000000e+00	9.151489100000000000e+07
1.751000000000000000e+03	6.519051791524053119e-01	2.019786206222231543e-03	1.000000000000000000e+00	9.151490700000000000e+07
1.767000000000000000e+03	6.490227359981978195e-01	2.008341234004719107e-03	1.000000000000000000e+00	9.151492300000000000e+07
1.784000000000000000e+03	6.485975141010908995e-01	2.017644951520728390e-03	1.000000000000000000e+00	9.151494000000000000e+07
1.800000000000000000e+03	6.469005362691325756e-01	2.001952395140493661e-03	1.000000000000000000e+00	9.151495600000000000e+07
1.816000000000000000e+03	6.505554274422882255e-01	2.010137377289933185e-03	1.000000000000000000e+00	9.151497200000000000e+07
1.833000000000000000e+03	6.491943527854979745e-01	2.015411655982251096e-03	1.000000000000000000e+00	9.151498900000000000e+07
1.853000000000000000e+03	6.457452978957917145e-01	2.010117206624559543e-03	1.000000000000000000e+00	9.151500900000000000e+07
1.869000000000000000e+03	6.522815349481654312e-01	2.022553188223338676e-03	1.000000000000000000e+00	9.151502500000000000e+07
1.885000000000000000e+03	6.500889072714184369e-01	2.167524715560968651e-03	1.000000000000000000e+00	9.151504100000000000e+07
1.901000000000000000e+03	6.506893461346254792e-01	2.265015796730341854e-03	1.000000000000000000e+00	9.151505700000000000e+07
1.918000000000000000e+03	6.498064315457109386e-01	2.211054587512356097e-03	1.000000000000000000e+00	9.151507400000000000e+07
1.934000000000000000e+03	6.535978117811569454e-01	2.020143579953558553e-03	1.000000000000000000e+00	9.151509000000000000e+07
1.950000000000000000e+03	6.515477410249053136e-01	2.022049641145468903e-03	1.000000000000000000e+00	9.151510600000000000e+07
1.966000000000000000e+03	6.485799427629844738e-01	2.016263726680161267e-03	1.000000000000000000e+00	9.151512200000000000e+07
1.982000000000000000e+03	6.507050562044019992e-01	2.019230975854531193e-03	1.000000000000000000e+00	9.151513800000000000e+07
1.998000000000000000e+03	6.524897711231811837e-01	2.027506674910558963e-03	1.000000000000000000e+00	9.151515400000000000e+07
2.014000000000000000e+03	6.507636217529271239e-01	2.018686992690764230e-03	1.000000000000000000e+00	9.151517000000000000e+07
2.031000000000000000e+03	6.476917967018580580e-01	2.018180822359223314e-03	1.000000000000000000e+00	9.151518700000000000e+07
2.047000000000000000e+03	6.516534634030571871e-01	2.020937174292017878e-03	1.000000000000000000e+00	9.151520300000000000e+07
2.063000000000000000e+03	6.505238045633384703e-01	2.168568118777798853e-03	1.000000000000000000e+00	9.151521900000000000e+07
2.080000000000000000e+03	6.480579053254617028e-01	2.255648070050323469e-03	1.000000000000000000e+00	9.151523600000000000e+07
2.096000000000000000e+03	6.463249471290495318e-01	2.018670613792111941e-03	1.000000000000000000e+00	9.151525200000000000e+07
2.113000000000000000e+03	6.533056576904724411e-01	2.033839163027062729e-03	1.000000000000000000e+00	9.151526900000000000e+07
2.129000000000000000e+03	6.496637854827221892e-01	2.015025298151370062e-03	1.000000000000000000e+00	9.151528500000000000e+07
2.145000000000000000e+03	6.477455439515997782e-01	2.262545587737977999e-03	1.000000000000000000e+00	9.151530100000000000e+07
2.161000000000000000e+03	6.492018750572632335e-01	2.022338189781505442e-03	1.000000000000000000e+00	9.151531700000000000e+07
2.178000000000000000e+03	6.490739609076670025e-01	2.226449629621120568e-03	1.000000000000000000e+00	9.151533400000000000e+07
2.194000000000000000e+03	6.477695220593860936e-01	2.019195558962399040e-03	1.000000000000000000e+00	9.151535000000000000e+07
2.454000000000000000e+03	6.509632590584627510e-01	2.262742368786137357e-03	1.000000000000000000e+00	9.151561000000000000e+07
2.474000000000000000e+03	6.545612437020165153e-01	2.027294240521670954e-03	1.000000000000000000e+00	9.151563000000000000e+07
2.490000000000000000e+03	6.513478152096956464e-01	2.166364002379673765e-03	1.000000000000000000e+00	9.151564600000000000e+07
2.507000000000000000e+03	6.512231055156944004e-01	2.471513800732723452e-03	1.000000000000000000e+00	9.151566300000000000e+07
2.523000000000000000e+03	6.484861503233644298e-01	2.006337870252311584e-03	1.000000000000000000e+00	9.151567900000000000e+07
2.539000000000000000e+03	6.511033592606930709e-01	2.256673429284067334e-03	1.000000000000000000e+00	9.151569500000000000e+07
2.555000000000000000e+03	6.486595286508215485e-01	2.018599766661357924e-03	1.000000000000000000e+00	9.151571100000000000e+07
2.572000000000000000e+03	6.501362492264972648e-01	2.019771382332441381e-03	1.000000000000000000e+00	9.151572800000000000e+07
2.588000000000000000e+03	6.495615783891861561e-01	2.010217449807645031e-03	1.000000000000000000e+00	9.151574400000000000e+07
2.604000000000000000e+03	6.515538132079792266e-01	2.029012014160003641e-03	1.000000000000000000e+00	9.151576000000000000e+07
2.621000000000000000e+03	6.486135538155132219e-01	2.018423431247788440e-03	1.000000000000000000e+00	9.151577700000000000e+07
2.638000000000000000e+03	6.507496506053037644e-01	2.035110947726918775e-03	1.000000000000000000e+00	9.151579400000000000e+07
2.654000000000000000e+03	6.506896557864877417e-01	2.024139186699141276e-03	1.000000000000000000e+00	9.151581000000000000e+07
2.670000000000000000e+03	6.508808736513751469e-01	2.176074926017053466e-03	1.000000000000000000e+00	9.151582600000000000e+07
2.686000000000000000e+03	6.501659644906405688e-01	2.266201798161900528e-03	1.000000000000000000e+00	9.151584200000000000e+07
2.702000000000000000e+03	6.521223202741773806e-01	2.027210147608274338e-03	1.000000000000000000e+00	9.151585800000000000e+07
2.718000000000000000e+03	6.516491615816886185e-01	2.035854696166637494e-03	1.000000000000000000e+00	9.151587400000000000e+07
2.735000000000000000e+03	6.481309468898077686e-01	2.019364292716489557e-03	1.000000000000000000e+00	9.151589100000000000e+07
2.751000000000000000e+03	6.474339042048473658e-01	2.022269898809176108e-03	1.000000000000000000e+00	9.151590700000000000e+07
2.767000000000000000e+03	6.499183081744569490e-01	2.036406524102165900e-03	1.000000000000000000e+00	9.151592300000000000e+07
2.783000000000000000e+03	6.466558331020890726e-01	2.016479351598189206e-03	1.000000000000000000e+00	9.151593900000000000e+07
2.800000000000000000e+03	6.466946174370121758e-01	2.234985585715214707e-03	1.000000000000000000e+00	9.151595600000000000e+07
2.816000000000000000e+03	6.498687502782577452e-01	2.036571825058031485e-03	1.000000000000000000e+00	9.151597200000000000e+07
2.833000000000000000e+03	6.528686747945023905e-01	2.033909217293875579e-03	1.000000000000000000e+00	9.151598900000000000e+07
2.849000000000000000e+03	6.483143066476751981e-01	2.410189964572816666e-03	1.000000000000000000e+00	9.151600500000000000e+07
2.865000000000000000e+03	6.483221634151140611e-01	2.270852721065204794e-03	1.000000000000000000e+00	9.151602100000000000e+07
2.882000000000000000e+03	6.465587894888247256e-01	2.024956887869209209e-03	1.000000000000000000e+00	9.151603800000000000e+07
2.898000000000000000e+03	6.513507063401946517e-01	2.038028601873103328e-03	1.000000000000000000e+00	9.151605400000000000e+07
2.914000000000000000e+03	6.511582185142306134e-01	2.046630226749288853e-03	1.000000000000000000e+00	9.151607000000000000e+07
2.930000000000000000e+03	6.498497202516350102e-01	2.033046422928065557e-03	1.000000000000000000e+00	9.151608600000000000e+07
2.946000000000000000e+03	6.517011378359544027e-01	2.036180375895229287e-03	1.000000000000000000e+00	9.151610200000000000e+07
2.962000000000000000e+03	6.520319372029959037e-01	2.035296912101650958e-03	1.000000000000000000e+00	9.151611800000000000e+07
2.979000000000000000e+03	6.469186803752382531e-01	2.025755731205208538e-03	1.000000000000000000e+00	9.151613500000000000e+07
3.054000000000000000e+03	6.489018544929396892e-01	1.993535148712013028e-03	1.000000000000000000e+00	9.151621000000000000e+07
3.070000000000000000e+03	6.545787964799956171e-01	2.223956580729232954e-03	1.000000000000000000e+00	9.151622600000000000e+07
3.086000000000000000e+03	6.530997663951862986e-01	2.141683087500395946e-03	1.000000000000000000e+00	9.151624200000000000e+07
3.102000000000000000e+03	6.505258389772019534e-01	2.237314409064429261e-03	1.000000000000000000e+00	9.151625800000000000e+07
3.119000000000000000e+03	6.503305452944095899e-01	1.986445595008875381e-03	1.000000000000000000e+00	9.151627500000000000e+07
3.135000000000000000e+03	6.504141218549954750e-01	1.990778168587064786e-03	1.000000000000000000e+00	9.151629100000000000e+07
3.151000000000000000e+03	6.511191064046073507e-01	1.990321979853914344e-03	1.000000000000000000e+00	9.151630700000000000e+07
3.167000000000000000e+03	6.499266492922759486e-01	1.985141403083719776e-03	1.000000000000000000e+00	9.151632300000000000e+07
3.184000000000000000e+03	6.494902499046638633e-01	1.983615273007331356e-03	1.000000000000000000e+00	9.151634000000000000e+07
3.200000000000000000e+03	6.505339091999082779e-01	1.986411672418228296e-03	1.000000000000000000e+00	9.151635600000000000e+07
3.216000000000000000e+03	6.475819849122399496e-01	1.980819527788017700e-03	1.000000000000000000e+00	9.151637200000000000e+07
3.233000000000000000e+03	6.506226624764337441e-01	1.996505944518778275e-03	1.000000000000000000e+00	9.151638900000000000e+07
3.249000000000000000e+03	6.505889226535317427e-01	1.990373002639557118e-03	1.000000000000000000e+00	9.151640500000000000e+07
3.265000000000000000e+03	6.523279949051927762e-01	2.141149984485014521e-03	1.000000000000000000e+00	9.151642100000000000e+07
3.282000000000000000e+03	6.489500360027269377e-01	2.442693393595236385e-03	1.000000000000000000e+00	9.151643800000000000e+07
3.298000000000000000e+03	6.504215037485062689e-01	1.985817431327889168e-03	1.000000000000000000e+00	9.151645400000000000e+07
3.314000000000000000e+03	6.540072039503869172e-01	1.994732637185689991e-03	1.000000000000000000e+00	9.151647000000000000e+07
3.330000000000000000e+03	6.473810265688498822e-01	2.221292294500938538e-03	1.000000000000000000e+00	9.151648600000000000e+07
3.347000000000000000e+03	6.494225737960254152e-01	1.990298519109944420e-03	1.000000000000000000e+00	9.151650300000000000e+07
3.363000000000000000e+03	6.486080098612149181e-01	1.979391244009530513e-03	1.000000000000000000e+00	9.151651900000000000e+07
3.379000000000000000e+03	6.503786364154894306e-01	1.983561069119354776e-03	1.000000000000000000e+00	9.151653500000000000e+07
3.395000000000000000e+03	6.499226055973127414e-01	1.977993319740005678e-03	1.000000000000000000e+00	9.151655100000000000e+07
3.412000000000000000e+03	6.478558624983322689e-01	1.981138927068107521e-03	1.000000000000000000e+00	9.151656800000000000e+07
3.429000000000000000e+03	6.535110707740520164e-01	1.984094422491363557e-03	1.000000000000000000e+00	9.151658500000000000e+07
3.445000000000000000e+03	6.508206322045161363e-01	2.132328014697606154e-03	1.000000000000000000e+00	9.151660100000000000e+07
3.461000000000000000e+03	6.478717579162305285e-01	2.226376565191659062e-03	1.000000000000000000e+00	9.151661700000000000e+07
3.477000000000000000e+03	6.516929784735421283e-01	1.980961203089888056e-03	1.000000000000000000e+00	9.151663300000000000e+07
3.493000000000000000e+03	6.540148338849676168e-01	1.989760672919667177e-03	1.000000000000000000e+00	9.151664900000000000e+07
3.510000000000000000e+03	6.498542679735306304e-01	1.986973396885087246e-03	1.000000000000000000e+00	9.151666600000000000e+07
3.526000000000000000e+03	6.507484274996909734e-01	1.982854601775830596e-03	1.000000000000000000e+00	9.151668200000000000e+07
3.542000000000000000e+03	6.499135597795955288e-01	1.980614066275023562e-03	1.000000000000000000e+00	9.151669800000000000e+07
3.558000000000000000e+03	6.555157626624518175e-01	1.993739806302070264e-03	1.000000000000000000e+00	9.151671400000000000e+07
3.574000000000000000e+03	6.481381200639061424e-01	1.980493264676303714e-03	1.000000000000000000e+00	9.151673000000000000e+07
3.591000000000000000e+03	6.502254542526691994e-01	2.277493024930420367e-03	1.000000000000000000e+00	9.151674700000000000e+07
3.607000000000000000e+03	6.514314467051630642e-01	1.985035703598271237e-03	1.000000000000000000e+00	9.151676300000000000e+07
3.623000000000000000e+03	6.500055129702999590e-01	2.128215692867718202e-03	1.000000000000000000e+00	9.151677900000000000e+07
3.640000000000000000e+03	6.487663364544667965e-01	2.235089405275730509e-03	1.000000000000000000e+00	9.151679600000000000e+07
3.656000000000000000e+03	6.472157984784836504e-01	1.971729623087685370e-03	1.000000000000000000e+00	9.151681200000000000e+07
3.672000000000000000e+03	6.517111988045243276e-01	1.985635489914037207e-03	1.000000000000000000e+00	9.151682800000000000e+07
3.688000000000000000e+03	6.527607416135267071e-01	1.983694125398844776e-03	1.000000000000000000e+00	9.151684400000000000e+07
3.705000000000000000e+03	6.498157902363672633e-01	1.985292827655368332e-03	1.000000000000000000e+00	9.151686100000000000e+07
3.721000000000000000e+03	6.490681674058025319e-01	1.980779509266065736e-03	1.000000000000000000e+00	9.151687700000000000e+07
3.737000000000000000e+03	6.516802261617652414e-01	1.984737264222354372e-03	1.000000000000000000e+00	9.151689300000000000e+07
3.753000000000000000e+03	6.492951985395148951e-01	1.980583460385444781e-03	1.000000000000000000e+00	9.151690900000000000e+07
3.770000000000000000e+03	6.523607589070051782e-01	1.992950905962089479e-03	1.000000000000000000e+00	9.151692600000000000e+07
3.786000000000000000e+03	6.537301877550336648e-01	1.995266973074666297e-03	1.000000000000000000e+00	9.151694200000000000e+07
3.922000000000000000e+03	6.523457905476307550e-01	2.135610188218501140e-03	1.000000000000000000e+00	9.151707800000000000e+07
3.938000000000000000e+03	6.481637835790711177e-01	2.224243245913158640e-03	1.000000000000000000e+00	9.151709400000000000e+07
3.954000000000000000e+03	6.494047532449128690e-01	1.977475382008727842e-03	1.000000000000000000e+00	9.151711000000000000e+07
3.971000000000000000e+03	6.513651706675972486e-01	1.988433580939412849e-03	1.000000000000000000e+00	9.151712700000000000e+07
3.987000000000000000e+03	6.495551207429328677e-01	1.977590238045092742e-03	1.000000000000000000e+00	9.151714300000000000e+07
4.003000000000000000e+03	6.515448917781866411e-01	1.986271197886838383e-03	1.000000000000000000e+00	9.151715900000000000e+07
4.019000000000000000e+03	6.494453920204861230e-01	1.980547626702462531e-03	1.000000000000000000e+00	9.151717500000000000e+07
4.036000000000000000e+03	6.498140928610743883e-01	1.984441096930812751e-03	1.000000000000000000e+00	9.151719200000000000e+07
4.052000000000000000e+03	6.478408836996836229e-01	1.979687740175252626e-03	1.000000000000000000e+00	9.151720800000000000e+07
4.126000000000000000e+03	6.522457967581066773e-01	1.994655913320816237e-03	1.000000000000000000e+00	9.151728200000000000e+07
4.142000000000000000e+03	6.508059350306540924e-01	1.986961481162242190e-03	1.000000000000000000e+00	9.151729800000000000e+07
4.159000000000000000e+03	6.508312290653566201e-01	2.136252680966272896e-03	1.000000000000000000e+00	9.151731500000000000e+07
4.175000000000000000e+03	6.517076094825895449e-01	2.239909924725343171e-03	1.000000000000000000e+00	9.151733100000000000e+07
4.191000000000000000e+03	6.477546861026206582e-01	1.976282039347282589e-03	1.000000000000000000e+00	9.151734700000000000e+07
4.207000000000000000e+03	6.477839455213216802e-01	1.981473203889982677e-03	1.000000000000000000e+00	9.151736300000000000e+07
4.223000000000000000e+03	6.489496313585579879e-01	1.983635780040402148e-03	1.000000000000000000e+00	9.151737900000000000e+07
4.239000000000000000e+03	6.510375553625667999e-01	1.992624387775164541e-03	1.000000000000000000e+00	9.151739500000000000e+07
4.256000000000000000e+03	6.509950110688974556e-01	1.994262772379150773e-03	1.000000000000000000e+00	9.151741200000000000e+07
4.272000000000000000e+03	6.513518716174101497e-01	1.991665537063193065e-03	1.000000000000000000e+00	9.151742800000000000e+07
4.288000000000000000e+03	6.485789785202736857e-01	1.983105397118912171e-03	1.000000000000000000e+00	9.151744400000000000e+07
4.305000000000000000e+03	6.527509080365759830e-01	1.998818628861929840e-03	1.000000000000000000e+00	9.151746100000000000e+07
4.321000000000000000e+03	6.524721564733000356e-01	1.993291241833257312e-03	1.000000000000000000e+00	9.151747700000000000e+07
4.337000000000000000e+03	6.520296014375148719e-01	2.142897033543082752e-03	1.000000000000000000e+00	9.151749300000000000e+07
4.353000000000000000e+03	6.518700502400414099e-01	2.247462822571951509e-03	1.000000000000000000e+00	9.151750900000000000e+07
4.370000000000000000e+03	6.505670293754768352e-01	1.992981479703994849e-03	1.000000000000000000e+00	9.151752600000000000e+07
4.386000000000000000e+03	6.559513179866446331e-01	2.002848692461655939e-03	1.000000000000000000e+00	9.151754200000000000e+07
4.402000000000000000e+03	6.508101937122124925e-01	2.244207109224778760e-03	1.000000000000000000e+00	9.151755800000000000e+07
4.418000000000000000e+03	6.510734100825132931e-01	1.992523997742173987e-03	1.000000000000000000e+00	9.151757400000000000e+07
4.435000000000000000e+03	6.476992146950441009e-01	1.987623338944711701e-03	1.000000000000000000e+00	9.151759100000000000e+07
4.451000000000000000e+03	6.469516469551291893e-01	1.989431541460651761e-03	1.000000000000000000e+00	9.151760700000000000e+07
4.467000000000000000e+03	6.467889013736393133e-01	1.985837317266165442e-03	1.000000000000000000e+00	9.151762300000000000e+07
4.484000000000000000e+03	6.479716846533780661e-01	1.997255606258042764e-03	1.000000000000000000e+00	9.151764000000000000e+07
4.500000000000000000e+03	6.506083180725217296e-01	1.992645762362109992e-03	1.000000000000000000e+00	9.151765600000000000e+07
4.516000000000000000e+03	6.532768790092043920e-01	2.159286355279392989e-03	1.000000000000000000e+00	9.151767200000000000e+07
4.532000000000000000e+03	6.482790503484675559e-01	2.241327564092407756e-03	1.000000000000000000e+00	9.151768800000000000e+07
4.549000000000000000e+03	6.480964748715634105e-01	1.994583534609197049e-03	1.000000000000000000e+00	9.151770500000000000e+07
4.565000000000000000e+03	6.521447375307891647e-01	2.002079606515957174e-03	1.000000000000000000e+00	9.151772100000000000e+07
4.581000000000000000e+03	6.501490239787292014e-01	2.000131719699102008e-03	1.000000000000000000e+00	9.151773700000000000e+07
4.598000000000000000e+03	6.519310724455779082e-01	2.004942739173638539e-03	1.000000000000000000e+00	9.151775400000000000e+07
4.614000000000000000e+03	6.455957477785553289e-01	1.988706839599801816e-03	1.000000000000000000e+00	9.151777000000000000e+07
4.630000000000000000e+03	6.515117307566923310e-01	2.001414066150229362e-03	1.000000000000000000e+00	9.151778600000000000e+07
4.646000000000000000e+03	6.486444501010893982e-01	1.996889111692069611e-03	1.000000000000000000e+00	9.151780200000000000e+07
4.663000000000000000e+03	6.507033768130410234e-01	2.008069410953211911e-03	1.000000000000000000e+00	9.151781900000000000e+07
4.679000000000000000e+03	6.501082631260542977e-01	2.001203174669168028e-03	1.000000000000000000e+00	9.151783500000000000e+07
4.695000000000000000e+03	6.522483882849623438e-01	2.153130555048987736e-03	1.000000000000000000e+00	9.151785100000000000e+07
4.712000000000000000e+03	6.481444395085603771e-01	2.244970441147348464e-03	1.000000000000000000e+00	9.151786800000000000e+07
4.728000000000000000e+03	6.505547650056288100e-01	1.998062471984097307e-03	1.000000000000000000e+00	9.151788400000000000e+07
4.744000000000000000e+03	6.508484671648392395e-01	2.005180180646454029e-03	1.000000000000000000e+00	9.151790000000000000e+07
4.760000000000000000e+03	6.531673411212887137e-01	2.005769391156713918e-03	1.000000000000000000e+00	9.151791600000000000e+07
4.777000000000000000e+03	6.496358429855290106e-01	2.000850656328928036e-03	1.000000000000000000e+00	9.151793300000000000e+07
4.793000000000000000e+03	6.489671310219755629e-01	2.003759287735155069e-03	1.000000000000000000e+00	9.151794900000000000e+07
4.809000000000000000e+03	6.515910211856494882e-01	2.005528779667811561e-03	1.000000000000000000e+00	9.151796500000000000e+07
4.825000000000000000e+03	6.507050660719437829e-01	2.004228176948439234e-03	1.000000000000000000e+00	9.151798100000000000e+07
4.842000000000000000e+03	6.518079356422666892e-01	2.012850073968821141e-03	1.000000000000000000e+00	9.151799800000000000e+07
4.858000000000000000e+03	6.504078502257806260e-01	2.218392523639028426e-03	1.000000000000000000e+00	9.151801400000000000e+07
4.875000000000000000e+03	6.532472975201261134e-01	2.160989761003228194e-03	1.000000000000000000e+00	9.151803100000000000e+07
4.891000000000000000e+03	6.512665098129740704e-01	2.252752278769940084e-03	1.000000000000000000e+00	9.151804700000000000e+07
4.907000000000000000e+03	6.473894172841987427e-01	2.172799699738579577e-03	1.000000000000000000e+00	9.151806300000000000e+07
4.923000000000000000e+03	6.522500718518045026e-01	2.008213270329262459e-03	1.000000000000000000e+00	9.151807900000000000e+07
4.939000000000000000e+03	6.509786918449051996e-01	2.003141592031664527e-03	1.000000000000000000e+00	9.151809500000000000e+07
4.956000000000000000e+03	6.515310290952659455e-01	2.009632218185458761e-03	1.000000000000000000e+00	9.151811200000000000e+07
4.971000000000000000e+03	6.516214932718028541e-01	2.009032799046066731e-03	1.000000000000000000e+00	9.151812700000000000e+07
4.988000000000000000e+03	6.514936488197293762e-01	2.009308865940552784e-03	1.000000000000000000e+00	9.151814400000000000e+07
5.004000000000000000e+03	6.499668879366697904e-01	2.004877817799587559e-03	1.000000000000000000e+00	9.151816000000000000e+07
5.024000000000000000e+03	6.501028500533740928e-01	2.018848387274045468e-03	1.000000000000000000e+00	9.151818000000000000e+07
5.040000000000000000e+03	6.520683016314284819e-01	2.013081113400880164e-03	1.000000000000000000e+00	9.151819600000000000e+07
5.057000000000000000e+03	6.524153924626681089e-01	2.158699052564348742e-03	1.000000000000000000e+00	9.151821300000000000e+07
5.073000000000000000e+03	6.492772701243154643e-01	2.253902339702749339e-03	1.000000000000000000e+00	9.151822900000000000e+07
5.089000000000000000e+03	6.479661759429083956e-01	2.007608317096512811e-03	1.000000000000000000e+00	9.151824500000000000e+07
5.105000000000000000e+03	6.520484937110031520e-01	2.012640429550591713e-03	1.000000000000000000e+00	9.151826100000000000e+07
5.121000000000000000e+03	6.504071160833022613e-01	2.005581459219924444e-03	1.000000000000000000e+00	9.151827700000000000e+07
5.138000000000000000e+03	6.501892548463914512e-01	2.009877293802138191e-03	1.000000000000000000e+00	9.151829400000000000e+07
5.154000000000000000e+03	6.461982108578905315e-01	1.996294042798679984e-03	1.000000000000000000e+00	9.151831000000000000e+07
5.170000000000000000e+03	6.535808329025351027e-01	2.012947755605085185e-03	1.000000000000000000e+00	9.151832600000000000e+07
5.186000000000000000e+03	6.492710073366899648e-01	2.003182014491897752e-03	1.000000000000000000e+00	9.151834200000000000e+07
5.203000000000000000e+03	6.468308712388900483e-01	2.008642838186995658e-03	1.000000000000000000e+00	9.151835900000000000e+07
5.219000000000000000e+03	6.512661261741294894e-01	2.012422507697092522e-03	1.000000000000000000e+00	9.151837500000000000e+07
5.236000000000000000e+03	6.515575824210613209e-01	2.160282332090853429e-03	1.000000000000000000e+00	9.151839200000000000e+07
5.252000000000000000e+03	6.479398789746403375e-01	2.253569558309808946e-03	1.000000000000000000e+00	9.151840800000000000e+07
5.268000000000000000e+03	6.475371454208795896e-01	2.005034568321856312e-03	1.000000000000000000e+00	9.151842400000000000e+07
5.284000000000000000e+03	6.503765129720174842e-01	2.014048790038898071e-03	1.000000000000000000e+00	9.151844000000000000e+07
5.301000000000000000e+03	6.510345845176792601e-01	2.017652414870178997e-03	1.000000000000000000e+00	9.151845700000000000e+07
5.317000000000000000e+03	6.484525507055335369e-01	2.011923394593484286e-03	1.000000000000000000e+00	9.151847300000000000e+07
5.333000000000000000e+03	6.490247640710204990e-01	2.008531273694465560e-03	1.000000000000000000e+00	9.151848900000000000e+07
5.349000000000000000e+03	6.502988993636041881e-01	2.254185029387911071e-03	1.000000000000000000e+00	9.151850500000000000e+07
5.366000000000000000e+03	6.456963491565428370e-01	2.007313504463580870e-03	1.000000000000000000e+00	9.151852200000000000e+07
5.383000000000000000e+03	6.511075667023784597e-01	2.020796692086832338e-03	1.000000000000000000e+00	9.151853900000000000e+07
5.399000000000000000e+03	6.492490193835351864e-01	2.202998157036177313e-03	1.000000000000000000e+00	9.151855500000000000e+07
5.415000000000000000e+03	6.489048886222508195e-01	2.155349686124628447e-03	1.000000000000000000e+00	9.151857100000000000e+07
5.431000000000000000e+03	6.504927263423148087e-01	2.260474645310816665e-03	1.000000000000000000e+00	9.151858700000000000e+07
5.448000000000000000e+03	6.499145100459936542e-01	2.005951180456839317e-03	1.000000000000000000e+00	9.151860400000000000e+07
5.464000000000000000e+03	6.515304217408930398e-01	2.014875540152000124e-03	1.000000000000000000e+00	9.151862000000000000e+07
5.480000000000000000e+03	6.534748299596773169e-01	2.013433966328373025e-03	1.000000000000000000e+00	9.151863600000000000e+07
5.497000000000000000e+03	6.468659948459278830e-01	2.010379128514186344e-03	1.000000000000000000e+00	9.151865300000000000e+07
5.513000000000000000e+03	6.483661864133183350e-01	2.011256649758520320e-03	1.000000000000000000e+00	9.151866900000000000e+07
5.529000000000000000e+03	6.498008599463621637e-01	2.013359842499567228e-03	1.000000000000000000e+00	9.151868500000000000e+07
5.545000000000000000e+03	6.494649184067768921e-01	2.019527858920313907e-03	1.000000000000000000e+00	9.151870100000000000e+07
5.562000000000000000e+03	6.517210990827356776e-01	2.031260693826180113e-03	1.000000000000000000e+00	9.151871800000000000e+07
5.578000000000000000e+03	6.493192335470572285e-01	2.012466246198738561e-03	1.000000000000000000e+00	9.151873400000000000e+07
5.594000000000000000e+03	6.509533457461080808e-01	2.159758643597670287e-03	1.000000000000000000e+00	9.151875000000000000e+07
5.610000000000000000e+03	6.492530935659401869e-01	2.259789971868745966e-03	1.000000000000000000e+00	9.151876600000000000e+07
5.627000000000000000e+03	6.483087540101983848e-01	2.217339584211021168e-03	1.000000000000000000e+00	9.151878300000000000e+07
5.643000000000000000e+03	6.498011007600240641e-01	2.017634617816524423e-03	1.000000000000000000e+00	9.151879900000000000e+07
5.659000000000000000e+03	6.514995094348352556e-01	2.023913013450398795e-03	1.000000000000000000e+00	9.151881500000000000e+07
5.675000000000000000e+03	6.516325890648829722e-01	2.020515139937565947e-03	1.000000000000000000e+00	9.151883100000000000e+07
5.691000000000000000e+03	6.495619692418583835e-01	2.016564547060389814e-03	1.000000000000000000e+00	9.151884700000000000e+07
5.708000000000000000e+03	6.506230418356899747e-01	2.016209198809333289e-03	1.000000000000000000e+00	9.151886400000000000e+07
5.724000000000000000e+03	6.481050635620945188e-01	2.015334754025719603e-03	1.000000000000000000e+00	9.151888000000000000e+07
5.741000000000000000e+03	6.487607789682751092e-01	2.026701289778438768e-03	1.000000000000000000e+00	9.151889700000000000e+07
5.757000000000000000e+03	6.512983294091918562e-01	2.020646758082861750e-03	1.000000000000000000e+00	9.151891300000000000e+07
5.773000000000000000e+03	6.505289779467740008e-01	2.171654545125680132e-03	1.000000000000000000e+00	9.151892900000000000e+07
5.789000000000000000e+03	6.505498754109717563e-01	2.265363233563759317e-03	1.000000000000000000e+00	9.151894500000000000e+07
5.806000000000000000e+03	6.479719401426313752e-01	2.008380985034247893e-03	1.000000000000000000e+00	9.151896200000000000e+07
5.822000000000000000e+03	6.501977985818087058e-01	2.024143653889083020e-03	1.000000000000000000e+00	9.151897800000000000e+07
5.838000000000000000e+03	6.531012396036922629e-01	2.230036891552699199e-03	1.000000000000000000e+00	9.151899400000000000e+07
5.854000000000000000e+03	6.483159069269474051e-01	2.018520890987850116e-03	1.000000000000000000e+00	9.151901000000000000e+07
5.870000000000000000e+03	6.495176079806382896e-01	2.021382844699681249e-03	1.000000000000000000e+00	9.151902600000000000e+07
5.887000000000000000e+03	6.506856332433338386e-01	2.018974051176698498e-03	1.000000000000000000e+00	9.151904300000000000e+07
5.903000000000000000e+03	6.499522796610902597e-01	2.011830897502409239e-03	1.000000000000000000e+00	9.151905900000000000e+07
5.978000000000000000e+03	6.481856534151487770e-01	2.000420254178398530e-03	1.000000000000000000e+00	9.151913400000000000e+07
5.994000000000000000e+03	6.493763046738852962e-01	1.996450081217017360e-03	1.000000000000000000e+00	9.151915000000000000e+07
6.010000000000000000e+03	6.527505913161507634e-01	2.148187550459390062e-03	1.000000000000000000e+00	9.151916600000000000e+07
6.027000000000000000e+03	6.536514906464994112e-01	2.254890780645153834e-03	1.000000000000000000e+00	9.151918300000000000e+07
6.043000000000000000e+03	6.486116423448935464e-01	1.988040131993834645e-03	1.000000000000000000e+00	9.151919900000000000e+07
6.059000000000000000e+03	6.525647057080539160e-01	2.004422108908865928e-03	1.000000000000000000e+00	9.151921500000000000e+07
6.075000000000000000e+03	6.515697177906218940e-01	1.994508977517801384e-03	1.000000000000000000e+00	9.151923100000000000e+07
6.092000000000000000e+03	6.499287696051866403e-01	1.994444257715495376e-03	1.000000000000000000e+00	9.151924800000000000e+07
6.108000000000000000e+03	6.466757181167274160e-01	2.201085792712885979e-03	1.000000000000000000e+00	9.151926400000000000e+07
6.124000000000000000e+03	6.481793830476136886e-01	1.993512717102453174e-03	1.000000000000000000e+00	9.151928000000000000e+07
6.140000000000000000e+03	6.510295840626270092e-01	1.990942813767630857e-03	1.000000000000000000e+00	9.151929600000000000e+07
6.157000000000000000e+03	6.474961903764099302e-01	1.994975280386268850e-03	1.000000000000000000e+00	9.151931300000000000e+07
6.173000000000000000e+03	6.525700028281701259e-01	1.998416325515078255e-03	1.000000000000000000e+00	9.151932900000000000e+07
6.189000000000000000e+03	6.520590435201824020e-01	2.142684358018401552e-03	1.000000000000000000e+00	9.151934500000000000e+07
6.205000000000000000e+03	6.505555511885438014e-01	2.238834074610206778e-03	1.000000000000000000e+00	9.151936100000000000e+07
6.221000000000000000e+03	6.511697845732508094e-01	1.991511877040316736e-03	1.000000000000000000e+00	9.151937700000000000e+07
6.238000000000000000e+03	6.518869828344815431e-01	2.002209469363557155e-03	1.000000000000000000e+00	9.151939400000000000e+07
6.254000000000000000e+03	6.508567442785382351e-01	1.991111574459964676e-03	1.000000000000000000e+00	9.151941000000000000e+07
6.270000000000000000e+03	6.514066347087462683e-01	1.993892408758983839e-03	1.000000000000000000e+00	9.151942600000000000e+07
6.286000000000000000e+03	6.498951731754583072e-01	1.988741985865704644e-03	1.000000000000000000e+00	9.151944200000000000e+07
6.303000000000000000e+03	6.496566804839609688e-01	1.991394970919036639e-03	1.000000000000000000e+00	9.151945900000000000e+07
6.319000000000000000e+03	6.499493714551694001e-01	2.257729059007336329e-03	1.000000000000000000e+00	9.151947500000000000e+07
6.336000000000000000e+03	6.490015013834589119e-01	1.992987598244423935e-03	1.000000000000000000e+00	9.151949200000000000e+07
6.352000000000000000e+03	6.502210100850515095e-01	1.991284978045927516e-03	1.000000000000000000e+00	9.151950800000000000e+07
6.368000000000000000e+03	6.495305405455265024e-01	2.136051185946270022e-03	1.000000000000000000e+00	9.151952400000000000e+07
6.385000000000000000e+03	6.497966894595816889e-01	2.237592653099791749e-03	1.000000000000000000e+00	9.151954100000000000e+07
6.401000000000000000e+03	6.494963621319352898e-01	2.227894911057190855e-03	1.000000000000000000e+00	9.151955700000000000e+07
6.417000000000000000e+03	6.543411473061525596e-01	2.003787049013898338e-03	1.000000000000000000e+00	9.151957300000000000e+07
6.434000000000000000e+03	6.512162937920825678e-01	1.991338144473675260e-03	1.000000000000000000e+00	9.151959000000000000e+07
6.450000000000000000e+03	6.506772925883086423e-01	1.996054602696935906e-03	1.000000000000000000e+00	9.151960600000000000e+07
6.466000000000000000e+03	6.497746336686467394e-01	1.986849287605851628e-03	1.000000000000000000e+00	9.151962200000000000e+07
6.483000000000000000e+03	6.518198378502217949e-01	1.997991779811864998e-03	1.000000000000000000e+00	9.151963900000000000e+07
6.499000000000000000e+03	6.510230350417837153e-01	1.995239950634665384e-03	1.000000000000000000e+00	9.151965500000000000e+07
6.516000000000000000e+03	6.513524386373130692e-01	2.001471665467477890e-03	1.000000000000000000e+00	9.151967200000000000e+07
6.532000000000000000e+03	6.492395375848238892e-01	1.993519770641766567e-03	1.000000000000000000e+00	9.151968800000000000e+07
6.548000000000000000e+03	6.529102937370216964e-01	2.141879713120591402e-03	1.000000000000000000e+00	9.151970400000000000e+07
6.565000000000000000e+03	6.516865502411915978e-01	2.242037797831370523e-03	1.000000000000000000e+00	9.151972100000000000e+07
6.581000000000000000e+03	6.479494012648768786e-01	1.987476615537104099e-03	1.000000000000000000e+00	9.151973700000000000e+07
6.597000000000000000e+03	6.530406123978356181e-01	2.001071362145623485e-03	1.000000000000000000e+00	9.151975300000000000e+07
6.613000000000000000e+03	6.484376672826068777e-01	1.987009304087888201e-03	1.000000000000000000e+00	9.151976900000000000e+07
6.630000000000000000e+03	6.526962119070019996e-01	2.004019112398559756e-03	1.000000000000000000e+00	9.151978600000000000e+07
6.646000000000000000e+03	6.519863220645042423e-01	1.993603724463476230e-03	1.000000000000000000e+00	9.151980200000000000e+07
6.662000000000000000e+03	6.525442517018994470e-01	1.996236596808659974e-03	1.000000000000000000e+00	9.151981800000000000e+07
6.678000000000000000e+03	6.518682370270126869e-01	1.995043387564170156e-03	1.000000000000000000e+00	9.151983400000000000e+07
6.695000000000000000e+03	6.510587101690378242e-01	2.002467031998067352e-03	1.000000000000000000e+00	9.151985100000000000e+07
6.711000000000000000e+03	6.505652598931321862e-01	2.257210641288197404e-03	1.000000000000000000e+00	9.151986700000000000e+07
6.727000000000000000e+03	6.509443344880736504e-01	2.141929683263353330e-03	1.000000000000000000e+00	9.151988300000000000e+07
6.743000000000000000e+03	6.491268556126372768e-01	2.236601450033395486e-03	1.000000000000000000e+00	9.151989900000000000e+07
6.760000000000000000e+03	6.481939350603922456e-01	2.200350447317794139e-03	1.000000000000000000e+00	9.151991600000000000e+07
6.776000000000000000e+03	6.522923118382483176e-01	1.994694859923536873e-03	1.000000000000000000e+00	9.151993200000000000e+07
6.792000000000000000e+03	6.488411050287368198e-01	1.987306595721958190e-03	1.000000000000000000e+00	9.151994800000000000e+07
6.808000000000000000e+03	6.523539590035508651e-01	1.998068940204756044e-03	1.000000000000000000e+00	9.151996400000000000e+07
6.825000000000000000e+03	6.512364176861337173e-01	1.995419926112191721e-03	1.000000000000000000e+00	9.151998100000000000e+07
6.841000000000000000e+03	6.505543752086629938e-01	1.991955079390260539e-03	1.000000000000000000e+00	9.151999700000000000e+07
6.857000000000000000e+03	6.487270917774184964e-01	1.993756051572030674e-03	1.000000000000000000e+00	9.152001300000000000e+07
6.877000000000000000e+03	6.531407647295079943e-01	2.006919063827487804e-03	1.000000000000000000e+00	9.152003300000000000e+07
6.894000000000000000e+03	6.510553809495301936e-01	1.999870193299732504e-03	1.000000000000000000e+00	9.152005000000000000e+07
6.910000000000000000e+03	6.513318250897033312e-01	2.145027854170631233e-03	1.000000000000000000e+00	9.152006600000000000e+07
6.926000000000000000e+03	6.533553949044484943e-01	2.252189571449474473e-03	1.000000000000000000e+00	9.152008200000000000e+07
6.942000000000000000e+03	6.484224221707518554e-01	1.987480323959317074e-03	1.000000000000000000e+00	9.152009800000000000e+07
6.958000000000000000e+03	6.519493942473623127e-01	2.001824755311615474e-03	1.000000000000000000e+00	9.152011400000000000e+07
6.974000000000000000e+03	6.498421396403673000e-01	1.994080056426067015e-03	1.000000000000000000e+00	9.152013000000000000e+07
6.991000000000000000e+03	6.495922129768174624e-01	1.993441042230506294e-03	1.000000000000000000e+00	9.152014700000000000e+07
7.007000000000000000e+03	6.481224794809294920e-01	1.996689164946181989e-03	1.000000000000000000e+00	9.152016300000000000e+07
7.023000000000000000e+03	6.554706735513898819e-01	2.010954361422746025e-03	1.000000000000000000e+00	9.152017900000000000e+07
7.039000000000000000e+03	6.509310508538798112e-01	1.996595529291539731e-03	1.000000000000000000e+00	9.152019500000000000e+07
7.056000000000000000e+03	6.479077648392541633e-01	1.997249312138286992e-03	1.000000000000000000e+00	9.152021200000000000e+07
7.072000000000000000e+03	6.493336286710443828e-01	1.992990014587611540e-03	1.000000000000000000e+00	9.152022800000000000e+07
7.088000000000000000e+03	6.519579326295360522e-01	2.155088968609276869e-03	1.000000000000000000e+00	9.152024400000000000e+07
7.105000000000000000e+03	6.486874201753916047e-01	2.245541637609033917e-03	1.000000000000000000e+00	9.152026100000000000e+07
7.121000000000000000e+03	6.490081497885784589e-01	1.996789850468181672e-03	1.000000000000000000e+00	9.152027700000000000e+07
7.137000000000000000e+03	6.508340797747266260e-01	2.003153490609125946e-03	1.000000000000000000e+00	9.152029300000000000e+07
7.153000000000000000e+03	6.521497601881880435e-01	2.001349211871819057e-03	1.000000000000000000e+00	9.152030900000000000e+07
7.169000000000000000e+03	6.531662332621807066e-01	2.009414951792518229e-03	1.000000000000000000e+00	9.152032500000000000e+07
7.186000000000000000e+03	6.498398728390136769e-01	1.995889225565406454e-03	1.000000000000000000e+00	9.152034200000000000e+07
7.202000000000000000e+03	6.504692026646541336e-01	2.004506849320678973e-03	1.000000000000000000e+00	9.152035800000000000e+07
7.218000000000000000e+03	6.513866904463887497e-01	1.998419381066964852e-03	1.000000000000000000e+00	9.152037400000000000e+07
7.235000000000000000e+03	6.508231478287265226e-01	2.007390677020484335e-03	1.000000000000000000e+00	9.152039100000000000e+07
7.251000000000000000e+03	6.539182538860287552e-01	2.232335891583961396e-03	1.000000000000000000e+00	9.152040700000000000e+07
7.268000000000000000e+03	6.543081319410953833e-01	2.159202470886861878e-03	1.000000000000000000e+00	9.152042400000000000e+07
7.284000000000000000e+03	6.515254136473469515e-01	2.252907657131568084e-03	1.000000000000000000e+00	9.152044000000000000e+07
7.300000000000000000e+03	6.519835803524570705e-01	1.996536869626823387e-03	1.000000000000000000e+00	9.152045600000000000e+07
7.316000000000000000e+03	6.535291483647911459e-01	2.005782290843238173e-03	1.000000000000000000e+00	9.152047200000000000e+07
7.332000000000000000e+03	6.530981707451881668e-01	2.004696569436756684e-03	1.000000000000000000e+00	9.152048800000000000e+07
7.349000000000000000e+03	6.500175377116871323e-01	1.995879878376695914e-03	1.000000000000000000e+00	9.152050500000000000e+07
7.365000000000000000e+03	6.528450004752837099e-01	2.001520759798074839e-03	1.000000000000000000e+00	9.152052100000000000e+07
7.381000000000000000e+03	6.531685184781870213e-01	2.004570994601966114e-03	1.000000000000000000e+00	9.152053700000000000e+07
7.398000000000000000e+03	6.556324773132534700e-01	2.007257658844270511e-03	1.000000000000000000e+00	9.152055400000000000e+07
7.414000000000000000e+03	6.494422322346444787e-01	1.999973821139764633e-03	1.000000000000000000e+00	9.152057000000000000e+07
7.431000000000000000e+03	6.512899745818608865e-01	1.994473662365691888e-03	1.000000000000000000e+00	9.152058700000000000e+07
7.447000000000000000e+03	6.519376073583770248e-01	2.147048474662876637e-03	1.000000000000000000e+00	9.152060300000000000e+07
7.463000000000000000e+03	6.522648655910059379e-01	2.244820849657380279e-03	1.000000000000000000e+00	9.152061900000000000e+07
7.480000000000000000e+03	6.503270693514863199e-01	1.990360064317480641e-03	1.000000000000000000e+00	9.152063600000000000e+07
7.496000000000000000e+03	6.507332165255785839e-01	1.994611664097301323e-03	1.000000000000000000e+00	9.152065200000000000e+07
7.512000000000000000e+03	6.517359550886314690e-01	2.219559372425503919e-03	1.000000000000000000e+00	9.152066800000000000e+07
7.528000000000000000e+03	6.542346393209226285e-01	2.001020008319004395e-03	1.000000000000000000e+00	9.152068400000000000e+07
7.544000000000000000e+03	6.471408083207061956e-01	1.977582856972445562e-03	1.000000000000000000e+00	9.152070000000000000e+07
7.560000000000000000e+03	6.503148181430212782e-01	1.985197725936142972e-03	1.000000000000000000e+00	9.152071600000000000e+07
7.577000000000000000e+03	6.511927830059101030e-01	1.985955889363586867e-03	1.000000000000000000e+00	9.152073300000000000e+07
7.593000000000000000e+03	6.506762755443233903e-01	1.998138229030039723e-03	1.000000000000000000e+00	9.152074900000000000e+07
7.610000000000000000e+03	6.512103291967211716e-01	1.985969417707676796e-03	1.000000000000000000e+00	9.152076600000000000e+07
7.626000000000000000e+03	6.530621436437873406e-01	2.137655594977446241e-03	1.000000000000000000e+00	9.152078200000000000e+07
7.642000000000000000e+03	6.520333785357494971e-01	2.236292948681268926e-03	1.000000000000000000e+00	9.152079800000000000e+07
7.658000000000000000e+03	6.519828130744886874e-01	1.987280152626587706e-03	1.000000000000000000e+00	9.152081400000000000e+07
7.675000000000000000e+03	6.510247754877317439e-01	1.998294043192421279e-03	1.000000000000000000e+00	9.152083100000000000e+07
7.691000000000000000e+03	6.485340352193152968e-01	1.984325562973506679e-03	1.000000000000000000e+00	9.152084700000000000e+07
7.707000000000000000e+03	6.502674315492309454e-01	1.987825099155582538e-03	1.000000000000000000e+00	9.152086300000000000e+07
7.723000000000000000e+03	6.499852509854880944e-01	1.984700608890663416e-03	1.000000000000000000e+00	9.152087900000000000e+07
7.740000000000000000e+03	6.518882158347056865e-01	1.990007061117235639e-03	1.000000000000000000e+00	9.152089600000000000e+07
7.756000000000000000e+03	6.515578156356397477e-01	1.989818981033658792e-03	1.000000000000000000e+00	9.152091200000000000e+07
7.830000000000000000e+03	6.526076566420171421e-01	1.994099288063913046e-03	1.000000000000000000e+00	9.152098600000000000e+07
7.847000000000000000e+03	6.539235436860069139e-01	1.992515473002675480e-03	1.000000000000000000e+00	9.152100300000000000e+07
7.863000000000000000e+03	6.515308860286991299e-01	2.134640392751143822e-03	1.000000000000000000e+00	9.152101900000000000e+07
7.879000000000000000e+03	6.533268714900160035e-01	2.239874937743433457e-03	1.000000000000000000e+00	9.152103500000000000e+07
7.895000000000000000e+03	6.490242321699487560e-01	1.982193487700953990e-03	1.000000000000000000e+00	9.152105100000000000e+07
7.911000000000000000e+03	6.518353571552315540e-01	1.994796453448146722e-03	1.000000000000000000e+00	9.152106700000000000e+07
7.927000000000000000e+03	6.502842397057402302e-01	1.983738551260312653e-03	1.000000000000000000e+00	9.152108300000000000e+07
7.944000000000000000e+03	6.513070488995732488e-01	1.989794065206966587e-03	1.000000000000000000e+00	9.152110000000000000e+07
7.960000000000000000e+03	6.512120024391568895e-01	1.990838607159395660e-03	1.000000000000000000e+00	9.152111600000000000e+07
7.976000000000000000e+03	6.536694049906226489e-01	2.001075064218587642e-03	1.000000000000000000e+00	9.152113200000000000e+07
7.992000000000000000e+03	6.499840793718701937e-01	1.997161687629759458e-03	1.000000000000000000e+00	9.152114800000000000e+07
8.009000000000000000e+03	6.477331215831770850e-01	1.989205834652041892e-03	1.000000000000000000e+00	9.152116500000000000e+07
8.026000000000000000e+03	6.508907537353607609e-01	2.019469447459357192e-03	1.000000000000000000e+00	9.152118200000000000e+07
8.042000000000000000e+03	6.510033376027166696e-01	2.137131246693682422e-03	1.000000000000000000e+00	9.152119800000000000e+07
8.058000000000000000e+03	6.482869218282638624e-01	2.229237075914647197e-03	1.000000000000000000e+00	9.152121400000000000e+07
8.074000000000000000e+03	6.493178544228080940e-01	1.985375390845616882e-03	1.000000000000000000e+00	9.152123000000000000e+07
8.090000000000000000e+03	6.534313019516209131e-01	2.000259088411030124e-03	1.000000000000000000e+00	9.152124600000000000e+07
8.107000000000000000e+03	6.523099587160496871e-01	1.994975218757711125e-03	1.000000000000000000e+00	9.152126300000000000e+07
8.123000000000000000e+03	6.525437650772833997e-01	1.995828126338080894e-03	1.000000000000000000e+00	9.152127900000000000e+07
8.139000000000000000e+03	6.509936940945036943e-01	1.990178101621949136e-03	1.000000000000000000e+00	9.152129500000000000e+07
8.155000000000000000e+03	6.507737130006169268e-01	1.996811736444354096e-03	1.000000000000000000e+00	9.152131100000000000e+07
8.171000000000000000e+03	6.507052354785394233e-01	1.995927789496824024e-03	1.000000000000000000e+00	9.152132700000000000e+07
8.188000000000000000e+03	6.499293585431162867e-01	1.998752203040036948e-03	1.000000000000000000e+00	9.152134400000000000e+07
8.204000000000000000e+03	6.523613884877387248e-01	1.998356327239774518e-03	1.000000000000000000e+00	9.152136000000000000e+07
8.220000000000000000e+03	6.517917679654656737e-01	2.146891576060480731e-03	1.000000000000000000e+00	9.152137600000000000e+07
8.237000000000000000e+03	6.532861394983322523e-01	2.254693971283448523e-03	1.000000000000000000e+00	9.152139300000000000e+07
8.253000000000000000e+03	6.469210187177621973e-01	2.023710941540889270e-03	1.000000000000000000e+00	9.152140900000000000e+07
8.269000000000000000e+03	6.512625174808143180e-01	1.997163784850815998e-03	1.000000000000000000e+00	9.152142500000000000e+07
8.286000000000000000e+03	6.481107682025853967e-01	1.987625611174989333e-03	1.000000000000000000e+00	9.152144200000000000e+07
8.302000000000000000e+03	6.490375795141557491e-01	1.996144988770778839e-03	1.000000000000000000e+00	9.152145800000000000e+07
8.319000000000000000e+03	6.490655426270683925e-01	1.991846348008343304e-03	1.000000000000000000e+00	9.152147500000000000e+07
8.335000000000000000e+03	6.515651845570479272e-01	2.032580679068047864e-03	1.000000000000000000e+00	9.152149100000000000e+07
8.351000000000000000e+03	6.529760805697054638e-01	2.001782681109962395e-03	1.000000000000000000e+00	9.152150700000000000e+07
8.368000000000000000e+03	6.496509718710969938e-01	1.998069216549076300e-03	1.000000000000000000e+00	9.152152400000000000e+07
8.385000000000000000e+03	6.517950572402352316e-01	1.993786297332001897e-03	1.000000000000000000e+00	9.152154100000000000e+07
8.401000000000000000e+03	6.520718685353015243e-01	2.149180484909163705e-03	1.000000000000000000e+00	9.152155700000000000e+07
8.417000000000000000e+03	6.498320785591158444e-01	2.239424524304798637e-03	1.000000000000000000e+00	9.152157300000000000e+07
8.433000000000000000e+03	6.515682557129188757e-01	1.993174592874555340e-03	1.000000000000000000e+00	9.152158900000000000e+07
8.449000000000000000e+03	6.517807485031039683e-01	2.000809222599484946e-03	1.000000000000000000e+00	9.152160500000000000e+07
8.466000000000000000e+03	6.525971855701788726e-01	1.998811571356824777e-03	1.000000000000000000e+00	9.152162200000000000e+07
8.482000000000000000e+03	6.511725296674506502e-01	1.993379778619471833e-03	1.000000000000000000e+00	9.152163800000000000e+07
8.498000000000000000e+03	6.506847246444268373e-01	1.993545121458902177e-03	1.000000000000000000e+00	9.152165400000000000e+07
8.514000000000000000e+03	6.499070827253524696e-01	1.992140167573054708e-03	1.000000000000000000e+00	9.152167000000000000e+07
8.530000000000000000e+03	6.443727221844373076e-01	1.981951506025141519e-03	1.000000000000000000e+00	9.152168600000000000e+07
8.547000000000000000e+03	6.506013157480358133e-01	2.003686292835683402e-03	1.000000000000000000e+00	9.152170300000000000e+07
8.563000000000000000e+03	6.519350458891102207e-01	1.998505216556829573e-03	1.000000000000000000e+00	9.152171900000000000e+07
8.580000000000000000e+03	6.522987043726212741e-01	2.148227412015503695e-03	1.000000000000000000e+00	9.152173600000000000e+07
8.596000000000000000e+03	6.509056674210031979e-01	2.243658493463764579e-03	1.000000000000000000e+00	9.152175200000000000e+07
8.612000000000000000e+03	6.479089129042824302e-01	1.987560395992304246e-03	1.000000000000000000e+00	9.152176800000000000e+07
8.628000000000000000e+03	6.503470534164352834e-01	1.994095195388729917e-03	1.000000000000000000e+00	9.152178400000000000e+07
8.645000000000000000e+03	6.525441830446767622e-01	2.007927026019568073e-03	1.000000000000000000e+00	9.152180100000000000e+07
8.661000000000000000e+03	6.495926392886675060e-01	1.992834602438500313e-03	1.000000000000000000e+00	9.152181700000000000e+07
8.677000000000000000e+03	6.475450780961405917e-01	1.985288898713229253e-03	1.000000000000000000e+00	9.152183300000000000e+07
8.694000000000000000e+03	6.521739046609507096e-01	1.995162992211762815e-03	1.000000000000000000e+00	9.152185000000000000e+07
8.710000000000000000e+03	6.521916066225416087e-01	1.996357970041098915e-03	1.000000000000000000e+00	9.152186600000000000e+07
8.729000000000000000e+03	6.526083918026993613e-01	2.001968249382265509e-03	1.000000000000000000e+00	9.152188500000000000e+07
8.746000000000000000e+03	6.516416815824777053e-01	1.992678209237257192e-03	1.000000000000000000e+00	9.152190200000000000e+07
8.762000000000000000e+03	6.514286583576647249e-01	2.144841423255305132e-03	1.000000000000000000e+00	9.152191800000000000e+07
8.778000000000000000e+03	6.487696730978738113e-01	2.237479403050743505e-03	1.000000000000000000e+00	9.152193400000000000e+07
8.794000000000000000e+03	6.508186177644857962e-01	1.996999889969989367e-03	1.000000000000000000e+00	9.152195000000000000e+07
8.811000000000000000e+03	6.525557320540475992e-01	1.997391551044632070e-03	1.000000000000000000e+00	9.152196700000000000e+07
8.827000000000000000e+03	6.505154295608607251e-01	1.991656086319365353e-03	1.000000000000000000e+00	9.152198300000000000e+07
8.843000000000000000e+03	6.523300062820867051e-01	2.002110170083752725e-03	1.000000000000000000e+00	9.152199900000000000e+07
8.860000000000000000e+03	6.478645085674303861e-01	1.986125209118589242e-03	1.000000000000000000e+00	9.152201600000000000e+07
8.876000000000000000e+03	6.536141112061554237e-01	2.008938209635248873e-03	1.000000000000000000e+00	9.152203200000000000e+07
8.892000000000000000e+03	6.498115019645405166e-01	2.023038389138909470e-03	1.000000000000000000e+00	9.152204800000000000e+07
8.909000000000000000e+03	6.495018071779277147e-01	1.999885213559459470e-03	1.000000000000000000e+00	9.152206500000000000e+07
8.925000000000000000e+03	6.528478255213957526e-01	1.997306195248230252e-03	1.000000000000000000e+00	9.152208100000000000e+07
8.941000000000000000e+03	6.525258234060039575e-01	2.152762251505207624e-03	1.000000000000000000e+00	9.152209700000000000e+07
8.957000000000000000e+03	6.504215296869914065e-01	2.243001571410691009e-03	1.000000000000000000e+00	9.152211300000000000e+07
8.974000000000000000e+03	6.492553827027719437e-01	1.989595195169818493e-03	1.000000000000000000e+00	9.152213000000000000e+07
8.990000000000000000e+03	6.518225986002589289e-01	1.999909623979529739e-03	1.000000000000000000e+00	9.152214600000000000e+07
9.006000000000000000e+03	6.510395790946625905e-01	2.000316219393748641e-03	1.000000000000000000e+00	9.152216200000000000e+07
9.022000000000000000e+03	6.514024485952011334e-01	1.998676856917952840e-03	1.000000000000000000e+00	9.152217800000000000e+07
9.039000000000000000e+03	6.463882916953770374e-01	1.992421568069861846e-03	1.000000000000000000e+00	9.152219500000000000e+07
9.055000000000000000e+03	6.518194545507525195e-01	1.998206333187585362e-03	1.000000000000000000e+00	9.152221100000000000e+07
9.071000000000000000e+03	6.519621920899305589e-01	2.004747525800880566e-03	1.000000000000000000e+00	9.152222700000000000e+07
9.088000000000000000e+03	6.503126520701502100e-01	2.003966845617496852e-03	1.000000000000000000e+00	9.152224400000000000e+07
9.104000000000000000e+03	6.497871000484265469e-01	1.996510227107309906e-03	1.000000000000000000e+00	9.152226000000000000e+07
9.121000000000000000e+03	6.506106969571406884e-01	2.144044900289502134e-03	1.000000000000000000e+00	9.152227700000000000e+07
9.137000000000000000e+03	6.504145008772841408e-01	2.246427543514537255e-03	1.000000000000000000e+00	9.152229300000000000e+07
9.153000000000000000e+03	6.493332985077820974e-01	2.013576765666935230e-03	1.000000000000000000e+00	9.152230900000000000e+07
9.169000000000000000e+03	6.538915954533783825e-01	2.004245852222722498e-03	1.000000000000000000e+00	9.152232500000000000e+07
9.186000000000000000e+03	6.526698276689510969e-01	1.998819816251557000e-03	1.000000000000000000e+00	9.152234200000000000e+07
9.201000000000000000e+03	6.505395727309528642e-01	1.996081683863767508e-03	1.000000000000000000e+00	9.152235700000000000e+07
9.218000000000000000e+03	6.492927111311916910e-01	1.993401254746472728e-03	1.000000000000000000e+00	9.152237400000000000e+07
9.234000000000000000e+03	6.490470776573453726e-01	1.995280523258036176e-03	1.000000000000000000e+00	9.152239000000000000e+07
9.251000000000000000e+03	6.492581530772438825e-01	1.990949143807639078e-03	1.000000000000000000e+00	9.152240700000000000e+07
9.268000000000000000e+03	6.478919208793186835e-01	1.996154898839034870e-03	1.000000000000000000e+00	9.152242400000000000e+07
9.284000000000000000e+03	6.515842696488474139e-01	1.998788927529961731e-03	1.000000000000000000e+00	9.152244000000000000e+07
9.300000000000000000e+03	6.528037362294326629e-01	2.151015674900545651e-03	1.000000000000000000e+00	9.152245600000000000e+07
9.316000000000000000e+03	6.522163810268333251e-01	2.257167386464391766e-03	1.000000000000000000e+00	9.152247200000000000e+07
9.332000000000000000e+03	6.477838973092996389e-01	1.990155943767024996e-03	1.000000000000000000e+00	9.152248800000000000e+07
9.349000000000000000e+03	6.487286438305160940e-01	1.994588577884845275e-03	1.000000000000000000e+00	9.152250500000000000e+07
9.365000000000000000e+03	6.494039578190781148e-01	1.995056639796122157e-03	1.000000000000000000e+00	9.152252100000000000e+07
9.381000000000000000e+03	6.508193363162890765e-01	2.000485506540902302e-03	1.000000000000000000e+00	9.152253700000000000e+07
9.397000000000000000e+03	6.491772430438140784e-01	1.993326791628006328e-03	1.000000000000000000e+00	9.152255300000000000e+07
9.413000000000000000e+03	6.506478103533975821e-01	1.998686029472535475e-03	1.000000000000000000e+00	9.152256900000000000e+07
9.430000000000000000e+03	6.516719872394488577e-01	1.998683125847131557e-03	1.000000000000000000e+00	9.152258600000000000e+07
9.447000000000000000e+03	6.535489102657610072e-01	2.011793558350904142e-03	1.000000000000000000e+00	9.152260300000000000e+07
9.463000000000000000e+03	6.529898178953440491e-01	2.007390273713223483e-03	1.000000000000000000e+00	9.152261900000000000e+07
9.479000000000000000e+03	6.491643247354719204e-01	2.142956989140396874e-03	1.000000000000000000e+00	9.152263500000000000e+07
9.495000000000000000e+03	6.514702286297633371e-01	2.250119520184569542e-03	1.000000000000000000e+00	9.152265100000000000e+07
9.512000000000000000e+03	6.459491664197510863e-01	1.987713179070653164e-03	1.000000000000000000e+00	9.152266800000000000e+07
9.528000000000000000e+03	6.546065239844888195e-01	2.009142776903305363e-03	1.000000000000000000e+00	9.152268400000000000e+07
9.544000000000000000e+03	6.511371051040144575e-01	2.003444113021892251e-03	1.000000000000000000e+00	9.152270000000000000e+07
9.561000000000000000e+03	6.515678666818419673e-01	2.005194372551729991e-03	1.000000000000000000e+00	9.152271700000000000e+07
9.577000000000000000e+03	6.520365132177039502e-01	2.007091996076148990e-03	1.000000000000000000e+00	9.152273300000000000e+07
9.593000000000000000e+03	6.500409724356618346e-01	2.001897013386601601e-03	1.000000000000000000e+00	9.152274900000000000e+07
9.609000000000000000e+03	6.471007862158759671e-01	1.996526010615887279e-03	1.000000000000000000e+00	9.152276500000000000e+07
9.683000000000000000e+03	6.533621109006432226e-01	2.017949453699263273e-03	1.000000000000000000e+00	9.152283900000000000e+07
9.700000000000000000e+03	6.502793538274040941e-01	2.001566931207154117e-03	1.000000000000000000e+00	9.152285600000000000e+07
9.716000000000000000e+03	6.506970162829596172e-01	2.149900289864767767e-03	1.000000000000000000e+00	9.152287200000000000e+07
9.732000000000000000e+03	6.498147738310505739e-01	2.245038884577127240e-03	1.000000000000000000e+00	9.152288800000000000e+07
9.748000000000000000e+03	6.502514371252491321e-01	1.996396726584342279e-03	1.000000000000000000e+00	9.152290400000000000e+07
9.765000000000000000e+03	6.531051826324996146e-01	2.005106596186371961e-03	1.000000000000000000e+00	9.152292100000000000e+07
9.781000000000000000e+03	6.484895369655226949e-01	2.000004660607334565e-03	1.000000000000000000e+00	9.152293700000000000e+07
9.797000000000000000e+03	6.542463361965852320e-01	2.008890057771548984e-03	1.000000000000000000e+00	9.152295300000000000e+07
9.813000000000000000e+03	6.470417711495340951e-01	1.993050635025761259e-03	1.000000000000000000e+00	9.152296900000000000e+07
9.830000000000000000e+03	6.510897392917396331e-01	2.001347554581291155e-03	1.000000000000000000e+00	9.152298600000000000e+07
9.846000000000000000e+03	6.516669619002760649e-01	2.005226343981461948e-03	1.000000000000000000e+00	9.152300200000000000e+07
9.863000000000000000e+03	6.491516543987161381e-01	2.003975430497998214e-03	1.000000000000000000e+00	9.152301900000000000e+07
9.879000000000000000e+03	6.514470528166249608e-01	2.007466776449242860e-03	1.000000000000000000e+00	9.152303500000000000e+07
9.895000000000000000e+03	6.502816876137302859e-01	2.153325940793824993e-03	1.000000000000000000e+00	9.152305100000000000e+07
9.911000000000000000e+03	6.526680638419868341e-01	2.289310057367986793e-03	1.000000000000000000e+00	9.152306700000000000e+07
9.927000000000000000e+03	6.493177115766471941e-01	2.313018747787403198e-03	1.000000000000000000e+00	9.152308300000000000e+07
9.944000000000000000e+03	6.494882727317594640e-01	1.997564928605993165e-03	1.000000000000000000e+00	9.152310000000000000e+07
9.960000000000000000e+03	6.496472072269706688e-01	1.998842640222583088e-03	1.000000000000000000e+00	9.152311600000000000e+07
9.976000000000000000e+03	6.520597926812112810e-01	2.003856534740046554e-03	1.000000000000000000e+00	9.152313200000000000e+07
9.992000000000000000e+03	6.492923670231893762e-01	1.997443190121578425e-03	1.000000000000000000e+00	9.152314800000000000e+07
1.000900000000000000e+04	6.528918452193392952e-01	2.002369947301321524e-03	1.000000000000000000e+00	9.152316500000000000e+07
1.002500000000000000e+04	6.502608859180540879e-01	2.000471834153687723e-03	1.000000000000000000e+00	9.152318100000000000e+07
1.004200000000000000e+04	6.516372484364113538e-01	2.006752284829256203e-03	1.000000000000000000e+00	9.152319800000000000e+07
1.005800000000000000e+04	6.529281651075381498e-01	2.005316797802322946e-03	1.000000000000000000e+00	9.152321400000000000e+07
1.007400000000000000e+04	6.506822446396809401e-01	2.149032157869418432e-03	1.000000000000000000e+00	9.152323000000000000e+07
1.009000000000000000e+04	6.488966734931919111e-01	2.248050624094187922e-03	1.000000000000000000e+00	9.152324600000000000e+07
1.010700000000000000e+04	6.499030133844637680e-01	2.003774529605073604e-03	1.000000000000000000e+00	9.152326300000000000e+07
1.012300000000000000e+04	6.514631813095891344e-01	2.008722085455008199e-03	1.000000000000000000e+00	9.152327900000000000e+07
1.014000000000000000e+04	6.504698378207767195e-01	2.001566885698602763e-03	1.000000000000000000e+00	9.152329600000000000e+07
1.015600000000000000e+04	6.533513900402156960e-01	2.007364441029750243e-03	1.000000000000000000e+00	9.152331200000000000e+07
1.017200000000000000e+04	6.490403100721069407e-01	2.023119829533697248e-03	1.000000000000000000e+00	9.152332800000000000e+07
1.018800000000000000e+04	6.507849011526551930e-01	2.005438151582439755e-03	1.000000000000000000e+00	9.152334400000000000e+07
1.020500000000000000e+04	6.474477683989490195e-01	1.999277015660555143e-03	1.000000000000000000e+00	9.152336100000000000e+07
1.022200000000000000e+04	6.509998850112292956e-01	2.011638337064861320e-03	1.000000000000000000e+00	9.152337800000000000e+07
1.023800000000000000e+04	6.519558961987109713e-01	2.001612646490309039e-03	1.000000000000000000e+00	9.152339400000000000e+07
1.025400000000000000e+04	6.523832367759951900e-01	2.155408848825977539e-03	1.000000000000000000e+00	9.152341000000000000e+07
1.027000000000000000e+04	6.527672045408989820e-01	2.252561231931200954e-03	1.000000000000000000e+00	9.152342600000000000e+07
1.028700000000000000e+04	6.472754852283773008e-01	1.991313860806353912e-03	1.000000000000000000e+00	9.152344300000000000e+07
1.030300000000000000e+04	6.522917410662797399e-01	2.011626591380910687e-03	1.000000000000000000e+00	9.152345900000000000e+07
1.031900000000000000e+04	6.507402399978418073e-01	2.009353436998386876e-03	1.000000000000000000e+00	9.152347500000000000e+07
1.033600000000000000e+04	6.499350033041833008e-01	2.007664330246410663e-03	1.000000000000000000e+00	9.152349200000000000e+07
1.035200000000000000e+04	6.512167160348095729e-01	2.006420950151352640e-03	1.000000000000000000e+00	9.152350800000000000e+07
1.036800000000000000e+04	6.497232722080040768e-01	2.016830671165105535e-03	1.000000000000000000e+00	9.152352400000000000e+07
1.038400000000000000e+04	6.497967047227625192e-01	2.010248106459208272e-03	1.000000000000000000e+00	9.152354000000000000e+07
1.040100000000000000e+04	6.511501212401514804e-01	2.010002846473255955e-03	1.000000000000000000e+00	9.152355700000000000e+07
1.041800000000000000e+04	6.517392573278791845e-01	2.007182806913735199e-03	1.000000000000000000e+00	9.152357400000000000e+07
1.043400000000000000e+04	6.500746770176752953e-01	2.149059160521730062e-03	1.000000000000000000e+00	9.152359000000000000e+07
1.045000000000000000e+04	6.520754342406435144e-01	2.256202253392015824e-03	1.000000000000000000e+00	9.152360600000000000e+07
1.046600000000000000e+04	6.503803393048258608e-01	2.004151961730161243e-03	1.000000000000000000e+00	9.152362200000000000e+07
1.048200000000000000e+04	6.500204579147823569e-01	2.004538069923605254e-03	1.000000000000000000e+00	9.152363800000000000e+07
1.049900000000000000e+04	6.528966151434282272e-01	2.012837966082753251e-03	1.000000000000000000e+00	9.152365500000000000e+07
1.051500000000000000e+04	6.514207943499316089e-01	2.004375693673579595e-03	1.000000000000000000e+00	9.152367100000000000e+07
1.053100000000000000e+04	6.517445033825897127e-01	2.005534922047375740e-03	1.000000000000000000e+00	9.152368700000000000e+07
1.054700000000000000e+04	6.504025119647282027e-01	2.007531411568179176e-03	1.000000000000000000e+00	9.152370300000000000e+07
1.056300000000000000e+04	6.486668204951502315e-01	2.000733427286714456e-03	1.000000000000000000e+00	9.152371900000000000e+07
1.058300000000000000e+04	6.541363173350949189e-01	2.016285150528318582e-03	1.000000000000000000e+00	9.152373900000000000e+07
1.059900000000000000e+04	6.501968852538383414e-01	2.002896765846503505e-03	1.000000000000000000e+00	9.152375500000000000e+07
1.061600000000000000e+04	6.503717066705595462e-01	2.152913638939553398e-03	1.000000000000000000e+00	9.152377200000000000e+07
1.063200000000000000e+04	6.530720589155042388e-01	2.255596410792421683e-03	1.000000000000000000e+00	9.152378800000000000e+07
1.064800000000000000e+04	6.535720284661262758e-01	2.006112029683438866e-03	1.000000000000000000e+00	9.152380400000000000e+07
1.066400000000000000e+04	6.504115617538275274e-01	2.013073023706107162e-03	1.000000000000000000e+00	9.152382000000000000e+07
1.068100000000000000e+04	6.479421529671897106e-01	2.000146286933204148e-03	1.000000000000000000e+00	9.152383700000000000e+07
1.069700000000000000e+04	6.515095653700155864e-01	2.013281873960224514e-03	1.000000000000000000e+00	9.152385300000000000e+07
1.071400000000000000e+04	6.503840191567291651e-01	2.025334125694703506e-03	1.000000000000000000e+00	9.152387000000000000e+07
1.073000000000000000e+04	6.518740070331513481e-01	2.004376447058853032e-03	1.000000000000000000e+00	9.152388600000000000e+07
1.074600000000000000e+04	6.521799658720576209e-01	2.006334394230023434e-03	1.000000000000000000e+00	9.152390200000000000e+07
1.076300000000000000e+04	6.551209011074956567e-01	2.017969064074985868e-03	1.000000000000000000e+00	9.152391900000000000e+07
1.077900000000000000e+04	6.470631998219331660e-01	2.000038002281847443e-03	1.000000000000000000e+00	9.152393500000000000e+07
1.079500000000000000e+04	6.510503530707731912e-01	2.152329521875677790e-03	1.000000000000000000e+00	9.152395100000000000e+07
1.081100000000000000e+04	6.501573870118756426e-01	2.250167071250117317e-03	1.000000000000000000e+00	9.152396700000000000e+07
1.082700000000000000e+04	6.470672958695142807e-01	1.989958564068616473e-03	1.000000000000000000e+00	9.152398300000000000e+07
1.084400000000000000e+04	6.521848441314432865e-01	2.007523913467269914e-03	1.000000000000000000e+00	9.152400000000000000e+07
1.086000000000000000e+04	6.519613569889735061e-01	2.000180850697224309e-03	1.000000000000000000e+00	9.152401600000000000e+07
1.087700000000000000e+04	6.529340428047908373e-01	2.007320303129012280e-03	1.000000000000000000e+00	9.152403300000000000e+07
1.089300000000000000e+04	6.477576458989917629e-01	2.001083312845488953e-03	1.000000000000000000e+00	9.152404900000000000e+07
1.090900000000000000e+04	6.495786118652010499e-01	2.000751610053318457e-03	1.000000000000000000e+00	9.152406500000000000e+07
1.092500000000000000e+04	6.497158349852019121e-01	1.999605349990241435e-03	1.000000000000000000e+00	9.152408100000000000e+07
1.094200000000000000e+04	6.516211808536294114e-01	2.016132035552288451e-03	1.000000000000000000e+00	9.152409800000000000e+07
1.095800000000000000e+04	6.517799922763271026e-01	2.005039710388996019e-03	1.000000000000000000e+00	9.152411400000000000e+07
1.097500000000000000e+04	6.534255864793998558e-01	2.154800450202395447e-03	1.000000000000000000e+00	9.152413100000000000e+07
1.099100000000000000e+04	6.513825382148935583e-01	2.250244659567547049e-03	1.000000000000000000e+00	9.152414700000000000e+07
1.100700000000000000e+04	6.518444517677591810e-01	1.999865028599868977e-03	1.000000000000000000e+00	9.152416300000000000e+07
1.102300000000000000e+04	6.514871017301174794e-01	2.009468989861081488e-03	1.000000000000000000e+00	9.152417900000000000e+07
1.103900000000000000e+04	6.515754351088293150e-01	2.005390730524800932e-03	1.000000000000000000e+00	9.152419500000000000e+07
1.105600000000000000e+04	6.500219024872490037e-01	2.005113317652076725e-03	1.000000000000000000e+00	9.152421200000000000e+07
1.107200000000000000e+04	6.489720457309205992e-01	2.027803581865553467e-03	1.000000000000000000e+00	9.152422800000000000e+07
1.108800000000000000e+04	6.528107513792383854e-01	2.003736118634592053e-03	1.000000000000000000e+00	9.152424400000000000e+07
1.110400000000000000e+04	6.521101801705730949e-01	2.002562324871707058e-03	1.000000000000000000e+00	9.152426000000000000e+07
1.112100000000000000e+04	6.541018101126153672e-01	2.016303917051208514e-03	1.000000000000000000e+00	9.152427700000000000e+07
1.113700000000000000e+04	6.516011618299243358e-01	2.001949730776718915e-03	1.000000000000000000e+00	9.152429300000000000e+07
1.115400000000000000e+04	6.501393981072729478e-01	2.151910171431128341e-03	1.000000000000000000e+00	9.152431000000000000e+07
1.117000000000000000e+04	6.522704459141041022e-01	2.252636046214122941e-03	1.000000000000000000e+00	9.152432600000000000e+07
1.118600000000000000e+04	6.489663099992347695e-01	1.995848522765077473e-03	1.000000000000000000e+00	9.152434200000000000e+07
1.120300000000000000e+04	6.528060475791191974e-01	2.007882189026314896e-03	1.000000000000000000e+00	9.152435900000000000e+07
1.121900000000000000e+04	6.532306329408777978e-01	2.010557667030215840e-03	1.000000000000000000e+00	9.152437500000000000e+07
1.123500000000000000e+04	6.564119832397206089e-01	2.024030019396761554e-03	1.000000000000000000e+00	9.152439100000000000e+07
1.125100000000000000e+04	6.476803446793693020e-01	2.000904787100039623e-03	1.000000000000000000e+00	9.152440700000000000e+07
1.126800000000000000e+04	6.515196538312112429e-01	2.008459485622008951e-03	1.000000000000000000e+00	9.152442400000000000e+07
1.128400000000000000e+04	6.475884379526419821e-01	2.000297694806314752e-03	1.000000000000000000e+00	9.152444000000000000e+07
1.130100000000000000e+04	6.515546768623740048e-01	2.017107604982895565e-03	1.000000000000000000e+00	9.152445700000000000e+07
1.131700000000000000e+04	6.495735234230559652e-01	2.007192901988393788e-03	1.000000000000000000e+00	9.152447300000000000e+07
1.133300000000000000e+04	6.539971670672987125e-01	2.160309403508206463e-03	1.000000000000000000e+00	9.152448900000000000e+07
1.134900000000000000e+04	6.540985910827629146e-01	2.261709443611340138e-03	1.000000000000000000e+00	9.152450500000000000e+07
1.136600000000000000e+04	6.502473435726153772e-01	2.001791831480915097e-03	1.000000000000000000e+00	9.152452200000000000e+07
1.138200000000000000e+04	6.497223025012717201e-01	2.007806497001747483e-03	1.000000000000000000e+00	9.152453800000000000e+07
1.139800000000000000e+04	6.500186533097841446e-01	2.001241498578882564e-03	1.000000000000000000e+00	9.152455400000000000e+07
1.141400000000000000e+04	6.507507174116665682e-01	2.012342643635356247e-03	1.000000000000000000e+00	9.152457000000000000e+07
1.143100000000000000e+04	6.541810209986368418e-01	2.011141801692457355e-03	1.000000000000000000e+00	9.152458700000000000e+07
1.144700000000000000e+04	6.506165861479735746e-01	2.010907722534597403e-03	1.000000000000000000e+00	9.152460300000000000e+07
1.146300000000000000e+04	6.492509464036931854e-01	2.007885283707996384e-03	1.000000000000000000e+00	9.152461900000000000e+07
1.153800000000000000e+04	6.503113595444890427e-01	2.020898652352704546e-03	1.000000000000000000e+00	9.152469400000000000e+07
1.155400000000000000e+04	6.524824425868820388e-01	2.014430882392575888e-03	1.000000000000000000e+00	9.152471000000000000e+07
1.157000000000000000e+04	6.528797238387440416e-01	2.161162996345010728e-03	1.000000000000000000e+00	9.152472600000000000e+07
1.158600000000000000e+04	6.520532855958196539e-01	2.255149488264041741e-03	1.000000000000000000e+00	9.152474200000000000e+07
1.160200000000000000e+04	6.512725345579561953e-01	2.007919612464775447e-03	1.000000000000000000e+00	9.152475800000000000e+07
1.161900000000000000e+04	6.473854065835754623e-01	2.003552085540739880e-03	1.000000000000000000e+00	9.152477500000000000e+07
1.163500000000000000e+04	6.512504809213118806e-01	2.009345084004182137e-03	1.000000000000000000e+00	9.152479100000000000e+07
1.165100000000000000e+04	6.531881374620638336e-01	2.018515976777259142e-03	1.000000000000000000e+00	9.152480700000000000e+07
1.166800000000000000e+04	6.533792849373394329e-01	2.012622030048619344e-03	1.000000000000000000e+00	9.152482400000000000e+07
1.168400000000000000e+04	6.501223175501615881e-01	2.007494632067163224e-03	1.000000000000000000e+00	9.152484000000000000e+07
1.170100000000000000e+04	6.509075134407013019e-01	2.016682367835383790e-03	1.000000000000000000e+00	9.152485700000000000e+07
1.171700000000000000e+04	6.517019407661849284e-01	2.013081992126658070e-03	1.000000000000000000e+00	9.152487300000000000e+07
1.173400000000000000e+04	6.473102331452497138e-01	1.999830832696708211e-03	1.000000000000000000e+00	9.152489000000000000e+07
1.175000000000000000e+04	6.515037256207628635e-01	2.157171988398270610e-03	1.000000000000000000e+00	9.152490600000000000e+07
1.176600000000000000e+04	6.512247161196720313e-01	2.260509190670946435e-03	1.000000000000000000e+00	9.152492200000000000e+07
1.178200000000000000e+04	6.491934870320348328e-01	2.000146052266008317e-03	1.000000000000000000e+00	9.152493800000000000e+07
1.179900000000000000e+04	6.484177273687324883e-01	2.001562302044801196e-03	1.000000000000000000e+00	9.152495500000000000e+07
1.181500000000000000e+04	6.521229596286017838e-01	2.002051875116850430e-03	1.000000000000000000e+00	9.152497100000000000e+07
1.183200000000000000e+04	6.522651895979886261e-01	2.012763968614495348e-03	1.000000000000000000e+00	9.152498800000000000e+07
1.184800000000000000e+04	6.513390195445200037e-01	2.004478143663720319e-03	1.000000000000000000e+00	9.152500400000000000e+07
1.186400000000000000e+04	6.503092025400613041e-01	1.998721728511662632e-03	1.000000000000000000e+00	9.152502000000000000e+07
1.188000000000000000e+04	6.490510271036470380e-01	1.995715381248694843e-03	1.000000000000000000e+00	9.152503600000000000e+07
1.189700000000000000e+04	6.528960325146475618e-01	2.010530624496570731e-03	1.000000000000000000e+00	9.152505300000000000e+07
1.191300000000000000e+04	6.533862320119235845e-01	2.008537265334666040e-03	1.000000000000000000e+00	9.152506900000000000e+07
1.193000000000000000e+04	6.511187204826881514e-01	2.153027229580206908e-03	1.000000000000000000e+00	9.152508600000000000e+07
1.194600000000000000e+04	6.531789444622526641e-01	2.259655825499038220e-03	1.000000000000000000e+00	9.152510200000000000e+07
1.196200000000000000e+04	6.491566621916901036e-01	2.004177551877996642e-03	1.000000000000000000e+00	9.152511800000000000e+07
1.197800000000000000e+04	6.507895871117838071e-01	2.024524331177840562e-03	1.000000000000000000e+00	9.152513400000000000e+07
1.199500000000000000e+04	6.509949333352864631e-01	2.005774981774976519e-03	1.000000000000000000e+00	9.152515100000000000e+07
1.201100000000000000e+04	6.498835045156248214e-01	2.001044309643141856e-03	1.000000000000000000e+00	9.152516700000000000e+07
1.202700000000000000e+04	6.486959500529362321e-01	2.002513720192482510e-03	1.000000000000000000e+00	9.152518300000000000e+07
1.204300000000000000e+04	6.507324243346093162e-01	2.008146277695137000e-03	1.000000000000000000e+00	9.152519900000000000e+07
1.205900000000000000e+04	6.503643991980035954e-01	1.999230583880537079e-03	1.000000000000000000e+00	9.152521500000000000e+07
1.207600000000000000e+04	6.519176719632455708e-01	2.009034803808096292e-03	1.000000000000000000e+00	9.152523200000000000e+07
1.209200000000000000e+04	6.531981905198794847e-01	2.010724159677556525e-03	1.000000000000000000e+00	9.152524800000000000e+07
1.210900000000000000e+04	6.482636934282707264e-01	2.139642107456806667e-03	1.000000000000000000e+00	9.152526500000000000e+07
1.212500000000000000e+04	6.513023113940924480e-01	2.252927397966850501e-03	1.000000000000000000e+00	9.152528100000000000e+07
1.214100000000000000e+04	6.488983303737214658e-01	1.994679456274737681e-03	1.000000000000000000e+00	9.152529700000000000e+07
1.215800000000000000e+04	6.499801391502278980e-01	2.004777754453676303e-03	1.000000000000000000e+00	9.152531400000000000e+07
1.217400000000000000e+04	6.478848990239066685e-01	1.993711850314601290e-03	1.000000000000000000e+00	9.152533000000000000e+07
1.219000000000000000e+04	6.490603509984603781e-01	1.998505938220406994e-03	1.000000000000000000e+00	9.152534600000000000e+07
1.220600000000000000e+04	6.500408660720500276e-01	1.998455740803528873e-03	1.000000000000000000e+00	9.152536200000000000e+07
1.222200000000000000e+04	6.497386479740927534e-01	1.998041474970564495e-03	1.000000000000000000e+00	9.152537800000000000e+07
1.223900000000000000e+04	6.529012240852122284e-01	2.004364595724114802e-03	1.000000000000000000e+00	9.152539500000000000e+07
1.225600000000000000e+04	6.519148412831602402e-01	2.036092002569212401e-03	1.000000000000000000e+00	9.152541200000000000e+07
1.227200000000000000e+04	6.509164227245888279e-01	1.995894601611711630e-03	1.000000000000000000e+00	9.152542800000000000e+07
1.228800000000000000e+04	6.508303820247079985e-01	2.146369553627682294e-03	1.000000000000000000e+00	9.152544400000000000e+07
1.230400000000000000e+04	6.503734691803644274e-01	2.245478010642495536e-03	1.000000000000000000e+00	9.152546000000000000e+07
1.232100000000000000e+04	6.509135347260878168e-01	2.004144202052177311e-03	1.000000000000000000e+00	9.152547700000000000e+07
1.233700000000000000e+04	6.538151255409255791e-01	2.009610521480638835e-03	1.000000000000000000e+00	9.152549300000000000e+07
1.235300000000000000e+04	6.497619618506611516e-01	1.996094131132707464e-03	1.000000000000000000e+00	9.152550900000000000e+07
1.236900000000000000e+04	6.507307472630321499e-01	1.999408652920073737e-03	1.000000000000000000e+00	9.152552500000000000e+07
1.238500000000000000e+04	6.497037295271861357e-01	1.994786802525945566e-03	1.000000000000000000e+00	9.152554100000000000e+07
1.240200000000000000e+04	6.485868696350578499e-01	1.995731172564171874e-03	1.000000000000000000e+00	9.152555800000000000e+07
1.241800000000000000e+04	6.509098283162949583e-01	1.998891062044967724e-03	1.000000000000000000e+00	9.152557400000000000e+07
1.249300000000000000e+04	6.503317340092427123e-01	2.013194321268383258e-03	1.000000000000000000e+00	9.152564900000000000e+07
1.250900000000000000e+04	6.496894665538555103e-01	1.998535324898869162e-03	1.000000000000000000e+00	9.152566500000000000e+07
1.252500000000000000e+04	6.523261223832893529e-01	2.151523385240076188e-03	1.000000000000000000e+00	9.152568100000000000e+07
1.254100000000000000e+04	6.511399494369137786e-01	2.252545225638697725e-03	1.000000000000000000e+00	9.152569700000000000e+07
1.255700000000000000e+04	6.510938105861060476e-01	1.999149955739844015e-03	1.000000000000000000e+00	9.152571300000000000e+07
1.257400000000000000e+04	6.534909916375413186e-01	2.011520532185381849e-03	1.000000000000000000e+00	9.152573000000000000e+07
1.259000000000000000e+04	6.486388486886491833e-01	2.002836198630644077e-03	1.000000000000000000e+00	9.152574600000000000e+07
1.260600000000000000e+04	6.513476830310623855e-01	2.004991527215552270e-03	1.000000000000000000e+00	9.152576200000000000e+07
1.262300000000000000e+04	6.501015110966129606e-01	1.999840124948764133e-03	1.000000000000000000e+00	9.152577900000000000e+07
1.263900000000000000e+04	6.506273589102765653e-01	2.003152523123189963e-03	1.000000000000000000e+00	9.152579500000000000e+07
1.265600000000000000e+04	6.503942310866116516e-01	2.005197811503293612e-03	1.000000000000000000e+00	9.152581200000000000e+07
1.267200000000000000e+04	6.533561047634827146e-01	2.038683050371322032e-03	1.000000000000000000e+00	9.152582800000000000e+07
1.268900000000000000e+04	6.518447105080992232e-01	2.004841811607484172e-03	1.000000000000000000e+00	9.152584500000000000e+07
1.270500000000000000e+04	6.484367773735859597e-01	2.149310990642275872e-03	1.000000000000000000e+00	9.152586100000000000e+07
1.272100000000000000e+04	6.497394885266680742e-01	2.252605553122873864e-03	1.000000000000000000e+00	9.152587700000000000e+07
1.273700000000000000e+04	6.495003678401746194e-01	2.003809668753974132e-03	1.000000000000000000e+00	9.152589300000000000e+07
1.275400000000000000e+04	6.504696372577473129e-01	2.015962086992900346e-03	1.000000000000000000e+00	9.152591000000000000e+07
1.277000000000000000e+04	6.503252501113743200e-01	2.005026710018151075e-03	1.000000000000000000e+00	9.152592600000000000e+07
1.278600000000000000e+04	6.490766434196992840e-01	2.006053882107870084e-03	1.000000000000000000e+00	9.152594200000000000e+07
1.280300000000000000e+04	6.539276495613577378e-01	2.020632709315781095e-03	1.000000000000000000e+00	9.152595900000000000e+07
1.281900000000000000e+04	6.510751034971763440e-01	2.019829426859754903e-03	1.000000000000000000e+00	9.152597500000000000e+07
1.283500000000000000e+04	6.507851169245211231e-01	2.009111007908689819e-03	1.000000000000000000e+00	9.152599100000000000e+07
1.285200000000000000e+04	6.514418892615664314e-01	2.019443431530558355e-03	1.000000000000000000e+00	9.152600800000000000e+07
1.286800000000000000e+04	6.487107556880087333e-01	2.007688011121138826e-03	1.000000000000000000e+00	9.152602400000000000e+07
1.288400000000000000e+04	6.524945592577948705e-01	2.175992894246657917e-03	1.000000000000000000e+00	9.152604000000000000e+07
1.290000000000000000e+04	6.517728201030370538e-01	2.259362090256255597e-03	1.000000000000000000e+00	9.152605600000000000e+07
1.291700000000000000e+04	6.503747868218698880e-01	2.004096539418301608e-03	1.000000000000000000e+00	9.152607300000000000e+07
1.293300000000000000e+04	6.500062901715880637e-01	2.009659209152653541e-03	1.000000000000000000e+00	9.152608900000000000e+07
1.294900000000000000e+04	6.487997008219348327e-01	2.003288252120041194e-03	1.000000000000000000e+00	9.152610500000000000e+07
1.296500000000000000e+04	6.512435032636538779e-01	2.011925705615120932e-03	1.000000000000000000e+00	9.152612100000000000e+07
1.298200000000000000e+04	6.514134072958968069e-01	2.008715788574927472e-03	1.000000000000000000e+00	9.152613800000000000e+07
1.299800000000000000e+04	6.497537129411766754e-01	2.011006666598856487e-03	1.000000000000000000e+00	9.152615400000000000e+07
1.301400000000000000e+04	6.516086238668472586e-01	2.018184777017443133e-03	1.000000000000000000e+00	9.152617000000000000e+07
1.303100000000000000e+04	6.526890861357237394e-01	2.026388519041137821e-03	1.000000000000000000e+00	9.152618700000000000e+07
1.304700000000000000e+04	6.550263337372022043e-01	2.019754872361615144e-03	1.000000000000000000e+00	9.152620300000000000e+07
1.306400000000000000e+04	6.497295759464841725e-01	2.156914604530430282e-03	1.000000000000000000e+00	9.152622000000000000e+07
1.308000000000000000e+04	6.502835874673370542e-01	2.257200744098934383e-03	1.000000000000000000e+00	9.152623600000000000e+07
1.309600000000000000e+04	6.474894706122952259e-01	2.004662552191623526e-03	1.000000000000000000e+00	9.152625200000000000e+07
1.311300000000000000e+04	6.528933023825072013e-01	2.015093905895229409e-03	1.000000000000000000e+00	9.152626900000000000e+07
1.312900000000000000e+04	6.493166027510014482e-01	2.007432641097580371e-03	1.000000000000000000e+00	9.152628500000000000e+07
1.314500000000000000e+04	6.512344457252225993e-01	2.010848772396691721e-03	1.000000000000000000e+00	9.152630100000000000e+07
1.316100000000000000e+04	6.502723937115689745e-01	2.008107467378759687e-03	1.000000000000000000e+00	9.152631700000000000e+07
1.317800000000000000e+04	6.491531368472445163e-01	2.006131729325896958e-03	1.000000000000000000e+00	9.152633400000000000e+07
1.319400000000000000e+04	6.507883291777295520e-01	2.005699445704697652e-03	1.000000000000000000e+00	9.152635000000000000e+07
1.321100000000000000e+04	6.476019518168542044e-01	2.007830286693772399e-03	1.000000000000000000e+00	9.152636700000000000e+07
1.322700000000000000e+04	6.533292909957800765e-01	2.015139254470112943e-03	1.000000000000000000e+00	9.152638300000000000e+07
1.324300000000000000e+04	6.480769344626937656e-01	2.145434408494185409e-03	1.000000000000000000e+00	9.152639900000000000e+07
1.326000000000000000e+04	6.492145196880566571e-01	2.250095217629386433e-03	1.000000000000000000e+00	9.152641600000000000e+07
1.327600000000000000e+04	6.497441631896780923e-01	2.003172840236817735e-03	1.000000000000000000e+00	9.152643200000000000e+07
1.329200000000000000e+04	6.510467393226107014e-01	2.012309702560617208e-03	1.000000000000000000e+00	9.152644800000000000e+07
1.330800000000000000e+04	6.493342341294214837e-01	2.027380838702740138e-03	1.000000000000000000e+00	9.152646400000000000e+07
1.332500000000000000e+04	6.512470075044932694e-01	2.007881554790150441e-03	1.000000000000000000e+00	9.152648100000000000e+07
1.334100000000000000e+04	6.491998004790161536e-01	2.002742015392773925e-03	1.000000000000000000e+00	9.152649700000000000e+07
1.335700000000000000e+04	6.495205683147556863e-01	2.010512088183548894e-03	1.000000000000000000e+00	9.152651300000000000e+07
1.337400000000000000e+04	6.534534905268050142e-01	2.012658129868780295e-03	1.000000000000000000e+00	9.152653000000000000e+07
1.344800000000000000e+04	6.539279553111896348e-01	2.021481716362734642e-03	1.000000000000000000e+00	9.152660400000000000e+07
1.346500000000000000e+04	6.495202133932127531e-01	2.013248542166573389e-03	1.000000000000000000e+00	9.152662100000000000e+07
1.348100000000000000e+04	6.518841621945097309e-01	2.159501278372344575e-03	1.000000000000000000e+00	9.152663700000000000e+07
1.349700000000000000e+04	6.507843306407949946e-01	2.258304316197307093e-03	1.000000000000000000e+00	9.152665300000000000e+07
1.351300000000000000e+04	6.495267701314871855e-01	2.011234490122892991e-03	1.000000000000000000e+00	9.152666900000000000e+07
1.353000000000000000e+04	6.497105889202485773e-01	2.009152171077587586e-03	1.000000000000000000e+00	9.152668600000000000e+07
1.354600000000000000e+04	6.494275229372163949e-01	2.012579613259986213e-03	1.000000000000000000e+00	9.152670200000000000e+07
1.356200000000000000e+04	6.529735614330000049e-01	2.016493452998315786e-03	1.000000000000000000e+00	9.152671800000000000e+07
1.357900000000000000e+04	6.502043623025447472e-01	2.008644514053153311e-03	1.000000000000000000e+00	9.152673500000000000e+07
1.359500000000000000e+04	6.488612306791733397e-01	2.011882357018780852e-03	1.000000000000000000e+00	9.152675100000000000e+07
1.361100000000000000e+04	6.515840285473729621e-01	2.012474170581127556e-03	1.000000000000000000e+00	9.152676700000000000e+07
1.362800000000000000e+04	6.520969143565135129e-01	2.017508280870802632e-03	1.000000000000000000e+00	9.152678400000000000e+07
1.364400000000000000e+04	6.513788663648453214e-01	2.019066016354763814e-03	1.000000000000000000e+00	9.152680000000000000e+07
1.366100000000000000e+04	6.521598860320064750e-01	2.159797397359811046e-03	1.000000000000000000e+00	9.152681700000000000e+07
1.367700000000000000e+04	6.499544354134247914e-01	2.253565500238734459e-03	1.000000000000000000e+00	9.152683300000000000e+07
1.369300000000000000e+04	6.472454482334826231e-01	1.999924704691705309e-03	1.000000000000000000e+00	9.152684900000000000e+07
1.370900000000000000e+04	6.503166021582430512e-01	2.011011671564099518e-03	1.000000000000000000e+00	9.152686500000000000e+07
1.372600000000000000e+04	6.522444284379678159e-01	2.014971318310578800e-03	1.000000000000000000e+00	9.152688200000000000e+07
1.374200000000000000e+04	6.497022099453573230e-01	2.011503882855706932e-03	1.000000000000000000e+00	9.152689800000000000e+07
1.375900000000000000e+04	6.504222600500673135e-01	2.033268810347789272e-03	1.000000000000000000e+00	9.152691500000000000e+07
1.377500000000000000e+04	6.487838242053195481e-01	2.003216042799108379e-03	1.000000000000000000e+00	9.152693100000000000e+07
1.379100000000000000e+04	6.492481597432827600e-01	2.009746693843832404e-03	1.000000000000000000e+00	9.152694700000000000e+07
1.380800000000000000e+04	6.507435397620980888e-01	2.017066884769132176e-03	1.000000000000000000e+00	9.152696400000000000e+07
1.382400000000000000e+04	6.498365166066762955e-01	2.008742514529756034e-03	1.000000000000000000e+00	9.152698000000000000e+07
1.384100000000000000e+04	6.509163937914423936e-01	2.158444864768483198e-03	1.000000000000000000e+00	9.152699700000000000e+07
1.385700000000000000e+04	6.489597782679297211e-01	2.257298762892353487e-03	1.000000000000000000e+00	9.152701300000000000e+07
1.387300000000000000e+04	6.470847240960611035e-01	1.999421347645790985e-03	1.000000000000000000e+00	9.152702900000000000e+07
1.389000000000000000e+04	6.506011570523356768e-01	2.012222704553718461e-03	1.000000000000000000e+00	9.152704600000000000e+07
1.390600000000000000e+04	6.474738872546567103e-01	2.001553784229372079e-03	1.000000000000000000e+00	9.152706200000000000e+07
1.392200000000000000e+04	6.492342476945515140e-01	2.011244882195039382e-03	1.000000000000000000e+00	9.152707800000000000e+07
1.393900000000000000e+04	6.470587522283866022e-01	2.003351988959590005e-03	1.000000000000000000e+00	9.152709500000000000e+07
1.395500000000000000e+04	6.512521718142432192e-01	2.009949096054518530e-03	1.000000000000000000e+00	9.152711100000000000e+07
1.397200000000000000e+04	6.533575997343115116e-01	2.017320238646072919e-03	1.000000000000000000e+00	9.152712800000000000e+07
1.398800000000000000e+04	6.524577797110800992e-01	2.018459532082199706e-03	1.000000000000000000e+00	9.152714400000000000e+07
1.400500000000000000e+04	6.545466873370942018e-01	2.016564678569332438e-03	1.000000000000000000e+00	9.152716100000000000e+07
1.402100000000000000e+04	6.513690085727489310e-01	2.154572147017186617e-03	1.000000000000000000e+00	9.152717700000000000e+07
1.403800000000000000e+04	6.480014700195636523e-01	2.248002741451315088e-03	1.000000000000000000e+00	9.152719400000000000e+07
1.405400000000000000e+04	6.490056008930856768e-01	2.008470330552139527e-03	1.000000000000000000e+00	9.152721000000000000e+07
1.407100000000000000e+04	6.502254016922465185e-01	2.014618611477884090e-03	1.000000000000000000e+00	9.152722700000000000e+07
1.408700000000000000e+04	6.527987877080740908e-01	2.012788711024270007e-03	1.000000000000000000e+00	9.152724300000000000e+07
1.410300000000000000e+04	6.509367650859377852e-01	2.017213401057821407e-03	1.000000000000000000e+00	9.152725900000000000e+07
1.412000000000000000e+04	6.521168312775258435e-01	2.012373390488765915e-03	1.000000000000000000e+00	9.152727600000000000e+07
1.413600000000000000e+04	6.531984505819012909e-01	2.014939335239161831e-03	1.000000000000000000e+00	9.152729200000000000e+07
1.415200000000000000e+04	6.505664306086527127e-01	2.007474595184918689e-03	1.000000000000000000e+00	9.152730800000000000e+07
1.416900000000000000e+04	6.472037333339391019e-01	2.007497541328192355e-03	1.000000000000000000e+00	9.152732500000000000e+07
1.418500000000000000e+04	6.486291570827599218e-01	2.007149245927792626e-03	1.000000000000000000e+00	9.152734100000000000e+07
1.420200000000000000e+04	6.516859309977904857e-01	2.163516815766142447e-03	1.000000000000000000e+00	9.152735800000000000e+07
1.421800000000000000e+04	6.480950238437536148e-01	2.250098498395740332e-03	1.000000000000000000e+00	9.152737400000000000e+07
1.423500000000000000e+04	6.499062900941570131e-01	2.039462292780988388e-03	1.000000000000000000e+00	9.152739100000000000e+07
1.425100000000000000e+04	6.490092854626110519e-01	2.013016212741526503e-03	1.000000000000000000e+00	9.152740700000000000e+07
1.426700000000000000e+04	6.485866486806668441e-01	2.005968562511026374e-03	1.000000000000000000e+00	9.152742300000000000e+07
1.428300000000000000e+04	6.506905437550678517e-01	2.009597484674877609e-03	1.000000000000000000e+00	9.152743900000000000e+07
1.429900000000000000e+04	6.482066118924267872e-01	2.000081235051950467e-03	1.000000000000000000e+00	9.152745500000000000e+07
1.431600000000000000e+04	6.518726812345575494e-01	2.019698227242908845e-03	1.000000000000000000e+00	9.152747200000000000e+07
1.433200000000000000e+04	6.481608580741771153e-01	2.005983466040568795e-03	1.000000000000000000e+00	9.152748800000000000e+07
1.440700000000000000e+04	6.517936210623187510e-01	2.007442487658545830e-03	1.000000000000000000e+00	9.152756300000000000e+07
1.442400000000000000e+04	6.520914249495340931e-01	2.012933468589083071e-03	1.000000000000000000e+00	9.152758000000000000e+07
1.444000000000000000e+04	6.497836066829132395e-01	2.143812607628883989e-03	1.000000000000000000e+00	9.152759600000000000e+07
1.445600000000000000e+04	6.527543678798101157e-01	2.250631829769244967e-03	1.000000000000000000e+00	9.152761200000000000e+07
1.447300000000000000e+04	6.492403590794585400e-01	1.994259661898989573e-03	1.000000000000000000e+00	9.152762900000000000e+07
1.448900000000000000e+04	6.510556417611611524e-01	1.999400355992323863e-03	1.000000000000000000e+00	9.152764500000000000e+07
1.450500000000000000e+04	6.489419131967678611e-01	1.996407887207788528e-03	1.000000000000000000e+00	9.152766100000000000e+07
1.452100000000000000e+04	6.458623791390402102e-01	1.988541641330728461e-03	1.000000000000000000e+00	9.152767700000000000e+07
1.453800000000000000e+04	6.467796170411495016e-01	1.990805367825738623e-03	1.000000000000000000e+00	9.152769400000000000e+07
1.455400000000000000e+04	6.461967566832346188e-01	1.988005424874924893e-03	1.000000000000000000e+00	9.152771000000000000e+07
1.457100000000000000e+04	6.503043526614875613e-01	2.002657284040468798e-03	1.000000000000000000e+00	9.152772700000000000e+07
1.458800000000000000e+04	6.499980500794204641e-01	2.006127209444411377e-03	1.000000000000000000e+00	9.152774400000000000e+07
1.460400000000000000e+04	6.534977508130543900e-01	2.009622754620950767e-03	1.000000000000000000e+00	9.152776000000000000e+07
1.462000000000000000e+04	6.500194550716638098e-01	2.144719422972118927e-03	1.000000000000000000e+00	9.152777600000000000e+07
1.463600000000000000e+04	6.493255319177946294e-01	2.244971699160306158e-03	1.000000000000000000e+00	9.152779200000000000e+07
1.465300000000000000e+04	6.502581616492378869e-01	2.009087186828457331e-03	1.000000000000000000e+00	9.152780900000000000e+07
1.466900000000000000e+04	6.524247810228640532e-01	2.036175773093241211e-03	1.000000000000000000e+00	9.152782500000000000e+07
1.468500000000000000e+04	6.529406548594610671e-01	2.002644660689909071e-03	1.000000000000000000e+00	9.152784100000000000e+07
1.470200000000000000e+04	6.505425486878053665e-01	2.003916661276512398e-03	1.000000000000000000e+00	9.152785800000000000e+07
1.471800000000000000e+04	6.512192370959345444e-01	2.009224685954116851e-03	1.000000000000000000e+00	9.152787400000000000e+07
1.473400000000000000e+04	6.472198547560922277e-01	2.001310030032216365e-03	1.000000000000000000e+00	9.152789000000000000e+07
1.475100000000000000e+04	6.496843949217621095e-01	2.005182824483900741e-03	1.000000000000000000e+00	9.152790700000000000e+07
1.476700000000000000e+04	6.492109569431960825e-01	2.014283850939104295e-03	1.000000000000000000e+00	9.152792300000000000e+07
1.478300000000000000e+04	6.503111561673800001e-01	2.013187276823172073e-03	1.000000000000000000e+00	9.152793900000000000e+07
1.480000000000000000e+04	6.505516970882270211e-01	2.157717174255884864e-03	1.000000000000000000e+00	9.152795600000000000e+07
1.481600000000000000e+04	6.497228379225556960e-01	2.254633549805856903e-03	1.000000000000000000e+00	9.152797200000000000e+07
1.483200000000000000e+04	6.455872087499315848e-01	2.009433585768935666e-03	1.000000000000000000e+00	9.152798800000000000e+07
1.484900000000000000e+04	6.502802878186362268e-01	2.012610352043192521e-03	1.000000000000000000e+00	9.152800500000000000e+07
1.486500000000000000e+04	6.475127247641325745e-01	2.010562614037874826e-03	1.000000000000000000e+00	9.152802100000000000e+07
1.488100000000000000e+04	6.517494095436460189e-01	2.034443537944792373e-03	1.000000000000000000e+00	9.152803700000000000e+07
1.489800000000000000e+04	6.453166318051530848e-01	2.002111333362385434e-03	1.000000000000000000e+00	9.152805400000000000e+07
1.491400000000000000e+04	6.512868466530966627e-01	2.029610193427035941e-03	1.000000000000000000e+00	9.152807000000000000e+07
1.493000000000000000e+04	6.529600275254715536e-01	2.022911806773935051e-03	1.000000000000000000e+00	9.152808600000000000e+07
1.494700000000000000e+04	6.476375487805858810e-01	2.025626120303554000e-03	1.000000000000000000e+00	9.152810300000000000e+07
1.496300000000000000e+04	6.534684147944110899e-01	2.026819063635298436e-03	1.000000000000000000e+00	9.152811900000000000e+07
1.498000000000000000e+04	6.515276895425609061e-01	2.174127960705331351e-03	1.000000000000000000e+00	9.152813600000000000e+07
1.499600000000000000e+04	6.484321627153102341e-01	2.266238664813155328e-03	1.000000000000000000e+00	9.152815200000000000e+07
1.501200000000000000e+04	6.478976399290641286e-01	2.017558907574773172e-03	1.000000000000000000e+00	9.152816800000000000e+07
1.502900000000000000e+04	6.502809033395734462e-01	2.023565394045302637e-03	1.000000000000000000e+00	9.152818500000000000e+07
1.504500000000000000e+04	6.501768658664348610e-01	2.029972220665337678e-03	1.000000000000000000e+00	9.152820100000000000e+07
1.506100000000000000e+04	6.529685047540676468e-01	2.033224073755832747e-03	1.000000000000000000e+00	9.152821700000000000e+07
1.507800000000000000e+04	6.540494832525305391e-01	2.036906436549771379e-03	1.000000000000000000e+00	9.152823400000000000e+07
1.509400000000000000e+04	6.514993983706620639e-01	2.030908566575628967e-03	1.000000000000000000e+00	9.152825000000000000e+07
1.511000000000000000e+04	6.512507128771279907e-01	2.031599791008481624e-03	1.000000000000000000e+00	9.152826600000000000e+07
1.512700000000000000e+04	6.509009407878131315e-01	2.044332940599000430e-03	1.000000000000000000e+00	9.152828300000000000e+07
1.514300000000000000e+04	6.496708617257966889e-01	2.039522040775576268e-03	1.000000000000000000e+00	9.152829900000000000e+07
1.516000000000000000e+04	6.485846848434300149e-01	2.169067842241928327e-03	1.000000000000000000e+00	9.152831600000000000e+07
1.517600000000000000e+04	6.508542789550613161e-01	2.273409627416671675e-03	1.000000000000000000e+00	9.152833200000000000e+07
1.519200000000000000e+04	6.497502437412497889e-01	2.023522310814086962e-03	1.000000000000000000e+00	9.152834800000000000e+07
1.520900000000000000e+04	6.516455548403231601e-01	2.031556730142723959e-03	1.000000000000000000e+00	9.152836500000000000e+07
1.522500000000000000e+04	6.504568654143375595e-01	2.026416492008084515e-03	1.000000000000000000e+00	9.152838100000000000e+07
1.524100000000000000e+04	6.477099632863564382e-01	2.021526862100103163e-03	1.000000000000000000e+00	9.152839700000000000e+07
1.525700000000000000e+04	6.504512230377997861e-01	2.033529068301464376e-03	1.000000000000000000e+00	9.152841300000000000e+07
1.527400000000000000e+04	6.521668401758472511e-01	2.034545278633940590e-03	1.000000000000000000e+00	9.152843000000000000e+07
1.529000000000000000e+04	6.498903958550444893e-01	2.027792195846199550e-03	1.000000000000000000e+00	9.152844600000000000e+07
1.537000000000000000e+04	6.502189107824817293e-01	2.014499917802796761e-03	1.000000000000000000e+00	9.152852600000000000e+07
1.538600000000000000e+04	6.530210274154268912e-01	2.018318351072265725e-03	1.000000000000000000e+00	9.152854200000000000e+07
1.540200000000000000e+04	6.512292658244249743e-01	2.161387689400290617e-03	1.000000000000000000e+00	9.152855800000000000e+07
1.541800000000000000e+04	6.512945241159773246e-01	2.256692989455401539e-03	1.000000000000000000e+00	9.152857400000000000e+07
1.543500000000000000e+04	6.512747313427266205e-01	2.011217152466130906e-03	1.000000000000000000e+00	9.152859100000000000e+07
1.545100000000000000e+04	6.532552154083441920e-01	2.013192101541437171e-03	1.000000000000000000e+00	9.152860700000000000e+07
1.546700000000000000e+04	6.503051408767320796e-01	2.009344085958358200e-03	1.000000000000000000e+00	9.152862300000000000e+07
1.548400000000000000e+04	6.509932090729033671e-01	2.008136772772539311e-03	1.000000000000000000e+00	9.152864000000000000e+07
1.550000000000000000e+04	6.495041831836273483e-01	2.011240496901054234e-03	1.000000000000000000e+00	9.152865600000000000e+07
1.551700000000000000e+04	6.520100636194152699e-01	2.012030319266884786e-03	1.000000000000000000e+00	9.152867300000000000e+07
1.553300000000000000e+04	6.520915710279296951e-01	2.010951274788450212e-03	1.000000000000000000e+00	9.152868900000000000e+07
1.555000000000000000e+04	6.530890813917824556e-01	2.020910509232040977e-03	1.000000000000000000e+00	9.152870600000000000e+07
1.556600000000000000e+04	6.528589585333330891e-01	2.009915495908953364e-03	1.000000000000000000e+00	9.152872200000000000e+07
1.558200000000000000e+04	6.502622772960883202e-01	2.150744092730885910e-03	1.000000000000000000e+00	9.152873800000000000e+07
1.559800000000000000e+04	6.490523423391773017e-01	2.249235160671037709e-03	1.000000000000000000e+00	9.152875400000000000e+07
1.561500000000000000e+04	6.471686457195587883e-01	2.002481127165239676e-03	1.000000000000000000e+00	9.152877100000000000e+07
1.563100000000000000e+04	6.493941304141899185e-01	2.009161894351012712e-03	1.000000000000000000e+00	9.152878700000000000e+07
1.564800000000000000e+04	6.504295069077203895e-01	2.004546702153831017e-03	1.000000000000000000e+00	9.152880400000000000e+07
1.566400000000000000e+04	6.520843463445253896e-01	2.014093692703850230e-03	1.000000000000000000e+00	9.152882000000000000e+07
1.568000000000000000e+04	6.534214205672093101e-01	2.011030814881339945e-03	1.000000000000000000e+00	9.152883600000000000e+07
1.569600000000000000e+04	6.481483463187454053e-01	2.002749914832019883e-03	1.000000000000000000e+00	9.152885200000000000e+07
1.571300000000000000e+04	6.420003499153037474e-01	1.989198517488686199e-03	1.000000000000000000e+00	9.152886900000000000e+07
1.573000000000000000e+04	6.489086839870238377e-01	2.009275477733674705e-03	1.000000000000000000e+00	9.152888600000000000e+07
1.574600000000000000e+04	6.490152545739473755e-01	2.000951130715265813e-03	1.000000000000000000e+00	9.152890200000000000e+07
1.576200000000000000e+04	6.503040945201487011e-01	2.147386231554058306e-03	1.000000000000000000e+00	9.152891800000000000e+07
1.577800000000000000e+04	6.506992459319261846e-01	2.255153120981847996e-03	1.000000000000000000e+00	9.152893400000000000e+07
1.579500000000000000e+04	6.503057481593484956e-01	2.002310054897294377e-03	1.000000000000000000e+00	9.152895100000000000e+07
1.581100000000000000e+04	6.529939530920241264e-01	2.012603489403555403e-03	1.000000000000000000e+00	9.152896700000000000e+07
1.582700000000000000e+04	6.484189513146828565e-01	1.997182776595663335e-03	1.000000000000000000e+00	9.152898300000000000e+07
1.584300000000000000e+04	6.484486823878077288e-01	2.000057689835547589e-03	1.000000000000000000e+00	9.152899900000000000e+07
1.585900000000000000e+04	6.477616942697950186e-01	1.995723593845167079e-03	1.000000000000000000e+00	9.152901500000000000e+07
1.587600000000000000e+04	6.479915085946389430e-01	2.002097341409300128e-03	1.000000000000000000e+00	9.152903200000000000e+07
1.589200000000000000e+04	6.479697180338459539e-01	1.999669412932662382e-03	1.000000000000000000e+00	9.152904800000000000e+07
1.590900000000000000e+04	6.496108658286330328e-01	2.013455020186053282e-03	1.000000000000000000e+00	9.152906500000000000e+07
1.592500000000000000e+04	6.489673126050108376e-01	2.003008771754024968e-03	1.000000000000000000e+00	9.152908100000000000e+07
1.594100000000000000e+04	6.508536902890358355e-01	2.154672953345096714e-03	1.000000000000000000e+00	9.152909700000000000e+07
1.595800000000000000e+04	6.506536867714665107e-01	2.256960738934023474e-03	1.000000000000000000e+00	9.152911400000000000e+07
1.597400000000000000e+04	6.457110313368548127e-01	2.020278919061541199e-03	1.000000000000000000e+00	9.152913000000000000e+07
1.599100000000000000e+04	6.506803231650728492e-01	2.006020854873398918e-03	1.000000000000000000e+00	9.152914700000000000e+07
1.600700000000000000e+04	6.479399138783069612e-01	1.997029863484673512e-03	1.000000000000000000e+00	9.152916300000000000e+07
1.602400000000000000e+04	6.487111383177232016e-01	2.010474472849809163e-03	1.000000000000000000e+00	9.152918000000000000e+07
1.604000000000000000e+04	6.483302508429980016e-01	2.002283639047324707e-03	1.000000000000000000e+00	9.152919600000000000e+07
1.605600000000000000e+04	6.472904916887312066e-01	2.003665174436237550e-03	1.000000000000000000e+00	9.152921200000000000e+07
1.607200000000000000e+04	6.471692578281503794e-01	1.999867680320546650e-03	1.000000000000000000e+00	9.152922800000000000e+07
1.608900000000000000e+04	6.475156113445578177e-01	2.009491893471157704e-03	1.000000000000000000e+00	9.152924500000000000e+07
1.610500000000000000e+04	6.491342557639416810e-01	2.009146637723837996e-03	1.000000000000000000e+00	9.152926100000000000e+07
1.612200000000000000e+04	6.481354694262430050e-01	2.148266822092780807e-03	1.000000000000000000e+00	9.152927800000000000e+07
1.613800000000000000e+04	6.480232170745441334e-01	2.251287464716937494e-03	1.000000000000000000e+00	9.152929400000000000e+07
1.615500000000000000e+04	6.462859461035094233e-01	1.995254104846753800e-03	1.000000000000000000e+00	9.152931100000000000e+07
1.617100000000000000e+04	6.490280985858453144e-01	2.007031359728989918e-03	1.000000000000000000e+00	9.152932700000000000e+07
1.618700000000000000e+04	6.484838946474629218e-01	2.003757766876797415e-03	1.000000000000000000e+00	9.152934300000000000e+07
1.620400000000000000e+04	6.477311720503438064e-01	2.009249081403170940e-03	1.000000000000000000e+00	9.152936000000000000e+07
1.622000000000000000e+04	6.442216698818530318e-01	1.998872650392174207e-03	1.000000000000000000e+00	9.152937600000000000e+07
1.623600000000000000e+04	6.460033866044140316e-01	2.004708763175916571e-03	1.000000000000000000e+00	9.152939200000000000e+07
1.625200000000000000e+04	6.448634081047757149e-01	2.001363209783488684e-03	1.000000000000000000e+00	9.152940800000000000e+07
1.632700000000000000e+04	6.456305686284631307e-01	2.009623498860607649e-03	1.000000000000000000e+00	9.152948300000000000e+07
1.634400000000000000e+04	6.455173504958566788e-01	1.996470625734521678e-03	1.000000000000000000e+00	9.152950000000000000e+07
1.636000000000000000e+04	6.468872479036865686e-01	2.150259687218256544e-03	1.000000000000000000e+00	9.152951600000000000e+07
1.637700000000000000e+04	6.481465262751578971e-01	2.250880038651505849e-03	1.000000000000000000e+00	9.152953300000000000e+07
1.639300000000000000e+04	6.452112734437168706e-01	1.995154366621710706e-03	1.000000000000000000e+00	9.152954900000000000e+07
1.640900000000000000e+04	6.464049305107507637e-01	2.012105895540581071e-03	1.000000000000000000e+00	9.152956500000000000e+07
1.642500000000000000e+04	6.461137028595951293e-01	1.993854150677862747e-03	1.000000000000000000e+00	9.152958100000000000e+07
1.644200000000000000e+04	6.468077216323957490e-01	2.004265624697415624e-03	1.000000000000000000e+00	9.152959800000000000e+07
1.645800000000000000e+04	6.442729081419533710e-01	1.994313058774190971e-03	1.000000000000000000e+00	9.152961400000000000e+07
1.647400000000000000e+04	6.449581673868012288e-01	1.994338097390769074e-03	1.000000000000000000e+00	9.152963000000000000e+07
1.649100000000000000e+04	6.444030344907416552e-01	1.995710963529341749e-03	1.000000000000000000e+00	9.152964700000000000e+07
1.650700000000000000e+04	6.441591715498149462e-01	2.002557110271824519e-03	1.000000000000000000e+00	9.152966300000000000e+07
1.652400000000000000e+04	6.480362609497961612e-01	2.013075946912917889e-03	1.000000000000000000e+00	9.152968000000000000e+07
1.654000000000000000e+04	6.456664861440326586e-01	2.152184209300513681e-03	1.000000000000000000e+00	9.152969600000000000e+07
1.655600000000000000e+04	6.461829448099839501e-01	2.252695531344764499e-03	1.000000000000000000e+00	9.152971200000000000e+07
1.657300000000000000e+04	6.462918569089785015e-01	2.003353677549609552e-03	1.000000000000000000e+00	9.152972900000000000e+07
1.658900000000000000e+04	6.488429886527922186e-01	2.010743477657641037e-03	1.000000000000000000e+00	9.152974500000000000e+07
1.660600000000000000e+04	6.451800546757503474e-01	2.005606563680405359e-03	1.000000000000000000e+00	9.152976200000000000e+07
1.662200000000000000e+04	6.450768160689714925e-01	2.005995120346264638e-03	1.000000000000000000e+00	9.152977800000000000e+07
1.663800000000000000e+04	6.474970174322778327e-01	2.006996698253665865e-03	1.000000000000000000e+00	9.152979400000000000e+07
1.665500000000000000e+04	6.464926453819234142e-01	2.004467068801759656e-03	1.000000000000000000e+00	9.152981100000000000e+07
1.667100000000000000e+04	6.446330545508255350e-01	1.999038499424220152e-03	1.000000000000000000e+00	9.152982700000000000e+07
1.668800000000000000e+04	6.460214128915995335e-01	2.004650142063018649e-03	1.000000000000000000e+00	9.152984400000000000e+07
1.670500000000000000e+04	6.434293035717763010e-01	1.997797207383899491e-03	1.000000000000000000e+00	9.152986100000000000e+07
1.672100000000000000e+04	6.449953276056280549e-01	2.154072006250570739e-03	1.000000000000000000e+00	9.152987700000000000e+07
1.673800000000000000e+04	6.457839780292263798e-01	2.247791377466720059e-03	1.000000000000000000e+00	9.152989400000000000e+07
1.675400000000000000e+04	6.447934596388432693e-01	1.996299371687542713e-03	1.000000000000000000e+00	9.152991000000000000e+07
1.677000000000000000e+04	6.455203725947140647e-01	2.002424254075599146e-03	1.000000000000000000e+00	9.152992600000000000e+07
1.678600000000000000e+04	6.464836310788754092e-01	2.009479809090566459e-03	1.000000000000000000e+00	9.152994200000000000e+07
1.680300000000000000e+04	6.449867620652426359e-01	2.003887501486013942e-03	1.000000000000000000e+00	9.152995900000000000e+07
1.681900000000000000e+04	6.462646778739864484e-01	2.004215623177031842e-03	1.000000000000000000e+00	9.152997500000000000e+07
1.683500000000000000e+04	6.446078806744567347e-01	2.001070770025431197e-03	1.000000000000000000e+00	9.152999100000000000e+07
1.685100000000000000e+04	6.456102385227157070e-01	2.006352655853721034e-03	1.000000000000000000e+00	9.153000700000000000e+07
1.686800000000000000e+04	6.460728174531101820e-01	2.012417642044865909e-03	1.000000000000000000e+00	9.153002400000000000e+07
1.688500000000000000e+04	6.459174709763776390e-01	2.026333445107378426e-03	1.000000000000000000e+00	9.153004100000000000e+07
1.690100000000000000e+04	6.478395240136576305e-01	2.155181105834403678e-03	1.000000000000000000e+00	9.153005700000000000e+07
1.691700000000000000e+04	6.428131383209745309e-01	2.246069051801856918e-03	1.000000000000000000e+00	9.153007300000000000e+07
1.693300000000000000e+04	6.412931388522241649e-01	1.993678898419101730e-03	1.000000000000000000e+00	9.153008900000000000e+07
1.695000000000000000e+04	6.465248339063667249e-01	2.008331881723911250e-03	1.000000000000000000e+00	9.153010600000000000e+07
1.696600000000000000e+04	6.449297112374035024e-01	1.999826582464178139e-03	1.000000000000000000e+00	9.153012200000000000e+07
1.698200000000000000e+04	6.454553455666705020e-01	2.001970356736591707e-03	1.000000000000000000e+00	9.153013800000000000e+07
1.699900000000000000e+04	6.448253344738409387e-01	2.002987507706556394e-03	1.000000000000000000e+00	9.153015500000000000e+07
1.701500000000000000e+04	6.483969235727359282e-01	2.015325754282810359e-03	1.000000000000000000e+00	9.153017100000000000e+07
1.703100000000000000e+04	6.444395329652529147e-01	2.001514161087952683e-03	1.000000000000000000e+00	9.153018700000000000e+07
1.704800000000000000e+04	6.421686696264105043e-01	2.004013332190216542e-03	1.000000000000000000e+00	9.153020400000000000e+07
1.706500000000000000e+04	6.452016793595226618e-01	2.006548557690334810e-03	1.000000000000000000e+00	9.153022100000000000e+07
1.708100000000000000e+04	6.453325551559476736e-01	2.158148691750975869e-03	1.000000000000000000e+00	9.153023700000000000e+07
1.709700000000000000e+04	6.442971115334295007e-01	2.257524656884704953e-03	1.000000000000000000e+00	9.153025300000000000e+07
1.711400000000000000e+04	6.446278130512692606e-01	2.003305801756230346e-03	1.000000000000000000e+00	9.153027000000000000e+07
1.713000000000000000e+04	6.455310910877437580e-01	2.010796910243248421e-03	1.000000000000000000e+00	9.153028600000000000e+07
1.714600000000000000e+04	6.438570254305299168e-01	2.001849753950002246e-03	1.000000000000000000e+00	9.153030200000000000e+07
1.716300000000000000e+04	6.437033596975235694e-01	2.000832577245800336e-03	1.000000000000000000e+00	9.153031900000000000e+07
1.717900000000000000e+04	6.453021863450608686e-01	2.006617575105282443e-03	1.000000000000000000e+00	9.153033500000000000e+07
1.719500000000000000e+04	6.432651301762345453e-01	2.004209474913116931e-03	1.000000000000000000e+00	9.153035100000000000e+07
1.721100000000000000e+04	6.419605923805125069e-01	1.998362011655843880e-03	1.000000000000000000e+00	9.153036700000000000e+07
1.728700000000000000e+04	6.463999837395112413e-01	2.017426143270284206e-03	1.000000000000000000e+00	9.153044300000000000e+07
1.730300000000000000e+04	6.450969168662605835e-01	2.009594390551786187e-03	1.000000000000000000e+00	9.153045900000000000e+07
1.731900000000000000e+04	6.481795265947082330e-01	2.163024710303564600e-03	1.000000000000000000e+00	9.153047500000000000e+07
1.733500000000000000e+04	6.435587308638001103e-01	2.255124708014882677e-03	1.000000000000000000e+00	9.153049100000000000e+07
1.735200000000000000e+04	6.420389890605603389e-01	2.001523948874420721e-03	1.000000000000000000e+00	9.153050800000000000e+07
1.736800000000000000e+04	6.463643337741941108e-01	2.014549030964135363e-03	1.000000000000000000e+00	9.153052400000000000e+07
1.738400000000000000e+04	6.410543762772115128e-01	2.008771051443609262e-03	1.000000000000000000e+00	9.153054000000000000e+07
1.740000000000000000e+04	6.419240352106559966e-01	2.005066211455390317e-03	1.000000000000000000e+00	9.153055600000000000e+07
1.741600000000000000e+04	6.415991637932065839e-01	2.013530491172917363e-03	1.000000000000000000e+00	9.153057200000000000e+07
1.743300000000000000e+04	6.471492586655168688e-01	2.012872032660656049e-03	1.000000000000000000e+00	9.153058900000000000e+07
1.744900000000000000e+04	6.451326728463937510e-01	2.008175591163904785e-03	1.000000000000000000e+00	9.153060500000000000e+07
1.746600000000000000e+04	6.423608069833651735e-01	2.004330635402458427e-03	1.000000000000000000e+00	9.153062200000000000e+07
1.748200000000000000e+04	6.442236316354584824e-01	2.008429685223122978e-03	1.000000000000000000e+00	9.153063800000000000e+07
1.749900000000000000e+04	6.426382289652248225e-01	2.145302523876894095e-03	1.000000000000000000e+00	9.153065500000000000e+07
1.751500000000000000e+04	6.435184283677729544e-01	2.246920601230199214e-03	1.000000000000000000e+00	9.153067100000000000e+07
1.753100000000000000e+04	6.435462317706868163e-01	2.002884788629965499e-03	1.000000000000000000e+00	9.153068700000000000e+07
1.754700000000000000e+04	6.439222202517951299e-01	2.007972667714699733e-03	1.000000000000000000e+00	9.153070300000000000e+07
1.756400000000000000e+04	6.411440900301532686e-01	2.001213027327931101e-03	1.000000000000000000e+00	9.153072000000000000e+07
1.758000000000000000e+04	6.465334679978590460e-01	2.279183560453847558e-03	1.000000000000000000e+00	9.153073600000000000e+07
1.759600000000000000e+04	6.452836889907164197e-01	2.016101743179299095e-03	1.000000000000000000e+00	9.153075200000000000e+07
1.761200000000000000e+04	6.451481590987230286e-01	2.013596263319302436e-03	1.000000000000000000e+00	9.153076800000000000e+07
1.762900000000000000e+04	6.434995223730448632e-01	2.011449455049054650e-03	1.000000000000000000e+00	9.153078500000000000e+07
1.764500000000000000e+04	6.426156106326001982e-01	2.011448567666819249e-03	1.000000000000000000e+00	9.153080100000000000e+07
1.766200000000000000e+04	6.435488731352231317e-01	2.011131759667193937e-03	1.000000000000000000e+00	9.153081800000000000e+07
1.767800000000000000e+04	6.461427249244217075e-01	2.155147658359679325e-03	1.000000000000000000e+00	9.153083400000000000e+07
1.769500000000000000e+04	6.440584119800278895e-01	2.252950231262385201e-03	1.000000000000000000e+00	9.153085100000000000e+07
1.771100000000000000e+04	6.431901059829389089e-01	2.007157100764688125e-03	1.000000000000000000e+00	9.153086700000000000e+07
1.772700000000000000e+04	6.417043004463180988e-01	2.012050443800704122e-03	1.000000000000000000e+00	9.153088300000000000e+07
1.774400000000000000e+04	6.453321109513813214e-01	2.012036232535038133e-03	1.000000000000000000e+00	9.153090000000000000e+07
1.776000000000000000e+04	6.424880706197207969e-01	2.009619959681006353e-03	1.000000000000000000e+00	9.153091600000000000e+07
1.777600000000000000e+04	6.411849325577814174e-01	2.003426264656037094e-03	1.000000000000000000e+00	9.153093200000000000e+07
1.779200000000000000e+04	6.425527866888309791e-01	2.014024586576958122e-03	1.000000000000000000e+00	9.153094800000000000e+07
1.780900000000000000e+04	6.423767807853956180e-01	2.010316730749076974e-03	1.000000000000000000e+00	9.153096500000000000e+07
1.782600000000000000e+04	6.446424057260485840e-01	2.018792589636040670e-03	1.000000000000000000e+00	9.153098200000000000e+07
1.784200000000000000e+04	6.449571339789326174e-01	2.014173764121311543e-03	1.000000000000000000e+00	9.153099800000000000e+07
1.785800000000000000e+04	6.463875909232903449e-01	2.158102820168254776e-03	1.000000000000000000e+00	9.153101400000000000e+07
1.787500000000000000e+04	6.425789737761378184e-01	2.251190088611831550e-03	1.000000000000000000e+00	9.153103100000000000e+07
1.789100000000000000e+04	6.410334464709153135e-01	1.999597918785232450e-03	1.000000000000000000e+00	9.153104700000000000e+07
1.790800000000000000e+04	6.434244875283255949e-01	2.005398292078613282e-03	1.000000000000000000e+00	9.153106400000000000e+07
1.792300000000000000e+04	6.451617750353467740e-01	2.013241064270984183e-03	1.000000000000000000e+00	9.153107900000000000e+07
1.794000000000000000e+04	6.450119866699123294e-01	2.007964919143015274e-03	1.000000000000000000e+00	9.153109600000000000e+07
1.795600000000000000e+04	6.460447642330192641e-01	2.014193200551834314e-03	1.000000000000000000e+00	9.153111200000000000e+07
1.797200000000000000e+04	6.456802321860730665e-01	2.017197011844881500e-03	1.000000000000000000e+00	9.153112800000000000e+07
1.798900000000000000e+04	6.423168392797752313e-01	2.006671246165912543e-03	1.000000000000000000e+00	9.153114500000000000e+07
1.800600000000000000e+04	6.407184426123614385e-01	2.012191452709422880e-03	1.000000000000000000e+00	9.153116200000000000e+07
1.802200000000000000e+04	6.410126149228655423e-01	2.004186820906177918e-03	1.000000000000000000e+00	9.153117800000000000e+07
1.803800000000000000e+04	6.446350189073460912e-01	2.156312599745941350e-03	1.000000000000000000e+00	9.153119400000000000e+07
1.805500000000000000e+04	6.435822164186293382e-01	2.254374051988763950e-03	1.000000000000000000e+00	9.153121100000000000e+07
1.807100000000000000e+04	6.411581043512128986e-01	1.998386745113959681e-03	1.000000000000000000e+00	9.153122700000000000e+07
1.808700000000000000e+04	6.454709075353274317e-01	2.017287030137349634e-03	1.000000000000000000e+00	9.153124300000000000e+07
1.810300000000000000e+04	6.424055298273843029e-01	2.004090311564827795e-03	1.000000000000000000e+00	9.153125900000000000e+07
1.812000000000000000e+04	6.439030482828319579e-01	2.027475307113434447e-03	1.000000000000000000e+00	9.153127600000000000e+07
1.813600000000000000e+04	6.418753007514363951e-01	2.007130037854023066e-03	1.000000000000000000e+00	9.153129200000000000e+07
1.815200000000000000e+04	6.444353989469179256e-01	2.007965038136650966e-03	1.000000000000000000e+00	9.153130800000000000e+07
1.816900000000000000e+04	6.397154624429189917e-01	1.998522710822786021e-03	1.000000000000000000e+00	9.153132500000000000e+07
1.824500000000000000e+04	6.425927257392282099e-01	1.997905061106915008e-03	1.000000000000000000e+00	9.153140100000000000e+07
1.826100000000000000e+04	6.418594549257473636e-01	1.996755128876705112e-03	1.000000000000000000e+00	9.153141700000000000e+07
1.827700000000000000e+04	6.404387937316384782e-01	2.137576065694200486e-03	1.000000000000000000e+00	9.153143300000000000e+07
1.829400000000000000e+04	6.478858705337651180e-01	2.256894251303425292e-03	1.000000000000000000e+00	9.153145000000000000e+07
1.831000000000000000e+04	6.419082056323327512e-01	1.993771051637411012e-03	1.000000000000000000e+00	9.153146600000000000e+07
1.832700000000000000e+04	6.444648941818048593e-01	2.008874314051032912e-03	1.000000000000000000e+00	9.153148300000000000e+07
1.834300000000000000e+04	6.427743415378338598e-01	2.006570118089736829e-03	1.000000000000000000e+00	9.153149900000000000e+07
1.835900000000000000e+04	6.443198766842483938e-01	2.004713783510657810e-03	1.000000000000000000e+00	9.153151500000000000e+07
1.837600000000000000e+04	6.428281068052439373e-01	1.998725163218466761e-03	1.000000000000000000e+00	9.153153200000000000e+07
1.839200000000000000e+04	6.417435071652013434e-01	2.003491752913567903e-03	1.000000000000000000e+00	9.153154800000000000e+07
1.840800000000000000e+04	6.424370493702080687e-01	1.999814433120947026e-03	1.000000000000000000e+00	9.153156400000000000e+07
1.842500000000000000e+04	6.403676537213661701e-01	2.008035643051086366e-03	1.000000000000000000e+00	9.153158100000000000e+07
1.844100000000000000e+04	6.462392589954195632e-01	2.019672668177275362e-03	1.000000000000000000e+00	9.153159700000000000e+07
1.845800000000000000e+04	6.456696209461765257e-01	2.161559446181807176e-03	1.000000000000000000e+00	9.153161400000000000e+07
1.847400000000000000e+04	6.418762123712304923e-01	2.243663809790157147e-03	1.000000000000000000e+00	9.153163000000000000e+07
1.849000000000000000e+04	6.420620101663419010e-01	2.002086096063867508e-03	1.000000000000000000e+00	9.153164600000000000e+07
1.850700000000000000e+04	6.451241337786877139e-01	2.016806363430004734e-03	1.000000000000000000e+00	9.153166300000000000e+07
1.852300000000000000e+04	6.406147595642248671e-01	2.001244104902695584e-03	1.000000000000000000e+00	9.153167900000000000e+07
1.853900000000000000e+04	6.448382908045879880e-01	2.016679249751096061e-03	1.000000000000000000e+00	9.153169500000000000e+07
1.855600000000000000e+04	6.440875623202494404e-01	2.146611467335396602e-03	1.000000000000000000e+00	9.153171200000000000e+07
1.857200000000000000e+04	6.421036609590697886e-01	2.009277101147607068e-03	1.000000000000000000e+00	9.153172800000000000e+07
1.858800000000000000e+04	6.406242834188844437e-01	2.169718066329301160e-03	1.000000000000000000e+00	9.153174400000000000e+07
1.860500000000000000e+04	6.395857321815698882e-01	2.014752055563812962e-03	1.000000000000000000e+00	9.153176100000000000e+07
1.862200000000000000e+04	6.410618949715390924e-01	2.004412828012084799e-03	1.000000000000000000e+00	9.153177800000000000e+07
1.863800000000000000e+04	6.440892552981754005e-01	2.158656132136505413e-03	1.000000000000000000e+00	9.153179400000000000e+07
1.865400000000000000e+04	6.407736254144399402e-01	2.248247603959016138e-03	1.000000000000000000e+00	9.153181000000000000e+07
1.867100000000000000e+04	6.402128438826679702e-01	2.249307653618454368e-03	1.000000000000000000e+00	9.153182700000000000e+07
1.868700000000000000e+04	6.405551399185388517e-01	2.009687175585876152e-03	1.000000000000000000e+00	9.153184300000000000e+07
1.870300000000000000e+04	6.393999871647585431e-01	2.003556506602732941e-03	1.000000000000000000e+00	9.153185900000000000e+07
1.872000000000000000e+04	6.430196175748312815e-01	2.024755888540274388e-03	1.000000000000000000e+00	9.153187600000000000e+07
1.873600000000000000e+04	6.431977273631981351e-01	2.013333197104586088e-03	1.000000000000000000e+00	9.153189200000000000e+07
1.875200000000000000e+04	6.418961489386026953e-01	2.018935667225879062e-03	1.000000000000000000e+00	9.153190800000000000e+07
1.876900000000000000e+04	6.419604555177239602e-01	2.015388516177397601e-03	1.000000000000000000e+00	9.153192500000000000e+07
1.878500000000000000e+04	6.413674702568692432e-01	2.019782439577150202e-03	1.000000000000000000e+00	9.153194100000000000e+07
1.880200000000000000e+04	6.428067351449466837e-01	2.016208847428905063e-03	1.000000000000000000e+00	9.153195800000000000e+07
1.881800000000000000e+04	6.441343356336088899e-01	2.163125879499627324e-03	1.000000000000000000e+00	9.153197400000000000e+07
1.883400000000000000e+04	6.446728754526503957e-01	2.260554865347799182e-03	1.000000000000000000e+00	9.153199000000000000e+07
1.885100000000000000e+04	6.411314972131331169e-01	2.016094653627128509e-03	1.000000000000000000e+00	9.153200700000000000e+07
1.886700000000000000e+04	6.436768177396264834e-01	2.022524937482711622e-03	1.000000000000000000e+00	9.153202300000000000e+07
1.888300000000000000e+04	6.427040024402297380e-01	2.015790942419704284e-03	1.000000000000000000e+00	9.153203900000000000e+07
1.890000000000000000e+04	6.423278551574505002e-01	2.016319352641726508e-03	1.000000000000000000e+00	9.153205600000000000e+07
1.891600000000000000e+04	6.419327353962548388e-01	2.015429778643954440e-03	1.000000000000000000e+00	9.153207200000000000e+07
1.893300000000000000e+04	6.410812380394159682e-01	2.016322026881692698e-03	1.000000000000000000e+00	9.153208900000000000e+07
1.894900000000000000e+04	6.425428356132873997e-01	2.011542805721548352e-03	1.000000000000000000e+00	9.153210500000000000e+07
1.896600000000000000e+04	6.410474733851229123e-01	2.013784857635841485e-03	1.000000000000000000e+00	9.153212200000000000e+07
1.898300000000000000e+04	6.434079822299785256e-01	2.018277153615203202e-03	1.000000000000000000e+00	9.153213900000000000e+07
1.899900000000000000e+04	6.399300256859186131e-01	2.148034172040494752e-03	1.000000000000000000e+00	9.153215500000000000e+07
1.901500000000000000e+04	6.431734938469301222e-01	2.250434685028157404e-03	1.000000000000000000e+00	9.153217100000000000e+07
1.903100000000000000e+04	6.400098386541108741e-01	2.000203863886616633e-03	1.000000000000000000e+00	9.153218700000000000e+07
1.904800000000000000e+04	6.411764617298770785e-01	2.012196311656389448e-03	1.000000000000000000e+00	9.153220400000000000e+07
1.906400000000000000e+04	6.414216032065409578e-01	2.009048244516210054e-03	1.000000000000000000e+00	9.153222000000000000e+07
1.908000000000000000e+04	6.431231235055626660e-01	2.007376254360130566e-03	1.000000000000000000e+00	9.153223600000000000e+07
1.909700000000000000e+04	6.425833669086378208e-01	2.008862114554220858e-03	1.000000000000000000e+00	9.153225300000000000e+07
1.911300000000000000e+04	6.391898332970706864e-01	2.205392218423863227e-03	1.000000000000000000e+00	9.153226900000000000e+07
1.912900000000000000e+04	6.425377553051103696e-01	2.259413332569075623e-03	1.000000000000000000e+00	9.153228500000000000e+07
1.920500000000000000e+04	6.421351139340892855e-01	1.997184775099467187e-03	1.000000000000000000e+00	9.153236100000000000e+07
1.922100000000000000e+04	6.457362852959891431e-01	2.003818448421191330e-03	1.000000000000000000e+00	9.153237700000000000e+07
1.923800000000000000e+04	6.414340484942148146e-01	2.135012980183730556e-03	1.000000000000000000e+00	9.153239400000000000e+07
1.925400000000000000e+04	6.414132686702936903e-01	2.236664367258273459e-03	1.000000000000000000e+00	9.153241000000000000e+07
1.927000000000000000e+04	6.405291031379082289e-01	1.983656082195075273e-03	1.000000000000000000e+00	9.153242600000000000e+07
1.928700000000000000e+04	6.431637417712361415e-01	1.998348867039926018e-03	1.000000000000000000e+00	9.153244300000000000e+07
1.930300000000000000e+04	6.392452098739158650e-01	1.983863749553735692e-03	1.000000000000000000e+00	9.153245900000000000e+07
1.932000000000000000e+04	6.427222925338209603e-01	1.990905551578002301e-03	1.000000000000000000e+00	9.153247600000000000e+07
1.933600000000000000e+04	6.423571152361078340e-01	1.990973414560646276e-03	1.000000000000000000e+00	9.153249200000000000e+07
1.935200000000000000e+04	6.459343739182197286e-01	2.252692835354825392e-03	1.000000000000000000e+00	9.153250800000000000e+07
1.936900000000000000e+04	6.434407614444922485e-01	1.995161254794728788e-03	1.000000000000000000e+00	9.153252500000000000e+07
1.938600000000000000e+04	6.433817569113837731e-01	2.001193245574643589e-03	1.000000000000000000e+00	9.153254200000000000e+07
1.940200000000000000e+04	6.401727478522484249e-01	1.982293301359432190e-03	1.000000000000000000e+00	9.153255800000000000e+07
1.941800000000000000e+04	6.402119630858521537e-01	2.127979492251293441e-03	1.000000000000000000e+00	9.153257400000000000e+07
1.943500000000000000e+04	6.448270529698439946e-01	2.240826003531595171e-03	1.000000000000000000e+00	9.153259100000000000e+07
1.945100000000000000e+04	6.399050105790807796e-01	1.981438804539894637e-03	1.000000000000000000e+00	9.153260700000000000e+07
1.946800000000000000e+04	6.422138928613222442e-01	1.993763516057825338e-03	1.000000000000000000e+00	9.153262400000000000e+07
1.948400000000000000e+04	6.424837259137606837e-01	1.987569903482300487e-03	1.000000000000000000e+00	9.153264000000000000e+07
1.950000000000000000e+04	6.434774562214351512e-01	1.999531868315531161e-03	1.000000000000000000e+00	9.153265600000000000e+07
1.951700000000000000e+04	6.425976616064164038e-01	1.995845400754321219e-03	1.000000000000000000e+00	9.153267300000000000e+07
1.953300000000000000e+04	6.416517995423546283e-01	1.993839742197022011e-03	1.000000000000000000e+00	9.153268900000000000e+07
1.954900000000000000e+04	6.403895010851693437e-01	2.009450292563846278e-03	1.000000000000000000e+00	9.153270500000000000e+07
1.956600000000000000e+04	6.418824813251829964e-01	1.994708681401423985e-03	1.000000000000000000e+00	9.153272200000000000e+07
1.958200000000000000e+04	6.403290609355766216e-01	1.987891980094016672e-03	1.000000000000000000e+00	9.153273800000000000e+07
1.959900000000000000e+04	6.402153081763647391e-01	2.135714688741904149e-03	1.000000000000000000e+00	9.153275500000000000e+07
1.961500000000000000e+04	6.431718429068263854e-01	2.490151487684337701e-03	1.000000000000000000e+00	9.153277100000000000e+07
1.963100000000000000e+04	6.400976981266176535e-01	1.989635052975348949e-03	1.000000000000000000e+00	9.153278700000000000e+07
1.964800000000000000e+04	6.443303132290468804e-01	1.998396701009176428e-03	1.000000000000000000e+00	9.153280400000000000e+07
1.966400000000000000e+04	6.420116556266989294e-01	1.996229774542120083e-03	1.000000000000000000e+00	9.153282000000000000e+07
1.968100000000000000e+04	6.453486659902437639e-01	2.003546405060427620e-03	1.000000000000000000e+00	9.153283700000000000e+07
1.969700000000000000e+04	6.418616232956128043e-01	1.999368886661615288e-03	1.000000000000000000e+00	9.153285300000000000e+07
1.971300000000000000e+04	6.393829350770426911e-01	1.992550329785781633e-03	1.000000000000000000e+00	9.153286900000000000e+07
1.973000000000000000e+04	6.395923170661831358e-01	1.991482761960144433e-03	1.000000000000000000e+00	9.153288600000000000e+07
1.974600000000000000e+04	6.401899338898368041e-01	1.999289353700502061e-03	1.000000000000000000e+00	9.153290200000000000e+07
1.976300000000000000e+04	6.433384071610187549e-01	2.001455149982113175e-03	1.000000000000000000e+00	9.153291900000000000e+07
1.977900000000000000e+04	6.415313135865617911e-01	2.144033187234193911e-03	1.000000000000000000e+00	9.153293500000000000e+07
1.979500000000000000e+04	6.404681390251233397e-01	2.243803167723780120e-03	1.000000000000000000e+00	9.153295100000000000e+07
1.981100000000000000e+04	6.382067817900605178e-01	1.990978221749629962e-03	1.000000000000000000e+00	9.153296700000000000e+07
1.982800000000000000e+04	6.403609208269943620e-01	2.267958273744707497e-03	1.000000000000000000e+00	9.153298400000000000e+07
1.984400000000000000e+04	6.406507643075944891e-01	1.995154304564292908e-03	1.000000000000000000e+00	9.153300000000000000e+07
1.986000000000000000e+04	6.410612387481637864e-01	2.008466249219436738e-03	1.000000000000000000e+00	9.153301600000000000e+07
1.987700000000000000e+04	6.418565696899078965e-01	2.007478022816826593e-03	1.000000000000000000e+00	9.153303300000000000e+07
1.989300000000000000e+04	6.429786345662259484e-01	2.009097964518853727e-03	1.000000000000000000e+00	9.153304900000000000e+07
1.990900000000000000e+04	6.403308490505592587e-01	2.001911298534467861e-03	1.000000000000000000e+00	9.153306500000000000e+07
1.992600000000000000e+04	6.397528993564975952e-01	2.245750685410221117e-03	1.000000000000000000e+00	9.153308200000000000e+07
1.994200000000000000e+04	6.401793960541798389e-01	2.295724153294758253e-03	1.000000000000000000e+00	9.153309800000000000e+07
1.995900000000000000e+04	6.447026728561571218e-01	2.166344955219395938e-03	1.000000000000000000e+00	9.153311500000000000e+07
1.997500000000000000e+04	6.402819291672505742e-01	2.243226919179134356e-03	1.000000000000000000e+00	9.153313100000000000e+07
1.999200000000000000e+04	6.391889650734278172e-01	2.003071987731155044e-03	1.000000000000000000e+00	9.153314800000000000e+07
2.000800000000000000e+04	6.402408613650718561e-01	2.010126117736857690e-03	1.000000000000000000e+00	9.153316400000000000e+07
2.002400000000000000e+04	6.418445637337193421e-01	2.009328505794268343e-03	1.000000000000000000e+00	9.153318000000000000e+07
2.004100000000000000e+04	6.413526126032413899e-01	2.011126702716299879e-03	1.000000000000000000e+00	9.153319700000000000e+07
2.005700000000000000e+04	6.433624959740540383e-01	2.021024737955845908e-03	1.000000000000000000e+00	9.153321300000000000e+07
2.007400000000000000e+04	6.409516471122451708e-01	2.014629487457631103e-03	1.000000000000000000e+00	9.153323000000000000e+07
2.009000000000000000e+04	6.396265537837313442e-01	2.011075601616799970e-03	1.000000000000000000e+00	9.153324600000000000e+07
2.016600000000000000e+04	6.424346311094512041e-01	2.321688252447088111e-03	1.000000000000000000e+00	9.153332200000000000e+07
2.018200000000000000e+04	6.424155498408384846e-01	2.012195496144124525e-03	1.000000000000000000e+00	9.153333800000000000e+07
2.019900000000000000e+04	6.399884626053277126e-01	2.146017050080924280e-03	1.000000000000000000e+00	9.153335500000000000e+07
2.021500000000000000e+04	6.393544305610371348e-01	2.240875520432275211e-03	1.000000000000000000e+00	9.153337100000000000e+07
2.023100000000000000e+04	6.416021350705165549e-01	2.009940643254315689e-03	1.000000000000000000e+00	9.153338700000000000e+07
2.024800000000000000e+04	6.408049257960701794e-01	2.008125395550062250e-03	1.000000000000000000e+00	9.153340400000000000e+07
2.026400000000000000e+04	6.434645075881253451e-01	2.007607162042116065e-03	1.000000000000000000e+00	9.153342000000000000e+07
2.028000000000000000e+04	6.406000173584806001e-01	2.007063238428504707e-03	1.000000000000000000e+00	9.153343600000000000e+07
2.029700000000000000e+04	6.419947313242622133e-01	2.010277271853653288e-03	1.000000000000000000e+00	9.153345300000000000e+07
2.031300000000000000e+04	6.406473386423404692e-01	2.003321797956625870e-03	1.000000000000000000e+00	9.153346900000000000e+07
2.032900000000000000e+04	6.415035861820445051e-01	2.006397280263842991e-03	1.000000000000000000e+00	9.153348500000000000e+07
2.034600000000000000e+04	6.418880061703385875e-01	2.009482222251883065e-03	1.000000000000000000e+00	9.153350200000000000e+07
2.036300000000000000e+04	6.452099995438047575e-01	2.022482879141632248e-03	1.000000000000000000e+00	9.153351900000000000e+07
2.037900000000000000e+04	6.418838304400559247e-01	2.398910916378091222e-03	1.000000000000000000e+00	9.153353500000000000e+07
2.039600000000000000e+04	6.399349926505988329e-01	2.243245163956215840e-03	1.000000000000000000e+00	9.153355200000000000e+07
2.041200000000000000e+04	6.392398206104340508e-01	1.994467201821640331e-03	1.000000000000000000e+00	9.153356800000000000e+07
2.042800000000000000e+04	6.428362391272003373e-01	2.001736071335640139e-03	1.000000000000000000e+00	9.153358400000000000e+07
2.044400000000000000e+04	6.427069281834366654e-01	2.002968603096365319e-03	1.000000000000000000e+00	9.153360000000000000e+07
2.046100000000000000e+04	6.406108389936061576e-01	1.998899863887012001e-03	1.000000000000000000e+00	9.153361700000000000e+07
2.047700000000000000e+04	6.452853509068997573e-01	2.007101210869728213e-03	1.000000000000000000e+00	9.153363300000000000e+07
2.049300000000000000e+04	6.445702531826721371e-01	2.003573405369676440e-03	1.000000000000000000e+00	9.153364900000000000e+07
2.051000000000000000e+04	6.407153339550966109e-01	1.999683129855766260e-03	1.000000000000000000e+00	9.153366600000000000e+07
2.052700000000000000e+04	6.424782542733641355e-01	2.007662104568482247e-03	1.000000000000000000e+00	9.153368300000000000e+07
2.054300000000000000e+04	6.425966352715417607e-01	1.996855965798485094e-03	1.000000000000000000e+00	9.153369900000000000e+07
2.055900000000000000e+04	6.420204350673401894e-01	2.347338186636852269e-03	1.000000000000000000e+00	9.153371500000000000e+07
2.057600000000000000e+04	6.418453989162103968e-01	2.235203909972529029e-03	1.000000000000000000e+00	9.153373200000000000e+07
2.059200000000000000e+04	6.400256711254679320e-01	1.985177603183284432e-03	1.000000000000000000e+00	9.153374800000000000e+07
2.060800000000000000e+04	6.421994803877930647e-01	1.992855122424435580e-03	1.000000000000000000e+00	9.153376400000000000e+07
2.062400000000000000e+04	6.423793772081481945e-01	1.994917775551511598e-03	1.000000000000000000e+00	9.153378000000000000e+07
2.064100000000000000e+04	6.391201924336478157e-01	1.981435813520731389e-03	1.000000000000000000e+00	9.153379700000000000e+07
2.065700000000000000e+04	6.386832784855352996e-01	1.979926977433380669e-03	1.000000000000000000e+00	9.153381300000000000e+07
2.067400000000000000e+04	6.434547584413861099e-01	1.996379478450548226e-03	1.000000000000000000e+00	9.153383000000000000e+07
2.069000000000000000e+04	6.419867862230390632e-01	1.989354396968600822e-03	1.000000000000000000e+00	9.153384600000000000e+07
2.070700000000000000e+04	6.420020149385774477e-01	2.005119279264618894e-03	1.000000000000000000e+00	9.153386300000000000e+07
2.072300000000000000e+04	6.407224064602317082e-01	1.982028734331923656e-03	1.000000000000000000e+00	9.153387900000000000e+07
2.073900000000000000e+04	6.433162923602828709e-01	2.131091840666265221e-03	1.000000000000000000e+00	9.153389500000000000e+07
2.075600000000000000e+04	6.446659106820471496e-01	2.233912263012984012e-03	1.000000000000000000e+00	9.153391200000000000e+07
2.077200000000000000e+04	6.414405491513291979e-01	1.987739783254549846e-03	1.000000000000000000e+00	9.153392800000000000e+07
2.078800000000000000e+04	6.417070779733672348e-01	1.984499881363561806e-03	1.000000000000000000e+00	9.153394400000000000e+07
2.080500000000000000e+04	6.417689318697691325e-01	2.256393139588418282e-03	1.000000000000000000e+00	9.153396100000000000e+07
2.082100000000000000e+04	6.435918022845839026e-01	1.984835569046494285e-03	1.000000000000000000e+00	9.153397700000000000e+07
2.083800000000000000e+04	6.419903299144729125e-01	1.976102091107875131e-03	1.000000000000000000e+00	9.153399400000000000e+07
2.085400000000000000e+04	6.433935725841738451e-01	1.984179982488960825e-03	1.000000000000000000e+00	9.153401000000000000e+07
2.087000000000000000e+04	6.427249994787267440e-01	1.985071361044342137e-03	1.000000000000000000e+00	9.153402600000000000e+07
2.088700000000000000e+04	6.435271625202559909e-01	1.989071270664003171e-03	1.000000000000000000e+00	9.153404300000000000e+07
2.090400000000000000e+04	6.415573442369597590e-01	1.981331677467011547e-03	1.000000000000000000e+00	9.153406000000000000e+07
2.092000000000000000e+04	6.411517202305313523e-01	2.122709693395994236e-03	1.000000000000000000e+00	9.153407600000000000e+07
2.093600000000000000e+04	6.401041981056169172e-01	2.226364873942106391e-03	1.000000000000000000e+00	9.153409200000000000e+07
2.095300000000000000e+04	6.424324093883296838e-01	1.976424509430221160e-03	1.000000000000000000e+00	9.153410900000000000e+07
2.096900000000000000e+04	6.428867240810262063e-01	1.983280690651761935e-03	1.000000000000000000e+00	9.153412500000000000e+07
2.098500000000000000e+04	6.408861760028295995e-01	1.971170586229635535e-03	1.000000000000000000e+00	9.153414100000000000e+07
2.100200000000000000e+04	6.395896773644783595e-01	1.972834583413377203e-03	1.000000000000000000e+00	9.153415800000000000e+07
2.101800000000000000e+04	6.414217170456810724e-01	2.211560903210320773e-03	1.000000000000000000e+00	9.153417400000000000e+07
2.103400000000000000e+04	6.419572016960710670e-01	1.978575894686110132e-03	1.000000000000000000e+00	9.153419000000000000e+07
2.105100000000000000e+04	6.399514059456122839e-01	1.976735761767874772e-03	1.000000000000000000e+00	9.153420700000000000e+07
2.112700000000000000e+04	6.421649401937240542e-01	1.985325751687717737e-03	1.000000000000000000e+00	9.153428300000000000e+07
2.114400000000000000e+04	6.436036175805739390e-01	1.980906835112578208e-03	1.000000000000000000e+00	9.153430000000000000e+07
2.116000000000000000e+04	6.434725937573140264e-01	2.129062537310117981e-03	1.000000000000000000e+00	9.153431600000000000e+07
2.117600000000000000e+04	6.411399930766166211e-01	2.223261090058896786e-03	1.000000000000000000e+00	9.153433200000000000e+07
2.119300000000000000e+04	6.423626232039141293e-01	1.979593649768813385e-03	1.000000000000000000e+00	9.153434900000000000e+07
2.120900000000000000e+04	6.461437010855565211e-01	1.994491037167324052e-03	1.000000000000000000e+00	9.153436500000000000e+07
2.122500000000000000e+04	6.415051490580883087e-01	1.976209106994878274e-03	1.000000000000000000e+00	9.153438100000000000e+07
2.124200000000000000e+04	6.421078101116555192e-01	1.986276711933291760e-03	1.000000000000000000e+00	9.153439800000000000e+07
2.125800000000000000e+04	6.388640951962084591e-01	1.974832611238146619e-03	1.000000000000000000e+00	9.153441400000000000e+07
2.127400000000000000e+04	6.403941221910298687e-01	1.983964944223041722e-03	1.000000000000000000e+00	9.153443000000000000e+07
2.129100000000000000e+04	6.389496649864713218e-01	1.982028219714966535e-03	1.000000000000000000e+00	9.153444700000000000e+07
2.130800000000000000e+04	6.422248194286482859e-01	1.996591955393470317e-03	1.000000000000000000e+00	9.153446400000000000e+07
2.132400000000000000e+04	6.442805711031308613e-01	2.199290040595997930e-03	1.000000000000000000e+00	9.153448000000000000e+07
2.134000000000000000e+04	6.413283380872968342e-01	2.131332783430663763e-03	1.000000000000000000e+00	9.153449600000000000e+07
2.135700000000000000e+04	6.405403825883069224e-01	2.230157673764435276e-03	1.000000000000000000e+00	9.153451300000000000e+07
2.137300000000000000e+04	6.396182821480917990e-01	1.987321029011798398e-03	1.000000000000000000e+00	9.153452900000000000e+07
2.139000000000000000e+04	6.426684410554502902e-01	1.995430868233740839e-03	1.000000000000000000e+00	9.153454600000000000e+07
2.140600000000000000e+04	6.440951063652571307e-01	2.227742807910167155e-03	1.000000000000000000e+00	9.153456200000000000e+07
2.142200000000000000e+04	6.428612141018222870e-01	2.005813419048590052e-03	1.000000000000000000e+00	9.153457800000000000e+07
2.143800000000000000e+04	6.440388594497201691e-01	2.248371483436040208e-03	1.000000000000000000e+00	9.153459400000000000e+07
2.145500000000000000e+04	6.398775111036498764e-01	1.990038252980616020e-03	1.000000000000000000e+00	9.153461100000000000e+07
2.147200000000000000e+04	6.392648555052798942e-01	1.993796561680026645e-03	1.000000000000000000e+00	9.153462800000000000e+07
2.148800000000000000e+04	6.427896740726066760e-01	2.002629002001289453e-03	1.000000000000000000e+00	9.153464400000000000e+07
2.150500000000000000e+04	6.415918782427979528e-01	1.994735893589460757e-03	1.000000000000000000e+00	9.153466100000000000e+07
2.152100000000000000e+04	6.422223508619967491e-01	2.138892029463693081e-03	1.000000000000000000e+00	9.153467700000000000e+07
2.153800000000000000e+04	6.408960149339242296e-01	2.237170723355900049e-03	1.000000000000000000e+00	9.153469400000000000e+07
2.155400000000000000e+04	6.414012901970150837e-01	1.996491633918997567e-03	1.000000000000000000e+00	9.153471000000000000e+07
2.157100000000000000e+04	6.430608454510262639e-01	1.999140679407872354e-03	1.000000000000000000e+00	9.153472700000000000e+07
2.158700000000000000e+04	6.396012699417452652e-01	1.993025848799226483e-03	1.000000000000000000e+00	9.153474300000000000e+07
2.160300000000000000e+04	6.417972281005566160e-01	2.004992498321578158e-03	1.000000000000000000e+00	9.153475900000000000e+07
2.162000000000000000e+04	6.407320596798569134e-01	2.001235952000576107e-03	1.000000000000000000e+00	9.153477600000000000e+07
2.163600000000000000e+04	6.437583587657446094e-01	2.006977257524503958e-03	1.000000000000000000e+00	9.153479200000000000e+07
2.165300000000000000e+04	6.394289858920735314e-01	1.995962383684857754e-03	1.000000000000000000e+00	9.153480900000000000e+07
2.167000000000000000e+04	6.421511815605388529e-01	2.003793080398535726e-03	1.000000000000000000e+00	9.153482600000000000e+07
2.168600000000000000e+04	6.419028200606929913e-01	1.998735805949045530e-03	1.000000000000000000e+00	9.153484200000000000e+07
2.170200000000000000e+04	6.433403748835003766e-01	2.146701548787884918e-03	1.000000000000000000e+00	9.153485800000000000e+07
2.171900000000000000e+04	6.434416398407452053e-01	2.248001064453421672e-03	1.000000000000000000e+00	9.153487500000000000e+07
2.173500000000000000e+04	6.402799076150914592e-01	1.992720491912034018e-03	1.000000000000000000e+00	9.153489100000000000e+07
2.175200000000000000e+04	6.437225798785204400e-01	2.007194440889536590e-03	1.000000000000000000e+00	9.153490800000000000e+07
2.176800000000000000e+04	6.393034907621950591e-01	1.987156857680238368e-03	1.000000000000000000e+00	9.153492400000000000e+07
2.178500000000000000e+04	6.420793528224506552e-01	1.997543675650881659e-03	1.000000000000000000e+00	9.153494100000000000e+07
2.180100000000000000e+04	6.401037874445858478e-01	1.991863845527124845e-03	1.000000000000000000e+00	9.153495700000000000e+07
2.181700000000000000e+04	6.420553924546447133e-01	1.995190645969814082e-03	1.000000000000000000e+00	9.153497300000000000e+07
2.183400000000000000e+04	6.415854165760925820e-01	1.999452089194522081e-03	1.000000000000000000e+00	9.153499000000000000e+07
2.185100000000000000e+04	6.395980753312778821e-01	1.993808262608269023e-03	1.000000000000000000e+00	9.153500700000000000e+07
2.186700000000000000e+04	6.398828437222577881e-01	2.225755500671281178e-03	1.000000000000000000e+00	9.153502300000000000e+07
2.188300000000000000e+04	6.430813133210995236e-01	2.138082854617720692e-03	1.000000000000000000e+00	9.153503900000000000e+07
2.190000000000000000e+04	6.430612243065026989e-01	2.237796459732208695e-03	1.000000000000000000e+00	9.153505600000000000e+07
2.191600000000000000e+04	6.392467333105379401e-01	1.983011641762530506e-03	1.000000000000000000e+00	9.153507200000000000e+07
2.193300000000000000e+04	6.394665937367208786e-01	1.983104420289870037e-03	1.000000000000000000e+00	9.153508900000000000e+07
2.194900000000000000e+04	6.446660974236645414e-01	1.993456513987205882e-03	1.000000000000000000e+00	9.153510500000000000e+07
2.196600000000000000e+04	6.438488750539651528e-01	1.997727011257605448e-03	1.000000000000000000e+00	9.153512200000000000e+07
2.198200000000000000e+04	6.391657237671654057e-01	1.985048551258858981e-03	1.000000000000000000e+00	9.153513800000000000e+07
2.199800000000000000e+04	6.406224090830486828e-01	1.986172098603956188e-03	1.000000000000000000e+00	9.153515400000000000e+07
2.201400000000000000e+04	6.415252825992172614e-01	1.987078624212854343e-03	1.000000000000000000e+00	9.153517000000000000e+07
2.209100000000000000e+04	6.429489429795915978e-01	2.005901917808467719e-03	1.000000000000000000e+00	9.153524700000000000e+07
2.210700000000000000e+04	6.422290208613055107e-01	1.993055073436495253e-03	1.000000000000000000e+00	9.153526300000000000e+07
2.212400000000000000e+04	6.411954339839297523e-01	2.389220171794568647e-03	1.000000000000000000e+00	9.153528000000000000e+07
2.214000000000000000e+04	6.425097753040179827e-01	2.239617496151637740e-03	1.000000000000000000e+00	9.153529600000000000e+07
2.215600000000000000e+04	6.407772784228275009e-01	1.987068512585202836e-03	1.000000000000000000e+00	9.153531200000000000e+07
2.217200000000000000e+04	6.436040290598931124e-01	1.998558726497427426e-03	1.000000000000000000e+00	9.153532800000000000e+07
2.218900000000000000e+04	6.408638238966434253e-01	1.988537814031723396e-03	1.000000000000000000e+00	9.153534500000000000e+07
2.220500000000000000e+04	6.419429656882457147e-01	1.995321623500839053e-03	1.000000000000000000e+00	9.153536100000000000e+07
2.222100000000000000e+04	6.381898884842786002e-01	1.989971381336058318e-03	1.000000000000000000e+00	9.153537700000000000e+07
2.223800000000000000e+04	6.417357785841765194e-01	2.000952900074981413e-03	1.000000000000000000e+00	9.153539400000000000e+07
2.225400000000000000e+04	6.395024407243343756e-01	1.995207338774467390e-03	1.000000000000000000e+00	9.153541000000000000e+07
2.227100000000000000e+04	6.411392790500269889e-01	2.005687879067902159e-03	1.000000000000000000e+00	9.153542700000000000e+07
2.228700000000000000e+04	6.415495030027004164e-01	1.995525961364617417e-03	1.000000000000000000e+00	9.153544300000000000e+07
2.230300000000000000e+04	6.403221036016590872e-01	2.143713782813297473e-03	1.000000000000000000e+00	9.153545900000000000e+07
2.232000000000000000e+04	6.409258028049804601e-01	2.241846581602636307e-03	1.000000000000000000e+00	9.153547600000000000e+07
2.233600000000000000e+04	6.386061737155706020e-01	2.189131602778513711e-03	1.000000000000000000e+00	9.153549200000000000e+07
2.235300000000000000e+04	6.435399346877126447e-01	2.009300069142472885e-03	1.000000000000000000e+00	9.153550900000000000e+07
2.237000000000000000e+04	6.411305348940848914e-01	1.998959991399879964e-03	1.000000000000000000e+00	9.153552600000000000e+07
2.238600000000000000e+04	6.392166703594860389e-01	2.236105253633325664e-03	1.000000000000000000e+00	9.153554200000000000e+07
2.240200000000000000e+04	6.392341923895664690e-01	2.237937375460435918e-03	1.000000000000000000e+00	9.153555800000000000e+07
2.241900000000000000e+04	6.420861088599467692e-01	2.012256450152083605e-03	1.000000000000000000e+00	9.153557500000000000e+07
2.243500000000000000e+04	6.433225471993231359e-01	2.013646968560890791e-03	1.000000000000000000e+00	9.153559100000000000e+07
2.245200000000000000e+04	6.409434121236513571e-01	2.243001765429980792e-03	1.000000000000000000e+00	9.153560800000000000e+07
2.246900000000000000e+04	6.440165896473534213e-01	2.019179071102501777e-03	1.000000000000000000e+00	9.153562500000000000e+07
2.248500000000000000e+04	6.418877486802126997e-01	2.150487791520227371e-03	1.000000000000000000e+00	9.153564100000000000e+07
2.250100000000000000e+04	6.432343153210301478e-01	2.254242010776861659e-03	1.000000000000000000e+00	9.153565700000000000e+07
2.251800000000000000e+04	6.399071869276792279e-01	2.003173662299964457e-03	1.000000000000000000e+00	9.153567400000000000e+07
2.253400000000000000e+04	6.409978881943376727e-01	2.013120219802284633e-03	1.000000000000000000e+00	9.153569000000000000e+07
2.255100000000000000e+04	6.407663103278641303e-01	2.004059013227670136e-03	1.000000000000000000e+00	9.153570700000000000e+07
2.256700000000000000e+04	6.425778939879388529e-01	2.014050521276886541e-03	1.000000000000000000e+00	9.153572300000000000e+07
2.258300000000000000e+04	6.390774625682962284e-01	2.003993693474757139e-03	1.000000000000000000e+00	9.153573900000000000e+07
2.260000000000000000e+04	6.415084007604010541e-01	2.010079748407547426e-03	1.000000000000000000e+00	9.153575600000000000e+07
2.261600000000000000e+04	6.441624638297883676e-01	2.017226047772181178e-03	1.000000000000000000e+00	9.153577200000000000e+07
2.263300000000000000e+04	6.395643056092843448e-01	2.010460037408759188e-03	1.000000000000000000e+00	9.153578900000000000e+07
2.264900000000000000e+04	6.414834476347510694e-01	2.012358740131379910e-03	1.000000000000000000e+00	9.153580500000000000e+07
2.266500000000000000e+04	6.422257264693510548e-01	2.161147708220161751e-03	1.000000000000000000e+00	9.153582100000000000e+07
2.268200000000000000e+04	6.433389060838010653e-01	2.256032027404576267e-03	1.000000000000000000e+00	9.153583800000000000e+07
2.269800000000000000e+04	6.394396111059348353e-01	2.007291443925090721e-03	1.000000000000000000e+00	9.153585400000000000e+07
2.271400000000000000e+04	6.439312247059034711e-01	2.265695573081507024e-03	1.000000000000000000e+00	9.153587000000000000e+07
2.273100000000000000e+04	6.381380505446586637e-01	2.002079148437779788e-03	1.000000000000000000e+00	9.153588700000000000e+07
2.274700000000000000e+04	6.434857268662650398e-01	2.015767852987944506e-03	1.000000000000000000e+00	9.153590300000000000e+07
2.276400000000000000e+04	6.414945756515273434e-01	2.009338941569154078e-03	1.000000000000000000e+00	9.153592000000000000e+07
2.278000000000000000e+04	6.410469024403865346e-01	2.005579708397454367e-03	1.000000000000000000e+00	9.153593600000000000e+07
2.279700000000000000e+04	6.408882604698008523e-01	2.003597910923303558e-03	1.000000000000000000e+00	9.153595300000000000e+07
2.281400000000000000e+04	6.389258717349892702e-01	2.004550147226483517e-03	1.000000000000000000e+00	9.153597000000000000e+07
2.283000000000000000e+04	6.423066583068313129e-01	2.009906010291847775e-03	1.000000000000000000e+00	9.153598600000000000e+07
2.284700000000000000e+04	6.426152768875589283e-01	2.146066646354705728e-03	1.000000000000000000e+00	9.153600300000000000e+07
2.286300000000000000e+04	6.406792796640611298e-01	2.241617344991494142e-03	1.000000000000000000e+00	9.153601900000000000e+07
2.288000000000000000e+04	6.393569198387963892e-01	1.994303726096345163e-03	1.000000000000000000e+00	9.153603600000000000e+07
2.289600000000000000e+04	6.430581226656362226e-01	2.004205457460735747e-03	1.000000000000000000e+00	9.153605200000000000e+07
2.291200000000000000e+04	6.396548924376721512e-01	1.996247473678875676e-03	1.000000000000000000e+00	9.153606800000000000e+07
2.292900000000000000e+04	6.401618134691752227e-01	1.997852347732977010e-03	1.000000000000000000e+00	9.153608500000000000e+07
2.294500000000000000e+04	6.402165370694699043e-01	1.995194682198139172e-03	1.000000000000000000e+00	9.153610100000000000e+07
2.296200000000000000e+04	6.400929016766145896e-01	2.265939661866191428e-03	1.000000000000000000e+00	9.153611800000000000e+07
2.297800000000000000e+04	6.417784000432169567e-01	1.996864247819065720e-03	1.000000000000000000e+00	9.153613400000000000e+07
2.305400000000000000e+04	6.416124744599889240e-01	2.001677193317322970e-03	1.000000000000000000e+00	9.153621000000000000e+07
2.307000000000000000e+04	6.394137876997266767e-01	1.985951970869664733e-03	1.000000000000000000e+00	9.153622600000000000e+07
2.308700000000000000e+04	6.419094069146457082e-01	2.139760523379215500e-03	1.000000000000000000e+00	9.153624300000000000e+07
2.310300000000000000e+04	6.412202108695864711e-01	2.235356617622042893e-03	1.000000000000000000e+00	9.153625900000000000e+07
2.311900000000000000e+04	6.414100351249512055e-01	1.986430557706739264e-03	1.000000000000000000e+00	9.153627500000000000e+07
2.313600000000000000e+04	6.418731905035136576e-01	1.990912799238182644e-03	1.000000000000000000e+00	9.153629200000000000e+07
2.315200000000000000e+04	6.411080742683095135e-01	1.984838749101268916e-03	1.000000000000000000e+00	9.153630800000000000e+07
2.316900000000000000e+04	6.450080640870963222e-01	2.000696861700638519e-03	1.000000000000000000e+00	9.153632500000000000e+07
2.318500000000000000e+04	6.414577296203380907e-01	2.243800635701620905e-03	1.000000000000000000e+00	9.153634100000000000e+07
2.320200000000000000e+04	6.416227042506098543e-01	1.986712549974416122e-03	1.000000000000000000e+00	9.153635800000000000e+07
2.321800000000000000e+04	6.408784577429006424e-01	1.983205907868525620e-03	1.000000000000000000e+00	9.153637400000000000e+07
2.323500000000000000e+04	6.421777751560170389e-01	1.990681715327453742e-03	1.000000000000000000e+00	9.153639100000000000e+07
2.325100000000000000e+04	6.420060386561748933e-01	1.991848936912515942e-03	1.000000000000000000e+00	9.153640700000000000e+07
2.326800000000000000e+04	6.416907335528845291e-01	2.130432710841438041e-03	1.000000000000000000e+00	9.153642400000000000e+07
2.328400000000000000e+04	6.436636831436747253e-01	2.233570485792295540e-03	1.000000000000000000e+00	9.153644000000000000e+07
2.330000000000000000e+04	6.396541909695636630e-01	1.980806440480580716e-03	1.000000000000000000e+00	9.153645600000000000e+07
2.331600000000000000e+04	6.373538827417905006e-01	1.977028099644267262e-03	1.000000000000000000e+00	9.153647200000000000e+07
2.333300000000000000e+04	6.413962488722001476e-01	1.982806684290113006e-03	1.000000000000000000e+00	9.153648900000000000e+07
2.334900000000000000e+04	6.394831753678572595e-01	1.982289205157747487e-03	1.000000000000000000e+00	9.153650500000000000e+07
2.336500000000000000e+04	6.396229888818456555e-01	1.988854474427966066e-03	1.000000000000000000e+00	9.153652100000000000e+07
2.338200000000000000e+04	6.420054523336912178e-01	1.988515100506676927e-03	1.000000000000000000e+00	9.153653800000000000e+07
2.339900000000000000e+04	6.383140119088496212e-01	1.979802617676440935e-03	1.000000000000000000e+00	9.153655500000000000e+07
2.341600000000000000e+04	6.415388518450402255e-01	1.989593761242111451e-03	1.000000000000000000e+00	9.153657200000000000e+07
2.343200000000000000e+04	6.428841371691680351e-01	1.993441011333899841e-03	1.000000000000000000e+00	9.153658800000000000e+07
2.344900000000000000e+04	6.421534208719130721e-01	2.129386200759473755e-03	1.000000000000000000e+00	9.153660500000000000e+07
2.346500000000000000e+04	6.398596387213109082e-01	2.227250630468159947e-03	1.000000000000000000e+00	9.153662100000000000e+07
2.348100000000000000e+04	6.418625131707701437e-01	1.987656919758443424e-03	1.000000000000000000e+00	9.153663700000000000e+07
2.349800000000000000e+04	6.401564933391163947e-01	1.992343150313010888e-03	1.000000000000000000e+00	9.153665400000000000e+07
2.351400000000000000e+04	6.436691229267039738e-01	1.990051071528432542e-03	1.000000000000000000e+00	9.153667000000000000e+07
2.353000000000000000e+04	6.419475646934860169e-01	1.990390052589771815e-03	1.000000000000000000e+00	9.153668600000000000e+07
2.354700000000000000e+04	6.392042856466376710e-01	1.984975259000732253e-03	1.000000000000000000e+00	9.153670300000000000e+07
2.356300000000000000e+04	6.409943986693946716e-01	1.990049441672060281e-03	1.000000000000000000e+00	9.153671900000000000e+07
2.358000000000000000e+04	6.382493471336346813e-01	1.982220701285908500e-03	1.000000000000000000e+00	9.153673600000000000e+07
2.359700000000000000e+04	6.386526443984410495e-01	1.993186272328164883e-03	1.000000000000000000e+00	9.153675300000000000e+07
2.361300000000000000e+04	6.429654183212406560e-01	1.993731197233645103e-03	1.000000000000000000e+00	9.153676900000000000e+07
2.363000000000000000e+04	6.414007917289871186e-01	2.140714794171949282e-03	1.000000000000000000e+00	9.153678600000000000e+07
2.364600000000000000e+04	6.414232971449309595e-01	2.420013940765422100e-03	1.000000000000000000e+00	9.153680200000000000e+07
2.366300000000000000e+04	6.411464435277608453e-01	2.242368040764775895e-03	1.000000000000000000e+00	9.153681900000000000e+07
2.367900000000000000e+04	6.394913820520636838e-01	1.987071528881149355e-03	1.000000000000000000e+00	9.153683500000000000e+07
2.369600000000000000e+04	6.403366038449580522e-01	1.982926951742825482e-03	1.000000000000000000e+00	9.153685200000000000e+07
2.371200000000000000e+04	6.409302569635419999e-01	1.993719069797965284e-03	1.000000000000000000e+00	9.153686800000000000e+07
2.372800000000000000e+04	6.420632413267041150e-01	1.994046893518824221e-03	1.000000000000000000e+00	9.153688400000000000e+07
2.374500000000000000e+04	6.410623410340975381e-01	1.991897741394635640e-03	1.000000000000000000e+00	9.153690100000000000e+07
2.376100000000000000e+04	6.404621259929933474e-01	1.989350820545324368e-03	1.000000000000000000e+00	9.153691700000000000e+07
2.377800000000000000e+04	6.425536008463734738e-01	1.998305193630718363e-03	1.000000000000000000e+00	9.153693400000000000e+07
2.379400000000000000e+04	6.407272571932992600e-01	1.989770918426000696e-03	1.000000000000000000e+00	9.153695000000000000e+07
2.381100000000000000e+04	6.429570369708528244e-01	2.142478186053193862e-03	1.000000000000000000e+00	9.153696700000000000e+07
2.382700000000000000e+04	6.424321318256888125e-01	2.234579681581863857e-03	1.000000000000000000e+00	9.153698300000000000e+07
2.384300000000000000e+04	6.384148222087331348e-01	2.200608668507878559e-03	1.000000000000000000e+00	9.153699900000000000e+07
2.386000000000000000e+04	6.418837397714745041e-01	1.991731601212220256e-03	1.000000000000000000e+00	9.153701600000000000e+07
2.387600000000000000e+04	6.400349914759292380e-01	1.983895443643528007e-03	1.000000000000000000e+00	9.153703200000000000e+07
2.389200000000000000e+04	6.420899932293937518e-01	2.237890686221428831e-03	1.000000000000000000e+00	9.153704800000000000e+07
2.390900000000000000e+04	6.420617007783655517e-01	1.991165206016204999e-03	1.000000000000000000e+00	9.153706500000000000e+07
2.392500000000000000e+04	6.411219230206580688e-01	1.984856963528085997e-03	1.000000000000000000e+00	9.153708100000000000e+07
2.394200000000000000e+04	6.385944481474375989e-01	1.981341111679351275e-03	1.000000000000000000e+00	9.153709800000000000e+07
2.401800000000000000e+04	6.410865243758258059e-01	1.986372230612019202e-03	1.000000000000000000e+00	9.153717400000000000e+07
2.403500000000000000e+04	6.416702613315932169e-01	1.984192709070359360e-03	1.000000000000000000e+00	9.153719100000000000e+07
2.405100000000000000e+04	6.408523760448812112e-01	2.124073654850988299e-03	1.000000000000000000e+00	9.153720700000000000e+07
2.406800000000000000e+04	6.423019001045514598e-01	2.227517000042242290e-03	1.000000000000000000e+00	9.153722400000000000e+07
2.408400000000000000e+04	6.389000248322521669e-01	1.974801717823524132e-03	1.000000000000000000e+00	9.153724000000000000e+07
2.410100000000000000e+04	6.398286961205041923e-01	2.199728423531670859e-03	1.000000000000000000e+00	9.153725700000000000e+07
2.411700000000000000e+04	6.428486956927242923e-01	1.978361454058098507e-03	1.000000000000000000e+00	9.153727300000000000e+07
2.413300000000000000e+04	6.407139354203891246e-01	1.977024916066645252e-03	1.000000000000000000e+00	9.153728900000000000e+07
2.415000000000000000e+04	6.403800043611012072e-01	1.978877973057997439e-03	1.000000000000000000e+00	9.153730600000000000e+07
2.416700000000000000e+04	6.420956595424887059e-01	1.988148006397531288e-03	1.000000000000000000e+00	9.153732300000000000e+07
2.418300000000000000e+04	6.415766086421009762e-01	1.981328708276825726e-03	1.000000000000000000e+00	9.153733900000000000e+07
2.420000000000000000e+04	6.411522685496106044e-01	1.990803469805010190e-03	1.000000000000000000e+00	9.153735600000000000e+07
2.421600000000000000e+04	6.436016700747430042e-01	1.985829150441168357e-03	1.000000000000000000e+00	9.153737200000000000e+07
2.423300000000000000e+04	6.385341666661287219e-01	2.118944876765398774e-03	1.000000000000000000e+00	9.153738900000000000e+07
2.424900000000000000e+04	6.429263492688550574e-01	2.233074213406061742e-03	1.000000000000000000e+00	9.153740500000000000e+07
2.426600000000000000e+04	6.412018110864420306e-01	1.978240997925043414e-03	1.000000000000000000e+00	9.153742200000000000e+07
2.428200000000000000e+04	6.402606524145468825e-01	1.984496748583920635e-03	1.000000000000000000e+00	9.153743800000000000e+07
2.429900000000000000e+04	6.412109049971347341e-01	1.981435602241030623e-03	1.000000000000000000e+00	9.153745500000000000e+07
2.431500000000000000e+04	6.445867508672676882e-01	1.992554630829668997e-03	1.000000000000000000e+00	9.153747100000000000e+07
2.433100000000000000e+04	6.363696031587050550e-01	1.974347151986600817e-03	1.000000000000000000e+00	9.153748700000000000e+07
2.434800000000000000e+04	6.383447877137556903e-01	1.980530079395965374e-03	1.000000000000000000e+00	9.153750400000000000e+07
2.436400000000000000e+04	6.402006378905067407e-01	1.986556905247951685e-03	1.000000000000000000e+00	9.153752000000000000e+07
2.438100000000000000e+04	6.407217326849335981e-01	1.993234137862714278e-03	1.000000000000000000e+00	9.153753700000000000e+07
2.439800000000000000e+04	6.387866336640100062e-01	1.985458014322818814e-03	1.000000000000000000e+00	9.153755400000000000e+07
2.441400000000000000e+04	6.410429541071395176e-01	2.319716308214599555e-03	1.000000000000000000e+00	9.153757000000000000e+07
2.443000000000000000e+04	6.422134385323998718e-01	2.240205701353662100e-03	1.000000000000000000e+00	9.153758600000000000e+07
2.444700000000000000e+04	6.374860500155414833e-01	1.988711756772525499e-03	1.000000000000000000e+00	9.153760300000000000e+07
2.446400000000000000e+04	6.416713977288635018e-01	2.201046755728227299e-03	1.000000000000000000e+00	9.153762000000000000e+07
2.448000000000000000e+04	6.406884590206177732e-01	1.988233553633943218e-03	1.000000000000000000e+00	9.153763600000000000e+07
2.449600000000000000e+04	6.434541174977455036e-01	2.001004150578193381e-03	1.000000000000000000e+00	9.153765200000000000e+07
2.451300000000000000e+04	6.397738008486382189e-01	1.996221751140548478e-03	1.000000000000000000e+00	9.153766900000000000e+07
2.452900000000000000e+04	6.391647555947618242e-01	1.993788764245995292e-03	1.000000000000000000e+00	9.153768500000000000e+07
2.454500000000000000e+04	6.382687632245532816e-01	1.989323077983770355e-03	1.000000000000000000e+00	9.153770100000000000e+07
2.456200000000000000e+04	6.414651026872080219e-01	2.007417722740881521e-03	1.000000000000000000e+00	9.153771800000000000e+07
2.457900000000000000e+04	6.409583179611775261e-01	1.998731214224434751e-03	1.000000000000000000e+00	9.153773500000000000e+07
2.459500000000000000e+04	6.419593627179660533e-01	2.138667690317117183e-03	1.000000000000000000e+00	9.153775100000000000e+07
2.461100000000000000e+04	6.378441316475251810e-01	2.225610964882893030e-03	1.000000000000000000e+00	9.153776700000000000e+07
2.462800000000000000e+04	6.400767307619529278e-01	1.994097259066314638e-03	1.000000000000000000e+00	9.153778400000000000e+07
2.464400000000000000e+04	6.436566646433242722e-01	1.999934489144222609e-03	1.000000000000000000e+00	9.153780000000000000e+07
2.466100000000000000e+04	6.401431037407800950e-01	1.992351175413221986e-03	1.000000000000000000e+00	9.153781700000000000e+07
2.467700000000000000e+04	6.432984847285692087e-01	1.999057702711827793e-03	1.000000000000000000e+00	9.153783300000000000e+07
2.469400000000000000e+04	6.391523658959481491e-01	1.993201732296308662e-03	1.000000000000000000e+00	9.153785000000000000e+07
2.471000000000000000e+04	6.425918078449663895e-01	2.005927977551270631e-03	1.000000000000000000e+00	9.153786600000000000e+07
2.472600000000000000e+04	6.395367376530771697e-01	2.243594171599859986e-03	1.000000000000000000e+00	9.153788200000000000e+07
2.474300000000000000e+04	6.396685392935477221e-01	1.996883619324273367e-03	1.000000000000000000e+00	9.153789900000000000e+07
2.476000000000000000e+04	6.417895054875641936e-01	1.992211517605581468e-03	1.000000000000000000e+00	9.153791600000000000e+07
2.477600000000000000e+04	6.432288964686593280e-01	2.149608179624036032e-03	1.000000000000000000e+00	9.153793200000000000e+07
2.479300000000000000e+04	6.425556020821956427e-01	2.239721499928901734e-03	1.000000000000000000e+00	9.153794900000000000e+07
2.480900000000000000e+04	6.392348158021620153e-01	1.984141467386077353e-03	1.000000000000000000e+00	9.153796500000000000e+07
2.482500000000000000e+04	6.433113974269549784e-01	1.997086329467850051e-03	1.000000000000000000e+00	9.153798100000000000e+07
2.484200000000000000e+04	6.412125139069483337e-01	1.985972413497225086e-03	1.000000000000000000e+00	9.153799800000000000e+07
2.485800000000000000e+04	6.392277791070041237e-01	1.990270820375440036e-03	1.000000000000000000e+00	9.153801400000000000e+07
2.487500000000000000e+04	6.416145817946649066e-01	1.990951984874820072e-03	1.000000000000000000e+00	9.153803100000000000e+07
2.489100000000000000e+04	6.424425098582723370e-01	1.991609869731199908e-03	1.000000000000000000e+00	9.153804700000000000e+07
2.490800000000000000e+04	6.379763064167731645e-01	1.979977236392732164e-03	1.000000000000000000e+00	9.153806400000000000e+07
2.498800000000000000e+04	6.401453036808649744e-01	2.007631751215256406e-03	1.000000000000000000e+00	9.153814400000000000e+07
2.500500000000000000e+04	6.447508521053271213e-01	2.013946437731744914e-03	1.000000000000000000e+00	9.153816100000000000e+07
2.502100000000000000e+04	6.395245968255496294e-01	2.382533820430284086e-03	1.000000000000000000e+00	9.153817700000000000e+07
2.503800000000000000e+04	6.393278106014318451e-01	2.247339034225968087e-03	1.000000000000000000e+00	9.153819400000000000e+07
2.505400000000000000e+04	6.400342132636744896e-01	1.996484615630103945e-03	1.000000000000000000e+00	9.153821000000000000e+07
2.507100000000000000e+04	6.398119423607964151e-01	1.998553682913372688e-03	1.000000000000000000e+00	9.153822700000000000e+07
2.508700000000000000e+04	6.405635298793368460e-01	2.000931401247091606e-03	1.000000000000000000e+00	9.153824300000000000e+07
2.510400000000000000e+04	6.411269931813096123e-01	2.006627495123822560e-03	1.000000000000000000e+00	9.153826000000000000e+07
2.512000000000000000e+04	6.415104936422700854e-01	2.011636091805817095e-03	1.000000000000000000e+00	9.153827600000000000e+07
2.513700000000000000e+04	6.421135440072326395e-01	2.001690783011173241e-03	1.000000000000000000e+00	9.153829300000000000e+07
2.515300000000000000e+04	6.417018972671063581e-01	2.003767576012891512e-03	1.000000000000000000e+00	9.153830900000000000e+07
2.517000000000000000e+04	6.417251278620362820e-01	2.007650219176818768e-03	1.000000000000000000e+00	9.153832600000000000e+07
2.518600000000000000e+04	6.431149168436638419e-01	2.003622578418379208e-03	1.000000000000000000e+00	9.153834200000000000e+07
2.520300000000000000e+04	6.409027890114464832e-01	2.147019910870040429e-03	1.000000000000000000e+00	9.153835900000000000e+07
2.521900000000000000e+04	6.442343721608354556e-01	2.255736408444071906e-03	1.000000000000000000e+00	9.153837500000000000e+07
2.523500000000000000e+04	6.392025560802134798e-01	2.000291647509651761e-03	1.000000000000000000e+00	9.153839100000000000e+07
2.525200000000000000e+04	6.452487601926748528e-01	2.015413236285495263e-03	1.000000000000000000e+00	9.153840800000000000e+07
2.526800000000000000e+04	6.392303379720210010e-01	1.996857904669903112e-03	1.000000000000000000e+00	9.153842400000000000e+07
2.528500000000000000e+04	6.392504633569934258e-01	2.222676768366525172e-03	1.000000000000000000e+00	9.153844100000000000e+07
2.530100000000000000e+04	6.406683629041074468e-01	2.009309793306429150e-03	1.000000000000000000e+00	9.153845700000000000e+07
2.531800000000000000e+04	6.393280558310369122e-01	2.228367381552862850e-03	1.000000000000000000e+00	9.153847400000000000e+07
2.533400000000000000e+04	6.382505285104073112e-01	1.998234014058887075e-03	1.000000000000000000e+00	9.153849000000000000e+07
2.535100000000000000e+04	6.403424169426322754e-01	2.006559390993166003e-03	1.000000000000000000e+00	9.153850700000000000e+07
2.536800000000000000e+04	6.391255070574249908e-01	1.992562069856458531e-03	1.000000000000000000e+00	9.153852400000000000e+07
2.538400000000000000e+04	6.437029430938694397e-01	2.145823499054011919e-03	1.000000000000000000e+00	9.153854000000000000e+07
2.540000000000000000e+04	6.407299592766986240e-01	2.244448214973670825e-03	1.000000000000000000e+00	9.153855600000000000e+07
2.541700000000000000e+04	6.372932544580190983e-01	1.991637295410612300e-03	1.000000000000000000e+00	9.153857300000000000e+07
2.543300000000000000e+04	6.434735836304900092e-01	2.005891934466286566e-03	1.000000000000000000e+00	9.153858900000000000e+07
2.545000000000000000e+04	6.411219293014317477e-01	1.998459436780967036e-03	1.000000000000000000e+00	9.153860600000000000e+07
2.546600000000000000e+04	6.441477075174704137e-01	2.009269744384099225e-03	1.000000000000000000e+00	9.153862200000000000e+07
2.548200000000000000e+04	6.405133083505982761e-01	2.003040941280015506e-03	1.000000000000000000e+00	9.153863800000000000e+07
2.549800000000000000e+04	6.431319712078223949e-01	2.211946468248104578e-03	1.000000000000000000e+00	9.153865400000000000e+07
2.551500000000000000e+04	6.403202074150811107e-01	2.001553478253184117e-03	1.000000000000000000e+00	9.153867100000000000e+07
2.553200000000000000e+04	6.434601537436869245e-01	2.009998182670853090e-03	1.000000000000000000e+00	9.153868800000000000e+07
2.554900000000000000e+04	6.429587135036280987e-01	2.012331519294793813e-03	1.000000000000000000e+00	9.153870500000000000e+07
2.556500000000000000e+04	6.420416938664517126e-01	2.159448072785877595e-03	1.000000000000000000e+00	9.153872100000000000e+07
2.558200000000000000e+04	6.396234210765470163e-01	2.241547701215416879e-03	1.000000000000000000e+00	9.153873800000000000e+07
2.559900000000000000e+04	6.391759898874588286e-01	2.002858881126768492e-03	1.000000000000000000e+00	9.153875500000000000e+07
2.561500000000000000e+04	6.419963206998838823e-01	2.009482693294581835e-03	1.000000000000000000e+00	9.153877100000000000e+07
2.563100000000000000e+04	6.398559027555311696e-01	2.012681209679692551e-03	1.000000000000000000e+00	9.153878700000000000e+07
2.564800000000000000e+04	6.428334876482089122e-01	2.012129899752580255e-03	1.000000000000000000e+00	9.153880400000000000e+07
2.566400000000000000e+04	6.393308885317091628e-01	2.000448459899206981e-03	1.000000000000000000e+00	9.153882000000000000e+07
2.568000000000000000e+04	6.422233183292243019e-01	2.009610579728095172e-03	1.000000000000000000e+00	9.153883600000000000e+07
2.569600000000000000e+04	6.410805650469419970e-01	2.003531204502624705e-03	1.000000000000000000e+00	9.153885200000000000e+07
2.571300000000000000e+04	6.426315862369482712e-01	2.314386611579072415e-03	1.000000000000000000e+00	9.153886900000000000e+07
2.573000000000000000e+04	6.410639250083970397e-01	2.005915021946583481e-03	1.000000000000000000e+00	9.153888600000000000e+07
2.574600000000000000e+04	6.434872024001816460e-01	2.155613410528527639e-03	1.000000000000000000e+00	9.153890200000000000e+07
2.576300000000000000e+04	6.421249021158808024e-01	2.252440829363497668e-03	1.000000000000000000e+00	9.153891900000000000e+07
2.577900000000000000e+04	6.394630751087411191e-01	2.001854368809581359e-03	1.000000000000000000e+00	9.153893500000000000e+07
2.579500000000000000e+04	6.396127903965996842e-01	2.004673689059039213e-03	1.000000000000000000e+00	9.153895100000000000e+07
2.581200000000000000e+04	6.404525711811456246e-01	2.014307809557849046e-03	1.000000000000000000e+00	9.153896800000000000e+07
2.582800000000000000e+04	6.395538921541649158e-01	2.008209063523543579e-03	1.000000000000000000e+00	9.153898400000000000e+07
2.584500000000000000e+04	6.412803693390362048e-01	2.008308813398367206e-03	1.000000000000000000e+00	9.153900100000000000e+07
2.586100000000000000e+04	6.426767814167537729e-01	2.018543928033121951e-03	1.000000000000000000e+00	9.153901700000000000e+07
2.587800000000000000e+04	6.405034226533001807e-01	2.014899544980089385e-03	1.000000000000000000e+00	9.153903400000000000e+07
2.595500000000000000e+04	6.394306822651070199e-01	2.014770453860041059e-03	1.000000000000000000e+00	9.153911100000000000e+07
2.597200000000000000e+04	6.396111877036616544e-01	2.001527705200211935e-03	1.000000000000000000e+00	9.153912800000000000e+07
2.598800000000000000e+04	6.403452063653556348e-01	2.142158489340870251e-03	1.000000000000000000e+00	9.153914400000000000e+07
2.600400000000000000e+04	6.377473125570931600e-01	2.232511545202141637e-03	1.000000000000000000e+00	9.153916000000000000e+07
2.602100000000000000e+04	6.407463268058775085e-01	2.007804566758689211e-03	1.000000000000000000e+00	9.153917700000000000e+07
2.603700000000000000e+04	6.390319383034572809e-01	1.996093534779517977e-03	1.000000000000000000e+00	9.153919300000000000e+07
2.605300000000000000e+04	6.398036450811980247e-01	1.995872562256236025e-03	1.000000000000000000e+00	9.153920900000000000e+07
2.606900000000000000e+04	6.424797467741895085e-01	2.006781759239765258e-03	1.000000000000000000e+00	9.153922500000000000e+07
2.608600000000000000e+04	6.391929178866423422e-01	1.995052805670809778e-03	1.000000000000000000e+00	9.153924200000000000e+07
2.610300000000000000e+04	6.404521089555942348e-01	1.999960601410225285e-03	1.000000000000000000e+00	9.153925900000000000e+07
2.611900000000000000e+04	6.398371091918002573e-01	2.001155391278390018e-03	1.000000000000000000e+00	9.153927500000000000e+07
2.613600000000000000e+04	6.420687316490565344e-01	2.016413127712896568e-03	1.000000000000000000e+00	9.153929200000000000e+07
2.615200000000000000e+04	6.390931788731051277e-01	1.998651199522856730e-03	1.000000000000000000e+00	9.153930800000000000e+07
2.616800000000000000e+04	6.409939496092805777e-01	2.147418607842334088e-03	1.000000000000000000e+00	9.153932400000000000e+07
2.618500000000000000e+04	6.407370693750009671e-01	2.465167495500389296e-03	1.000000000000000000e+00	9.153934100000000000e+07
2.620100000000000000e+04	6.410704251649584906e-01	2.000563340837742919e-03	1.000000000000000000e+00	9.153935700000000000e+07
2.621700000000000000e+04	6.430749164610545243e-01	2.227833433882758958e-03	1.000000000000000000e+00	9.153937300000000000e+07
2.623400000000000000e+04	6.388580114598796378e-01	1.992107647697813691e-03	1.000000000000000000e+00	9.153939000000000000e+07
2.625000000000000000e+04	6.402014989085949015e-01	2.008170076990447965e-03	1.000000000000000000e+00	9.153940600000000000e+07
2.626700000000000000e+04	6.411881093677594956e-01	2.009062836789698558e-03	1.000000000000000000e+00	9.153942300000000000e+07
2.628300000000000000e+04	6.415380933928320761e-01	2.009920797701473996e-03	1.000000000000000000e+00	9.153943900000000000e+07
2.629900000000000000e+04	6.384061297818218739e-01	2.001073731787726250e-03	1.000000000000000000e+00	9.153945500000000000e+07
2.631600000000000000e+04	6.405955563058171043e-01	2.013714404432725806e-03	1.000000000000000000e+00	9.153947200000000000e+07
2.633200000000000000e+04	6.413295243109675692e-01	2.008704631207299581e-03	1.000000000000000000e+00	9.153948800000000000e+07
2.634900000000000000e+04	6.435751657465663689e-01	2.152748495369291061e-03	1.000000000000000000e+00	9.153950500000000000e+07
2.636500000000000000e+04	6.381873165632666600e-01	2.239886755895106885e-03	1.000000000000000000e+00	9.153952100000000000e+07
2.638200000000000000e+04	6.398048048000615218e-01	2.002113292522905014e-03	1.000000000000000000e+00	9.153953800000000000e+07
2.639800000000000000e+04	6.399911106524563964e-01	2.263320119984063138e-03	1.000000000000000000e+00	9.153955400000000000e+07
2.641500000000000000e+04	6.359873688500440325e-01	1.995456001929862139e-03	1.000000000000000000e+00	9.153957100000000000e+07
2.643100000000000000e+04	6.436361328560109563e-01	2.016957412481930768e-03	1.000000000000000000e+00	9.153958700000000000e+07
2.644700000000000000e+04	6.411333695263088384e-01	2.005574184133686582e-03	1.000000000000000000e+00	9.153960300000000000e+07
2.646400000000000000e+04	6.423569423196966444e-01	2.013998353739521099e-03	1.000000000000000000e+00	9.153962000000000000e+07
2.648000000000000000e+04	6.392468100220453087e-01	2.004723712651048338e-03	1.000000000000000000e+00	9.153963600000000000e+07
2.649700000000000000e+04	6.420473758513374207e-01	2.021954094833268260e-03	1.000000000000000000e+00	9.153965300000000000e+07
2.651300000000000000e+04	6.393500633365873931e-01	2.008535706904819498e-03	1.000000000000000000e+00	9.153966900000000000e+07
2.652900000000000000e+04	6.401492144329231637e-01	2.148362916247236083e-03	1.000000000000000000e+00	9.153968500000000000e+07
2.654600000000000000e+04	6.413058796438770859e-01	2.250303404139247614e-03	1.000000000000000000e+00	9.153970200000000000e+07
2.656200000000000000e+04	6.377665528375732196e-01	2.020758939517696817e-03	1.000000000000000000e+00	9.153971800000000000e+07
2.657900000000000000e+04	6.408330879907881972e-01	2.220914593859565304e-03	1.000000000000000000e+00	9.153973500000000000e+07
2.659500000000000000e+04	6.424134221689000723e-01	2.007623845522929929e-03	1.000000000000000000e+00	9.153975100000000000e+07
2.661200000000000000e+04	6.411319581006246215e-01	2.007807027732175838e-03	1.000000000000000000e+00	9.153976800000000000e+07
2.662800000000000000e+04	6.397335199543632278e-01	1.994936590055348437e-03	1.000000000000000000e+00	9.153978400000000000e+07
2.664500000000000000e+04	6.411197262460757162e-01	2.005173496942126189e-03	1.000000000000000000e+00	9.153980100000000000e+07
2.666100000000000000e+04	6.396357482693107999e-01	1.996779280033349549e-03	1.000000000000000000e+00	9.153981700000000000e+07
2.667800000000000000e+04	6.401113615222492337e-01	2.003929726712832919e-03	1.000000000000000000e+00	9.153983400000000000e+07
2.669400000000000000e+04	6.391534070181059679e-01	2.000432836012655275e-03	1.000000000000000000e+00	9.153985000000000000e+07
2.671100000000000000e+04	6.427422609517773333e-01	2.349126006244177476e-03	1.000000000000000000e+00	9.153986700000000000e+07
2.672700000000000000e+04	6.398351501530460395e-01	2.236061772951855424e-03	1.000000000000000000e+00	9.153988300000000000e+07
2.674300000000000000e+04	6.387026329513787459e-01	1.990556596177317245e-03	1.000000000000000000e+00	9.153989900000000000e+07
2.676000000000000000e+04	6.419414287310323264e-01	2.005484543276631233e-03	1.000000000000000000e+00	9.153991600000000000e+07
2.677600000000000000e+04	6.377142340323387337e-01	1.990857548449689700e-03	1.000000000000000000e+00	9.153993200000000000e+07
2.679200000000000000e+04	6.414719471230371228e-01	2.007582997525431123e-03	1.000000000000000000e+00	9.153994800000000000e+07
2.680900000000000000e+04	6.385312689253285212e-01	1.994781963476010070e-03	1.000000000000000000e+00	9.153996500000000000e+07
2.682500000000000000e+04	6.428199154305195284e-01	2.007684227480845823e-03	1.000000000000000000e+00	9.153998100000000000e+07
2.684200000000000000e+04	6.430536327495414151e-01	2.006633902272564243e-03	1.000000000000000000e+00	9.153999800000000000e+07
2.692000000000000000e+04	6.415490511813470853e-01	2.011635863698606023e-03	1.000000000000000000e+00	9.154007600000000000e+07
2.693600000000000000e+04	6.401713445699600546e-01	2.223844525001058680e-03	1.000000000000000000e+00	9.154009200000000000e+07
2.695200000000000000e+04	6.433330249544308987e-01	2.357476596220045399e-03	1.000000000000000000e+00	9.154010800000000000e+07
2.696900000000000000e+04	6.423901812690299140e-01	2.434193220305337635e-03	1.000000000000000000e+00	9.154012500000000000e+07
2.698500000000000000e+04	6.415188046061068849e-01	2.005825823383869909e-03	1.000000000000000000e+00	9.154014100000000000e+07
2.700200000000000000e+04	6.416052200788093796e-01	2.001789413768078306e-03	1.000000000000000000e+00	9.154015800000000000e+07
2.701800000000000000e+04	6.410943142861894595e-01	2.004555929432554669e-03	1.000000000000000000e+00	9.154017400000000000e+07
2.703400000000000000e+04	6.407281359071930193e-01	2.003498649560339368e-03	1.000000000000000000e+00	9.154019000000000000e+07
2.705100000000000000e+04	6.388716909129800170e-01	1.998548692707957566e-03	1.000000000000000000e+00	9.154020700000000000e+07
2.706700000000000000e+04	6.399107896290866515e-01	2.000491514334005148e-03	1.000000000000000000e+00	9.154022300000000000e+07
2.708300000000000000e+04	6.409523134016007484e-01	2.002994180751748766e-03	1.000000000000000000e+00	9.154023900000000000e+07
2.710000000000000000e+04	6.415638343358193163e-01	2.011141666817086067e-03	1.000000000000000000e+00	9.154025600000000000e+07
2.711600000000000000e+04	6.390842449740747888e-01	1.999881337719431208e-03	1.000000000000000000e+00	9.154027200000000000e+07
2.713300000000000000e+04	6.406571497165889362e-01	2.151598927263907376e-03	1.000000000000000000e+00	9.154028900000000000e+07
2.714900000000000000e+04	6.378321537187552348e-01	2.236598314681116032e-03	1.000000000000000000e+00	9.154030500000000000e+07
2.716600000000000000e+04	6.419190930852499699e-01	2.001795882325832412e-03	1.000000000000000000e+00	9.154032200000000000e+07
2.718200000000000000e+04	6.406789633192383482e-01	2.006946354747789207e-03	1.000000000000000000e+00	9.154033800000000000e+07
2.719900000000000000e+04	6.383223830912609920e-01	1.994192217634725012e-03	1.000000000000000000e+00	9.154035500000000000e+07
2.721500000000000000e+04	6.414218808227147850e-01	2.003094736756275748e-03	1.000000000000000000e+00	9.154037100000000000e+07
2.723100000000000000e+04	6.386884375248895740e-01	1.998163127783839782e-03	1.000000000000000000e+00	9.154038700000000000e+07
2.724800000000000000e+04	6.431895217812919618e-01	2.008641990034634381e-03	1.000000000000000000e+00	9.154040400000000000e+07
2.726400000000000000e+04	6.371480099289489329e-01	1.991440642592694470e-03	1.000000000000000000e+00	9.154042000000000000e+07
2.728100000000000000e+04	6.405857930172130787e-01	2.007808136673106675e-03	1.000000000000000000e+00	9.154043700000000000e+07
2.729800000000000000e+04	6.425909857069498354e-01	2.006279878280542613e-03	1.000000000000000000e+00	9.154045400000000000e+07
2.731400000000000000e+04	6.417807717459352856e-01	2.147633998001218913e-03	1.000000000000000000e+00	9.154047000000000000e+07
2.733100000000000000e+04	6.414506290805809252e-01	2.244074487745620350e-03	1.000000000000000000e+00	9.154048700000000000e+07
2.734700000000000000e+04	6.367422000703945040e-01	1.991215296478489067e-03	1.000000000000000000e+00	9.154050300000000000e+07
2.736300000000000000e+04	6.402761960712625156e-01	1.996410715041958914e-03	1.000000000000000000e+00	9.154051900000000000e+07
2.738000000000000000e+04	6.380140855315999948e-01	1.991066749647044630e-03	1.000000000000000000e+00	9.154053600000000000e+07
2.739600000000000000e+04	6.434464397787510448e-01	2.005621462394835929e-03	1.000000000000000000e+00	9.154055200000000000e+07
2.741300000000000000e+04	6.405859551119184037e-01	1.992920379195182654e-03	1.000000000000000000e+00	9.154056900000000000e+07
2.743000000000000000e+04	6.394234901084050460e-01	1.992675239370958126e-03	1.000000000000000000e+00	9.154058600000000000e+07
2.744600000000000000e+04	6.422825346193384854e-01	1.996851332941836001e-03	1.000000000000000000e+00	9.154060200000000000e+07
2.746300000000000000e+04	6.404469844135771694e-01	1.998637052268760223e-03	1.000000000000000000e+00	9.154061900000000000e+07
2.748000000000000000e+04	6.383761502864988557e-01	1.992951004004833541e-03	1.000000000000000000e+00	9.154063600000000000e+07
2.749700000000000000e+04	6.386454028801278326e-01	2.131701401874259300e-03	1.000000000000000000e+00	9.154065300000000000e+07
2.751300000000000000e+04	6.402431962836113710e-01	2.241221635541555419e-03	1.000000000000000000e+00	9.154066900000000000e+07
2.753000000000000000e+04	6.404216569975700324e-01	1.995670755311142793e-03	1.000000000000000000e+00	9.154068600000000000e+07
2.754600000000000000e+04	6.421220187076499553e-01	2.001691954134474007e-03	1.000000000000000000e+00	9.154070200000000000e+07
2.756300000000000000e+04	6.388174429438522317e-01	1.990342337296582571e-03	1.000000000000000000e+00	9.154071900000000000e+07
2.757900000000000000e+04	6.403220042061611439e-01	1.995452830115318054e-03	1.000000000000000000e+00	9.154073500000000000e+07
2.759600000000000000e+04	6.368400380715903975e-01	1.985115088782041150e-03	1.000000000000000000e+00	9.154075200000000000e+07
2.761200000000000000e+04	6.435647738121786920e-01	2.012651207626826172e-03	1.000000000000000000e+00	9.154076800000000000e+07
2.762900000000000000e+04	6.399144058793306833e-01	1.995195903184187550e-03	1.000000000000000000e+00	9.154078500000000000e+07
2.764600000000000000e+04	6.402596789643362207e-01	2.007291456482313344e-03	1.000000000000000000e+00	9.154080200000000000e+07
2.766200000000000000e+04	6.419271450127177481e-01	2.000847947644760014e-03	1.000000000000000000e+00	9.154081800000000000e+07
2.767900000000000000e+04	6.433885084693271583e-01	2.150489378247486504e-03	1.000000000000000000e+00	9.154083500000000000e+07
2.769600000000000000e+04	6.402421762747033673e-01	2.235586452367638918e-03	1.000000000000000000e+00	9.154085200000000000e+07
2.771200000000000000e+04	6.381865298096028871e-01	2.224331325325783638e-03	1.000000000000000000e+00	9.154086800000000000e+07
2.772900000000000000e+04	6.427631279145363807e-01	1.999589039981010657e-03	1.000000000000000000e+00	9.154088500000000000e+07
2.774500000000000000e+04	6.370456142956326673e-01	1.981976624977377453e-03	1.000000000000000000e+00	9.154090100000000000e+07
2.776200000000000000e+04	6.417383993360726846e-01	1.997111737077448754e-03	1.000000000000000000e+00	9.154091800000000000e+07
2.777800000000000000e+04	6.406614799457843734e-01	1.994670792941521508e-03	1.000000000000000000e+00	9.154093400000000000e+07
2.779500000000000000e+04	6.427484300810476503e-01	1.998592282881425305e-03	1.000000000000000000e+00	9.154095100000000000e+07
2.781100000000000000e+04	6.412097019203647497e-01	1.990075133498661782e-03	1.000000000000000000e+00	9.154096700000000000e+07
2.788900000000000000e+04	6.419757301925255177e-01	2.004506336672211893e-03	1.000000000000000000e+00	9.154104500000000000e+07
2.790500000000000000e+04	6.376414857755933197e-01	1.986442750404699906e-03	1.000000000000000000e+00	9.154106100000000000e+07
2.792200000000000000e+04	6.451528346505177591e-01	2.144908153983593295e-03	1.000000000000000000e+00	9.154107800000000000e+07
2.793900000000000000e+04	6.417619452408438452e-01	2.234779049572957390e-03	1.000000000000000000e+00	9.154109500000000000e+07
2.795500000000000000e+04	6.419485221978776801e-01	1.989565944053981253e-03	1.000000000000000000e+00	9.154111100000000000e+07
2.797200000000000000e+04	6.437888899020420830e-01	1.997764806971955801e-03	1.000000000000000000e+00	9.154112800000000000e+07
2.798800000000000000e+04	6.409166900170135683e-01	1.984858131800117196e-03	1.000000000000000000e+00	9.154114400000000000e+07
2.800500000000000000e+04	6.416339828930559541e-01	1.991179296577374677e-03	1.000000000000000000e+00	9.154116100000000000e+07
2.802200000000000000e+04	6.391948162029466030e-01	1.979347394017870205e-03	1.000000000000000000e+00	9.154117800000000000e+07
2.803800000000000000e+04	6.408193913093788163e-01	1.994252371339809773e-03	1.000000000000000000e+00	9.154119400000000000e+07
2.805500000000000000e+04	6.414674606474404239e-01	1.988678962708963563e-03	1.000000000000000000e+00	9.154121100000000000e+07
2.807200000000000000e+04	6.396549197050062086e-01	1.989168453227655418e-03	1.000000000000000000e+00	9.154122800000000000e+07
2.808800000000000000e+04	6.416969499388520681e-01	1.984327454417584864e-03	1.000000000000000000e+00	9.154124400000000000e+07
2.810500000000000000e+04	6.409772183057897976e-01	2.128515902060088179e-03	1.000000000000000000e+00	9.154126100000000000e+07
2.812100000000000000e+04	6.421546183681227093e-01	2.227997126191989374e-03	1.000000000000000000e+00	9.154127700000000000e+07
2.813700000000000000e+04	6.399626437003059776e-01	1.979867426388492394e-03	1.000000000000000000e+00	9.154129300000000000e+07
2.815400000000000000e+04	6.426191693328938692e-01	1.985357688680664239e-03	1.000000000000000000e+00	9.154131000000000000e+07
2.817000000000000000e+04	6.422608352150271926e-01	1.988807196415647190e-03	1.000000000000000000e+00	9.154132600000000000e+07
2.818700000000000000e+04	6.422580147254941529e-01	1.994536096353762087e-03	1.000000000000000000e+00	9.154134300000000000e+07
2.820300000000000000e+04	6.401044178865155088e-01	2.228005715687823157e-03	1.000000000000000000e+00	9.154135900000000000e+07
2.822000000000000000e+04	6.395290523110316316e-01	2.195556952116795545e-03	1.000000000000000000e+00	9.154137600000000000e+07
2.823700000000000000e+04	6.395636875800875254e-01	1.976837537407770580e-03	1.000000000000000000e+00	9.154139300000000000e+07
2.825400000000000000e+04	6.375389004620344302e-01	2.204024574019593750e-03	1.000000000000000000e+00	9.154141000000000000e+07
2.827000000000000000e+04	6.408718869637046733e-01	1.982251066431870833e-03	1.000000000000000000e+00	9.154142600000000000e+07
2.828700000000000000e+04	6.424447124125246544e-01	2.134421139845613449e-03	1.000000000000000000e+00	9.154144300000000000e+07
2.830300000000000000e+04	6.384540276116273949e-01	2.215204017766238698e-03	1.000000000000000000e+00	9.154145900000000000e+07
2.832000000000000000e+04	6.425631198922148180e-01	1.983022925391490950e-03	1.000000000000000000e+00	9.154147600000000000e+07
2.833600000000000000e+04	6.408813595532684149e-01	1.980243881203605331e-03	1.000000000000000000e+00	9.154149200000000000e+07
2.835200000000000000e+04	6.415450205506709747e-01	1.980095619442063908e-03	1.000000000000000000e+00	9.154150800000000000e+07
2.836900000000000000e+04	6.376299959786358995e-01	1.978120123232349117e-03	1.000000000000000000e+00	9.154152500000000000e+07
2.838600000000000000e+04	6.386314501043275360e-01	1.976276028603718253e-03	1.000000000000000000e+00	9.154154200000000000e+07
2.840200000000000000e+04	6.415457738404081178e-01	1.985840573501337566e-03	1.000000000000000000e+00	9.154155800000000000e+07
2.841800000000000000e+04	6.394767667900281838e-01	1.978005249858454367e-03	1.000000000000000000e+00	9.154157400000000000e+07
2.843500000000000000e+04	6.392326451713440383e-01	1.990917240637940597e-03	1.000000000000000000e+00	9.154159100000000000e+07
2.845200000000000000e+04	6.388797581802397874e-01	1.980511180202048499e-03	1.000000000000000000e+00	9.154160800000000000e+07
2.846800000000000000e+04	6.415476298307178915e-01	2.129193393854202435e-03	1.000000000000000000e+00	9.154162400000000000e+07
2.848500000000000000e+04	6.430939694760671177e-01	2.323417733550995484e-03	1.000000000000000000e+00	9.154164100000000000e+07
2.850100000000000000e+04	6.398479596307200534e-01	1.987123522716915686e-03	1.000000000000000000e+00	9.154165700000000000e+07
2.851800000000000000e+04	6.415188432940844843e-01	2.073441243845112157e-03	1.000000000000000000e+00	9.154167400000000000e+07
2.853400000000000000e+04	6.429033298346292780e-01	1.987746725011436174e-03	1.000000000000000000e+00	9.154169000000000000e+07
2.855000000000000000e+04	6.430803649204978045e-01	2.061088921034732839e-03	1.000000000000000000e+00	9.154170600000000000e+07
2.856700000000000000e+04	6.400367499704877616e-01	1.985461992209070110e-03	1.000000000000000000e+00	9.154172300000000000e+07
2.858300000000000000e+04	6.421865912747848348e-01	1.991766008517934037e-03	1.000000000000000000e+00	9.154173900000000000e+07
2.860000000000000000e+04	6.405942415969304582e-01	1.987615530379801577e-03	1.000000000000000000e+00	9.154175600000000000e+07
2.861700000000000000e+04	6.407744012359203323e-01	2.000041810009648910e-03	1.000000000000000000e+00	9.154177300000000000e+07
2.863300000000000000e+04	6.383021512957043342e-01	1.988208345432901890e-03	1.000000000000000000e+00	9.154178900000000000e+07
2.865000000000000000e+04	6.441369464901849362e-01	2.142513901478187641e-03	1.000000000000000000e+00	9.154180600000000000e+07
2.866600000000000000e+04	6.406467396522146363e-01	2.232951523558468661e-03	1.000000000000000000e+00	9.154182200000000000e+07
2.868300000000000000e+04	6.419138680622168414e-01	2.001190624542628031e-03	1.000000000000000000e+00	9.154183900000000000e+07
2.869900000000000000e+04	6.409531786620846772e-01	1.998578798291148449e-03	1.000000000000000000e+00	9.154185500000000000e+07
2.871600000000000000e+04	6.416959359466173352e-01	1.998709605697299163e-03	1.000000000000000000e+00	9.154187200000000000e+07
2.873200000000000000e+04	6.426174724795681303e-01	2.001679930381407464e-03	1.000000000000000000e+00	9.154188800000000000e+07
2.874900000000000000e+04	6.387522414754522870e-01	1.995496252566896899e-03	1.000000000000000000e+00	9.154190500000000000e+07
2.876500000000000000e+04	6.430196495485168695e-01	2.005742230228777911e-03	1.000000000000000000e+00	9.154192100000000000e+07
2.878100000000000000e+04	6.417660612472367854e-01	2.001325436383683074e-03	1.000000000000000000e+00	9.154193700000000000e+07
2.885900000000000000e+04	6.432800045110436127e-01	2.009796343441852106e-03	1.000000000000000000e+00	9.154201500000000000e+07
2.887600000000000000e+04	6.404301735230787385e-01	1.995333758756029103e-03	1.000000000000000000e+00	9.154203200000000000e+07
2.889200000000000000e+04	6.418943670137187141e-01	2.144355206291745971e-03	1.000000000000000000e+00	9.154204800000000000e+07
2.890900000000000000e+04	6.402971845683201879e-01	2.235910756825193902e-03	1.000000000000000000e+00	9.154206500000000000e+07
2.892500000000000000e+04	6.395713533762775738e-01	1.989654795077846865e-03	1.000000000000000000e+00	9.154208100000000000e+07
2.894200000000000000e+04	6.418372696446407177e-01	2.009421558561172525e-03	1.000000000000000000e+00	9.154209800000000000e+07
2.895800000000000000e+04	6.412663120366036695e-01	1.995180483318462119e-03	1.000000000000000000e+00	9.154211400000000000e+07
2.897400000000000000e+04	6.397539147767749013e-01	1.992380588522224636e-03	1.000000000000000000e+00	9.154213000000000000e+07
2.899100000000000000e+04	6.416427822516335144e-01	2.023072382721406975e-03	1.000000000000000000e+00	9.154214700000000000e+07
2.900700000000000000e+04	6.420621557784537137e-01	1.996314901820751223e-03	1.000000000000000000e+00	9.154216300000000000e+07
2.902400000000000000e+04	6.385177273834418132e-01	1.990953591097553450e-03	1.000000000000000000e+00	9.154218000000000000e+07
2.904100000000000000e+04	6.379734644360810503e-01	2.026023266720506852e-03	1.000000000000000000e+00	9.154219700000000000e+07
2.905700000000000000e+04	6.412047754539565991e-01	1.988542857690264558e-03	1.000000000000000000e+00	9.154221300000000000e+07
2.907400000000000000e+04	6.399892671932919663e-01	2.131703912419266427e-03	1.000000000000000000e+00	9.154223000000000000e+07
2.909000000000000000e+04	6.406535878868532263e-01	2.234041678478731942e-03	1.000000000000000000e+00	9.154224600000000000e+07
2.910700000000000000e+04	6.396021102088667032e-01	1.992089725748305475e-03	1.000000000000000000e+00	9.154226300000000000e+07
2.912300000000000000e+04	6.414666296142772506e-01	1.991262219422882795e-03	1.000000000000000000e+00	9.154227900000000000e+07
2.913900000000000000e+04	6.411599409101529368e-01	1.990407434059879646e-03	1.000000000000000000e+00	9.154229500000000000e+07
2.915600000000000000e+04	6.399873892640329798e-01	1.988827999113565188e-03	1.000000000000000000e+00	9.154231200000000000e+07
2.917300000000000000e+04	6.379162427564781801e-01	1.979317710263679437e-03	1.000000000000000000e+00	9.154232900000000000e+07
2.918900000000000000e+04	6.403885966830755727e-01	1.986673021312105724e-03	1.000000000000000000e+00	9.154234500000000000e+07
2.920500000000000000e+04	6.400557758344731507e-01	1.983063176338918914e-03	1.000000000000000000e+00	9.154236100000000000e+07
2.922300000000000000e+04	6.399193380333608738e-01	1.989616829983951833e-03	1.000000000000000000e+00	9.154237900000000000e+07
2.923900000000000000e+04	6.408241558292241402e-01	1.987307626808853742e-03	1.000000000000000000e+00	9.154239500000000000e+07
2.925500000000000000e+04	6.416997999430615884e-01	2.132278295484125487e-03	1.000000000000000000e+00	9.154241100000000000e+07
2.927200000000000000e+04	6.430517166643910931e-01	2.234247408577479110e-03	1.000000000000000000e+00	9.154242800000000000e+07
2.928800000000000000e+04	6.398797843782841888e-01	1.981865890600418689e-03	1.000000000000000000e+00	9.154244400000000000e+07
2.930500000000000000e+04	6.390725307942178857e-01	1.986095253864429699e-03	1.000000000000000000e+00	9.154246100000000000e+07
2.932100000000000000e+04	6.416125786467717917e-01	1.985870118688307703e-03	1.000000000000000000e+00	9.154247700000000000e+07
2.933800000000000000e+04	6.407872461977617284e-01	1.985961173351025004e-03	1.000000000000000000e+00	9.154249400000000000e+07
2.935400000000000000e+04	6.414433850676651838e-01	1.985454639949408347e-03	1.000000000000000000e+00	9.154251000000000000e+07
2.937100000000000000e+04	6.410975486221810460e-01	1.991928416545011606e-03	1.000000000000000000e+00	9.154252700000000000e+07
2.938700000000000000e+04	6.409258195264000424e-01	1.988113325732749920e-03	1.000000000000000000e+00	9.154254300000000000e+07
2.940400000000000000e+04	6.408968561649454054e-01	1.996470871448106140e-03	1.000000000000000000e+00	9.154256000000000000e+07
2.942100000000000000e+04	6.434360233053811884e-01	1.991614324969861842e-03	1.000000000000000000e+00	9.154257700000000000e+07
2.943700000000000000e+04	6.414839473870094233e-01	2.131110320820191022e-03	1.000000000000000000e+00	9.154259300000000000e+07
2.945300000000000000e+04	6.405505176693675473e-01	2.227008092230026073e-03	1.000000000000000000e+00	9.154260900000000000e+07
2.947000000000000000e+04	6.405148898051390427e-01	1.988458395502050186e-03	1.000000000000000000e+00	9.154262600000000000e+07
2.948600000000000000e+04	6.428201626667039426e-01	1.998709133108898459e-03	1.000000000000000000e+00	9.154264200000000000e+07
2.950300000000000000e+04	6.387806658337670251e-01	1.987157221097435311e-03	1.000000000000000000e+00	9.154265900000000000e+07
2.951900000000000000e+04	6.425683957122501067e-01	1.993536536026454739e-03	1.000000000000000000e+00	9.154267500000000000e+07
2.953500000000000000e+04	6.385834951019412342e-01	1.982976010254887227e-03	1.000000000000000000e+00	9.154269100000000000e+07
2.955200000000000000e+04	6.425817015134455135e-01	1.997853542057540736e-03	1.000000000000000000e+00	9.154270800000000000e+07
2.956800000000000000e+04	6.409548206200281761e-01	1.993872292224117566e-03	1.000000000000000000e+00	9.154272400000000000e+07
2.958500000000000000e+04	6.396233882595915299e-01	1.994410373309809994e-03	1.000000000000000000e+00	9.154274100000000000e+07
2.960100000000000000e+04	6.393271469841466104e-01	1.983511184037707251e-03	1.000000000000000000e+00	9.154275700000000000e+07
2.961800000000000000e+04	6.405453335835040729e-01	2.127386144445779330e-03	1.000000000000000000e+00	9.154277400000000000e+07
2.963400000000000000e+04	6.423671640873321875e-01	2.247914728914116294e-03	1.000000000000000000e+00	9.154279000000000000e+07
2.965000000000000000e+04	6.392040772896365741e-01	1.979984846227561719e-03	1.000000000000000000e+00	9.154280600000000000e+07
2.966700000000000000e+04	6.410889351494043487e-01	1.990854206505759342e-03	1.000000000000000000e+00	9.154282300000000000e+07
2.968300000000000000e+04	6.404258436989463954e-01	1.981073568599850659e-03	1.000000000000000000e+00	9.154283900000000000e+07
2.970000000000000000e+04	6.392633161355999460e-01	1.981811999262414990e-03	1.000000000000000000e+00	9.154285600000000000e+07
2.971600000000000000e+04	6.406072112570051491e-01	1.982130835711895002e-03	1.000000000000000000e+00	9.154287200000000000e+07
2.973300000000000000e+04	6.453965811350865778e-01	1.993873527463213037e-03	1.000000000000000000e+00	9.154288900000000000e+07
2.974900000000000000e+04	6.373757651149134507e-01	1.981727557504434079e-03	1.000000000000000000e+00	9.154290500000000000e+07
2.982800000000000000e+04	6.412551220333237989e-01	1.986052661930155089e-03	1.000000000000000000e+00	9.154298400000000000e+07
2.984400000000000000e+04	6.403165942069484196e-01	1.981818703222731556e-03	1.000000000000000000e+00	9.154300000000000000e+07
2.986000000000000000e+04	6.424620832386117586e-01	2.128880574632399485e-03	1.000000000000000000e+00	9.154301600000000000e+07
2.987700000000000000e+04	6.431404071075690343e-01	2.230558043904222812e-03	1.000000000000000000e+00	9.154303300000000000e+07
2.989400000000000000e+04	6.409965772004346807e-01	2.003509717822080528e-03	1.000000000000000000e+00	9.154305000000000000e+07
2.991000000000000000e+04	6.441448498862241134e-01	1.986267669165813800e-03	1.000000000000000000e+00	9.154306600000000000e+07
2.992600000000000000e+04	6.394347809187070908e-01	1.988521076465927812e-03	1.000000000000000000e+00	9.154308200000000000e+07
2.994300000000000000e+04	6.393291737950541620e-01	1.984258312391508957e-03	1.000000000000000000e+00	9.154309900000000000e+07
2.995900000000000000e+04	6.391188373814501444e-01	1.979292892061954370e-03	1.000000000000000000e+00	9.154311500000000000e+07
2.997500000000000000e+04	6.379825141165332836e-01	1.980111494213917731e-03	1.000000000000000000e+00	9.154313100000000000e+07
2.999200000000000000e+04	6.411377719392578056e-01	1.983539955744098322e-03	1.000000000000000000e+00	9.154314800000000000e+07
3.000900000000000000e+04	6.396928149694072196e-01	1.985780403625440720e-03	1.000000000000000000e+00	9.154316500000000000e+07
3.002500000000000000e+04	6.417295179382968007e-01	1.985547173281755964e-03	1.000000000000000000e+00	9.154318100000000000e+07
3.004200000000000000e+04	6.407206390264444940e-01	2.127524155803228820e-03	1.000000000000000000e+00	9.154319800000000000e+07
3.005800000000000000e+04	6.408651908035655209e-01	2.226473714839771224e-03	1.000000000000000000e+00	9.154321400000000000e+07
3.007500000000000000e+04	6.437307286448411547e-01	1.989285481249697569e-03	1.000000000000000000e+00	9.154323100000000000e+07
3.009100000000000000e+04	6.414064287603576942e-01	1.988048558434181348e-03	1.000000000000000000e+00	9.154324700000000000e+07
3.010700000000000000e+04	6.367738822840919299e-01	1.970465161627075242e-03	1.000000000000000000e+00	9.154326300000000000e+07
3.012400000000000000e+04	6.440298033795379684e-01	1.991874378967224170e-03	1.000000000000000000e+00	9.154328000000000000e+07
3.014000000000000000e+04	6.410051501951838926e-01	1.988609398800043459e-03	1.000000000000000000e+00	9.154329600000000000e+07
3.015700000000000000e+04	6.421603234559025708e-01	1.989330704013700726e-03	1.000000000000000000e+00	9.154331300000000000e+07
3.017300000000000000e+04	6.417601479719753366e-01	1.987163718877689705e-03	1.000000000000000000e+00	9.154332900000000000e+07
3.019000000000000000e+04	6.382649160318966119e-01	1.985401511057684806e-03	1.000000000000000000e+00	9.154334600000000000e+07
3.020600000000000000e+04	6.395109062381602039e-01	1.980992729995300749e-03	1.000000000000000000e+00	9.154336200000000000e+07
3.022300000000000000e+04	6.404365222127348378e-01	2.132377309540885949e-03	1.000000000000000000e+00	9.154337900000000000e+07
3.023900000000000000e+04	6.403570257329996851e-01	2.234246239603510271e-03	1.000000000000000000e+00	9.154339500000000000e+07
3.025500000000000000e+04	6.408419637080755571e-01	1.991679546611984080e-03	1.000000000000000000e+00	9.154341100000000000e+07
3.027200000000000000e+04	6.416225558729731215e-01	1.999035323462578905e-03	1.000000000000000000e+00	9.154342800000000000e+07
3.028800000000000000e+04	6.419809077421397836e-01	1.995197991195376414e-03	1.000000000000000000e+00	9.154344400000000000e+07
3.030500000000000000e+04	6.411914816477324308e-01	1.998807766329858959e-03	1.000000000000000000e+00	9.154346100000000000e+07
3.032100000000000000e+04	6.384294003661415973e-01	1.989488225503544417e-03	1.000000000000000000e+00	9.154347700000000000e+07
3.033800000000000000e+04	6.407006467034530584e-01	1.995081762622227632e-03	1.000000000000000000e+00	9.154349400000000000e+07
3.035400000000000000e+04	6.377724401228321849e-01	1.989990119645750413e-03	1.000000000000000000e+00	9.154351000000000000e+07
3.037100000000000000e+04	6.413191242953057980e-01	2.005361337215357410e-03	1.000000000000000000e+00	9.154352700000000000e+07
3.038800000000000000e+04	6.406307111993977399e-01	1.995579725002093879e-03	1.000000000000000000e+00	9.154354400000000000e+07
3.040400000000000000e+04	6.404954194804205470e-01	2.146602932810834710e-03	1.000000000000000000e+00	9.154356000000000000e+07
3.042000000000000000e+04	6.405514266708806081e-01	2.264465437824615766e-03	1.000000000000000000e+00	9.154357600000000000e+07
3.043700000000000000e+04	6.401423198529698766e-01	1.992727052635962989e-03	1.000000000000000000e+00	9.154359300000000000e+07
3.045400000000000000e+04	6.422961001359610567e-01	1.999001738341143683e-03	1.000000000000000000e+00	9.154361000000000000e+07
3.047000000000000000e+04	6.416582294734298753e-01	1.999169341161081016e-03	1.000000000000000000e+00	9.154362600000000000e+07
3.048700000000000000e+04	6.412801810447339435e-01	1.993565080125798885e-03	1.000000000000000000e+00	9.154364300000000000e+07
3.050300000000000000e+04	6.404924563448384234e-01	1.992921081461048339e-03	1.000000000000000000e+00	9.154365900000000000e+07
3.051900000000000000e+04	6.425439202253933058e-01	2.003430211432982722e-03	1.000000000000000000e+00	9.154367500000000000e+07
3.053600000000000000e+04	6.428177209349220655e-01	1.994470140438533556e-03	1.000000000000000000e+00	9.154369200000000000e+07
3.055300000000000000e+04	6.418697159061382829e-01	1.999464030899705813e-03	1.000000000000000000e+00	9.154370900000000000e+07
3.056900000000000000e+04	6.407043321621410659e-01	1.995661126064704385e-03	1.000000000000000000e+00	9.154372500000000000e+07
3.058600000000000000e+04	6.404205082737282062e-01	2.137469704971696385e-03	1.000000000000000000e+00	9.154374200000000000e+07
3.060200000000000000e+04	6.397546107001170768e-01	2.238109909756005617e-03	1.000000000000000000e+00	9.154375800000000000e+07
3.061900000000000000e+04	6.392628057466832603e-01	1.986004716567431674e-03	1.000000000000000000e+00	9.154377500000000000e+07
3.063500000000000000e+04	6.405111983470481718e-01	1.994403814787095493e-03	1.000000000000000000e+00	9.154379100000000000e+07
3.065200000000000000e+04	6.400409126535552273e-01	2.022916655022521937e-03	1.000000000000000000e+00	9.154380800000000000e+07
3.066800000000000000e+04	6.402879490225185100e-01	1.995319637386718230e-03	1.000000000000000000e+00	9.154382400000000000e+07
3.068400000000000000e+04	6.420953252300306557e-01	1.994320242600346443e-03	1.000000000000000000e+00	9.154384000000000000e+07
3.070100000000000000e+04	6.401652749232620288e-01	1.991109673049433482e-03	1.000000000000000000e+00	9.154385700000000000e+07
3.071700000000000000e+04	6.394547007308174491e-01	1.984352390709280892e-03	1.000000000000000000e+00	9.154387300000000000e+07
3.079600000000000000e+04	6.394022809275443642e-01	1.992684364731301359e-03	1.000000000000000000e+00	9.154395200000000000e+07
3.081200000000000000e+04	6.400546095419828996e-01	1.984445336856511914e-03	1.000000000000000000e+00	9.154396800000000000e+07
3.082800000000000000e+04	6.416224712483894477e-01	2.134756520085263724e-03	1.000000000000000000e+00	9.154398400000000000e+07
3.084500000000000000e+04	6.420325565190382333e-01	2.233042588802379002e-03	1.000000000000000000e+00	9.154400100000000000e+07
3.086100000000000000e+04	6.391819225463156728e-01	2.005912203042930445e-03	1.000000000000000000e+00	9.154401700000000000e+07
3.087800000000000000e+04	6.409504629627577055e-01	1.984460193454954269e-03	1.000000000000000000e+00	9.154403400000000000e+07
3.089400000000000000e+04	6.393851504839928035e-01	1.979093218765797489e-03	1.000000000000000000e+00	9.154405000000000000e+07
3.091100000000000000e+04	6.398237436612214113e-01	1.979671928971940727e-03	1.000000000000000000e+00	9.154406700000000000e+07
3.092700000000000000e+04	6.411162305335015299e-01	1.984725199798577540e-03	1.000000000000000000e+00	9.154408300000000000e+07
3.094400000000000000e+04	6.407873493899984840e-01	1.980621521558282357e-03	1.000000000000000000e+00	9.154410000000000000e+07
3.096100000000000000e+04	6.406483820745405566e-01	1.985492415720834219e-03	1.000000000000000000e+00	9.154411700000000000e+07
3.097800000000000000e+04	6.400963177487073441e-01	1.985200437912624030e-03	1.000000000000000000e+00	9.154413400000000000e+07
3.099400000000000000e+04	6.412237723677679524e-01	1.981017178502898941e-03	1.000000000000000000e+00	9.154415000000000000e+07
3.101100000000000000e+04	6.408175190286953260e-01	2.124560092550554623e-03	1.000000000000000000e+00	9.154416700000000000e+07
3.102700000000000000e+04	6.374178860821485548e-01	2.215821258729994223e-03	1.000000000000000000e+00	9.154418300000000000e+07
3.104400000000000000e+04	6.413534060217173094e-01	1.978743615007088046e-03	1.000000000000000000e+00	9.154420000000000000e+07
3.106000000000000000e+04	6.433513712039761190e-01	1.986698266129557910e-03	1.000000000000000000e+00	9.154421600000000000e+07
3.107700000000000000e+04	6.381036431315154633e-01	1.973466357790709929e-03	1.000000000000000000e+00	9.154423300000000000e+07
3.109300000000000000e+04	6.418205223566999518e-01	1.979279633467896215e-03	1.000000000000000000e+00	9.154424900000000000e+07
3.111000000000000000e+04	6.407150874807386876e-01	1.981122874651058702e-03	1.000000000000000000e+00	9.154426600000000000e+07
3.112700000000000000e+04	6.419953084118996678e-01	1.982658323634617359e-03	1.000000000000000000e+00	9.154428300000000000e+07
3.114300000000000000e+04	6.390976585144214628e-01	1.976369460734885095e-03	1.000000000000000000e+00	9.154429900000000000e+07
3.116000000000000000e+04	6.393850427852195706e-01	1.984259420742439523e-03	1.000000000000000000e+00	9.154431600000000000e+07
3.117600000000000000e+04	6.435209252034395089e-01	1.989717582273266717e-03	1.000000000000000000e+00	9.154433200000000000e+07
3.119300000000000000e+04	6.427722747158653993e-01	2.133605962372052932e-03	1.000000000000000000e+00	9.154434900000000000e+07
3.121000000000000000e+04	6.420679420582147134e-01	2.227415872818167952e-03	1.000000000000000000e+00	9.154436600000000000e+07
3.122600000000000000e+04	6.402517760892953991e-01	1.982452784612754541e-03	1.000000000000000000e+00	9.154438200000000000e+07
3.124300000000000000e+04	6.438674623055717916e-01	1.991537943738951825e-03	1.000000000000000000e+00	9.154439900000000000e+07
3.125900000000000000e+04	6.425081187445037534e-01	1.984392145324646601e-03	1.000000000000000000e+00	9.154441500000000000e+07
3.127600000000000000e+04	6.402647475823921575e-01	1.991244636789649743e-03	1.000000000000000000e+00	9.154443200000000000e+07
3.129200000000000000e+04	6.408161648734065352e-01	1.987789189145415265e-03	1.000000000000000000e+00	9.154444800000000000e+07
3.130900000000000000e+04	6.400301844028716269e-01	2.000416953588769232e-03	1.000000000000000000e+00	9.154446500000000000e+07
3.132500000000000000e+04	6.407744604378093900e-01	1.987145789478178635e-03	1.000000000000000000e+00	9.154448100000000000e+07
3.134200000000000000e+04	6.412052890399498883e-01	1.992856426231546466e-03	1.000000000000000000e+00	9.154449800000000000e+07
3.135900000000000000e+04	6.410319053847860493e-01	1.985341705454944303e-03	1.000000000000000000e+00	9.154451500000000000e+07
3.137500000000000000e+04	6.397483385771899345e-01	2.128945104251769686e-03	1.000000000000000000e+00	9.154453100000000000e+07
3.139200000000000000e+04	6.405673019493750564e-01	2.230151772627678945e-03	1.000000000000000000e+00	9.154454800000000000e+07
3.140900000000000000e+04	6.392866002405239723e-01	1.980874167285288576e-03	1.000000000000000000e+00	9.154456500000000000e+07
3.142500000000000000e+04	6.431349329383004854e-01	1.999289330120409755e-03	1.000000000000000000e+00	9.154458100000000000e+07
3.144200000000000000e+04	6.414562487681078062e-01	1.987412681467864376e-03	1.000000000000000000e+00	9.154459800000000000e+07
3.145800000000000000e+04	6.402842017772619743e-01	1.992207388764020721e-03	1.000000000000000000e+00	9.154461400000000000e+07
3.147400000000000000e+04	6.357039633709645754e-01	1.977868665528926054e-03	1.000000000000000000e+00	9.154463000000000000e+07
3.149100000000000000e+04	6.414080852349873796e-01	1.994400521899467992e-03	1.000000000000000000e+00	9.154464700000000000e+07
3.150700000000000000e+04	6.399541648937445704e-01	1.993994238293061300e-03	1.000000000000000000e+00	9.154466300000000000e+07
3.152500000000000000e+04	6.421258640595516320e-01	2.006131989900098063e-03	1.000000000000000000e+00	9.154468100000000000e+07
3.154100000000000000e+04	6.420013034610805303e-01	1.995243766373922933e-03	1.000000000000000000e+00	9.154469700000000000e+07
3.155700000000000000e+04	6.417931088274534401e-01	2.141589140224625914e-03	1.000000000000000000e+00	9.154471300000000000e+07
3.157400000000000000e+04	6.434995313678504303e-01	2.243468566914805229e-03	1.000000000000000000e+00	9.154473000000000000e+07
3.159100000000000000e+04	6.385380726293653497e-01	1.991862703180382471e-03	1.000000000000000000e+00	9.154474700000000000e+07
3.160700000000000000e+04	6.420439995368709685e-01	2.003480454592213456e-03	1.000000000000000000e+00	9.154476300000000000e+07
3.162400000000000000e+04	6.433759225142623439e-01	2.003773602411733270e-03	1.000000000000000000e+00	9.154478000000000000e+07
3.164000000000000000e+04	6.418603457694124215e-01	2.002430023161158243e-03	1.000000000000000000e+00	9.154479600000000000e+07
3.165700000000000000e+04	6.427773487865235946e-01	2.005247961690600784e-03	1.000000000000000000e+00	9.154481300000000000e+07
3.167300000000000000e+04	6.420116731853108272e-01	2.004037433162146522e-03	1.000000000000000000e+00	9.154482900000000000e+07
3.169000000000000000e+04	6.385427051015596378e-01	1.993323294952860716e-03	1.000000000000000000e+00	9.154484600000000000e+07
3.176800000000000000e+04	6.394496683212821386e-01	2.002341616336169531e-03	1.000000000000000000e+00	9.154492400000000000e+07
3.178500000000000000e+04	6.411832366807488359e-01	1.999454889929798591e-03	1.000000000000000000e+00	9.154494100000000000e+07
3.180100000000000000e+04	6.409235056162652100e-01	2.140848162639337211e-03	1.000000000000000000e+00	9.154495700000000000e+07
3.181800000000000000e+04	6.402577804993798694e-01	2.239544030739425325e-03	1.000000000000000000e+00	9.154497400000000000e+07
3.183400000000000000e+04	6.376171060107805877e-01	1.993801586548531873e-03	1.000000000000000000e+00	9.154499000000000000e+07
3.185100000000000000e+04	6.416178831910492875e-01	1.999984375247928874e-03	1.000000000000000000e+00	9.154500700000000000e+07
3.186700000000000000e+04	6.421797842260938971e-01	2.002269864279443250e-03	1.000000000000000000e+00	9.154502300000000000e+07
3.188400000000000000e+04	6.404745197763899167e-01	1.998178043077358714e-03	1.000000000000000000e+00	9.154504000000000000e+07
3.190000000000000000e+04	6.430084940540371496e-01	1.998444123390393651e-03	1.000000000000000000e+00	9.154505600000000000e+07
3.191700000000000000e+04	6.431917897666035167e-01	2.004997730189680537e-03	1.000000000000000000e+00	9.154507300000000000e+07
3.193400000000000000e+04	6.399474995623046780e-01	1.991294701712580627e-03	1.000000000000000000e+00	9.154509000000000000e+07
3.195100000000000000e+04	6.397856629865636968e-01	1.993297907105970844e-03	1.000000000000000000e+00	9.154510700000000000e+07
3.196700000000000000e+04	6.414407741973804367e-01	1.994747514567703824e-03	1.000000000000000000e+00	9.154512300000000000e+07
3.198300000000000000e+04	6.406602210678113973e-01	2.136808530708615966e-03	1.000000000000000000e+00	9.154513900000000000e+07
3.200000000000000000e+04	6.416437475043047511e-01	2.233735854203573908e-03	1.000000000000000000e+00	9.154515600000000000e+07
3.201700000000000000e+04	6.402308963209878412e-01	1.990278053832546332e-03	1.000000000000000000e+00	9.154517300000000000e+07
3.203300000000000000e+04	6.416107404604612929e-01	1.996457394584370479e-03	1.000000000000000000e+00	9.154518900000000000e+07
3.205000000000000000e+04	6.418815198266821787e-01	1.989656631639117983e-03	1.000000000000000000e+00	9.154520600000000000e+07
3.206700000000000000e+04	6.460927567080452238e-01	2.000420338453265997e-03	1.000000000000000000e+00	9.154522300000000000e+07
3.208300000000000000e+04	6.392727286651936902e-01	1.991644681010706908e-03	1.000000000000000000e+00	9.154523900000000000e+07
3.210000000000000000e+04	6.397814524968453709e-01	1.989172708619002007e-03	1.000000000000000000e+00	9.154525600000000000e+07
3.211600000000000000e+04	6.402788375507038054e-01	1.987532440819254984e-03	1.000000000000000000e+00	9.154527200000000000e+07
3.213400000000000000e+04	6.414557424184367251e-01	1.992816205308710256e-03	1.000000000000000000e+00	9.154529000000000000e+07
3.215100000000000000e+04	6.409814344341834280e-01	1.990199423932794039e-03	1.000000000000000000e+00	9.154530700000000000e+07
3.216700000000000000e+04	6.421737451166595889e-01	2.135231833630357040e-03	1.000000000000000000e+00	9.154532300000000000e+07
3.218300000000000000e+04	6.416251037190110473e-01	2.232215992220103890e-03	1.000000000000000000e+00	9.154533900000000000e+07
3.220000000000000000e+04	6.399025399165646499e-01	1.982294009857048234e-03	1.000000000000000000e+00	9.154535600000000000e+07
3.221600000000000000e+04	6.434636591748446044e-01	1.994373917298925426e-03	1.000000000000000000e+00	9.154537200000000000e+07
3.223200000000000000e+04	6.407950614846705806e-01	2.023059629724089942e-03	1.000000000000000000e+00	9.154538800000000000e+07
3.224900000000000000e+04	6.394895201239740867e-01	1.986322414179066912e-03	1.000000000000000000e+00	9.154540500000000000e+07
3.226500000000000000e+04	6.400883654895694885e-01	1.984744087702301676e-03	1.000000000000000000e+00	9.154542100000000000e+07
3.228200000000000000e+04	6.402693500202977228e-01	1.986246003816416038e-03	1.000000000000000000e+00	9.154543800000000000e+07
3.229900000000000000e+04	6.411759335813264071e-01	1.983130010179481439e-03	1.000000000000000000e+00	9.154545500000000000e+07
3.231600000000000000e+04	6.413043806414275849e-01	1.992603868496818642e-03	1.000000000000000000e+00	9.154547200000000000e+07
3.233300000000000000e+04	6.407813459423163938e-01	1.984667567014462147e-03	1.000000000000000000e+00	9.154548900000000000e+07
3.234900000000000000e+04	6.389583801249654194e-01	2.128331923561939832e-03	1.000000000000000000e+00	9.154550500000000000e+07
3.236600000000000000e+04	6.403780915473379354e-01	2.226655717623828544e-03	1.000000000000000000e+00	9.154552200000000000e+07
3.238200000000000000e+04	6.385168784047786650e-01	1.985150067618182083e-03	1.000000000000000000e+00	9.154553800000000000e+07
3.239900000000000000e+04	6.436569354846572999e-01	1.993279203576310034e-03	1.000000000000000000e+00	9.154555500000000000e+07
3.241500000000000000e+04	6.400948017492944508e-01	1.991188277752601807e-03	1.000000000000000000e+00	9.154557100000000000e+07
3.243200000000000000e+04	6.414470010482921092e-01	1.990314442063726742e-03	1.000000000000000000e+00	9.154558800000000000e+07
3.244900000000000000e+04	6.415704510062503196e-01	1.993346303823062202e-03	1.000000000000000000e+00	9.154560500000000000e+07
3.246500000000000000e+04	6.392455685167652835e-01	1.982590346044771617e-03	1.000000000000000000e+00	9.154562100000000000e+07
3.248100000000000000e+04	6.412517509652786440e-01	1.987787605185169747e-03	1.000000000000000000e+00	9.154563700000000000e+07
3.249900000000000000e+04	6.412542538588835717e-01	1.996646373400615473e-03	1.000000000000000000e+00	9.154565500000000000e+07
3.251500000000000000e+04	6.434161666843219995e-01	2.003447887108531812e-03	1.000000000000000000e+00	9.154567100000000000e+07
3.253100000000000000e+04	6.426679418886150907e-01	2.163106776942420265e-03	1.000000000000000000e+00	9.154568700000000000e+07
3.254800000000000000e+04	6.399009620881321858e-01	2.229918295869710680e-03	1.000000000000000000e+00	9.154570400000000000e+07
3.256500000000000000e+04	6.386856461449011979e-01	1.983126975237755121e-03	1.000000000000000000e+00	9.154572100000000000e+07
3.258100000000000000e+04	6.404157828977574685e-01	1.985556599691992979e-03	1.000000000000000000e+00	9.154573700000000000e+07
3.259800000000000000e+04	6.427694626810369627e-01	1.991690542133282230e-03	1.000000000000000000e+00	9.154575400000000000e+07
3.261400000000000000e+04	6.408320850541739944e-01	1.989124146183254404e-03	1.000000000000000000e+00	9.154577000000000000e+07
3.263100000000000000e+04	6.436488721346257380e-01	1.992524586775728558e-03	1.000000000000000000e+00	9.154578700000000000e+07
3.264700000000000000e+04	6.447991520006600696e-01	1.997310144072209429e-03	1.000000000000000000e+00	9.154580300000000000e+07
3.266400000000000000e+04	6.395911196861697734e-01	1.993341368582954992e-03	1.000000000000000000e+00	9.154582000000000000e+07
3.274300000000000000e+04	6.408542549951883327e-01	1.996515809175990024e-03	1.000000000000000000e+00	9.154589900000000000e+07
3.275900000000000000e+04	6.427102051266891936e-01	1.994258323160052592e-03	1.000000000000000000e+00	9.154591500000000000e+07
3.277600000000000000e+04	6.419418015252872367e-01	2.132997742339214596e-03	1.000000000000000000e+00	9.154593200000000000e+07
3.279300000000000000e+04	6.411340535962167797e-01	2.230416623459903751e-03	1.000000000000000000e+00	9.154594900000000000e+07
3.280900000000000000e+04	6.397786422384229565e-01	1.987640043063267515e-03	1.000000000000000000e+00	9.154596500000000000e+07
3.282600000000000000e+04	6.413353708226057215e-01	1.991584418662045372e-03	1.000000000000000000e+00	9.154598200000000000e+07
3.284200000000000000e+04	6.378719103909615828e-01	1.987493633559721945e-03	1.000000000000000000e+00	9.154599800000000000e+07
3.285900000000000000e+04	6.416315230296296690e-01	1.991752917223299762e-03	1.000000000000000000e+00	9.154601500000000000e+07
3.287600000000000000e+04	6.387029563133541643e-01	1.987512976406998529e-03	1.000000000000000000e+00	9.154603200000000000e+07
3.289200000000000000e+04	6.432084869232698177e-01	1.997263770302871826e-03	1.000000000000000000e+00	9.154604800000000000e+07
3.290800000000000000e+04	6.399599253035969104e-01	1.987038118707396776e-03	1.000000000000000000e+00	9.154606400000000000e+07
3.292600000000000000e+04	6.423272121943887081e-01	2.002044630320177262e-03	1.000000000000000000e+00	9.154608200000000000e+07
3.294200000000000000e+04	6.437767458434894285e-01	1.996578938785802722e-03	1.000000000000000000e+00	9.154609800000000000e+07
3.295800000000000000e+04	6.421522897054662282e-01	2.143475065805994489e-03	1.000000000000000000e+00	9.154611400000000000e+07
3.297500000000000000e+04	6.406163438244620867e-01	2.236900611953657452e-03	1.000000000000000000e+00	9.154613100000000000e+07
3.299200000000000000e+04	6.390185581567005002e-01	1.989128985337896942e-03	1.000000000000000000e+00	9.154614800000000000e+07
3.300800000000000000e+04	6.412571481714954835e-01	2.013698080919393112e-03	1.000000000000000000e+00	9.154616400000000000e+07
3.302500000000000000e+04	6.407229751525816974e-01	1.988900243619730768e-03	1.000000000000000000e+00	9.154618100000000000e+07
3.304200000000000000e+04	6.424168942723232911e-01	1.995792114036982253e-03	1.000000000000000000e+00	9.154619800000000000e+07
3.305800000000000000e+04	6.400457917267091679e-01	1.984536608240080116e-03	1.000000000000000000e+00	9.154621400000000000e+07
3.307400000000000000e+04	6.424296071851084422e-01	1.996362186476518478e-03	1.000000000000000000e+00	9.154623000000000000e+07
3.309100000000000000e+04	6.389169767169313729e-01	1.985014780651332862e-03	1.000000000000000000e+00	9.154624700000000000e+07
3.310800000000000000e+04	6.389713705254446152e-01	1.990084347199971068e-03	1.000000000000000000e+00	9.154626400000000000e+07
3.312500000000000000e+04	6.395536506411949595e-01	1.987683517853704868e-03	1.000000000000000000e+00	9.154628100000000000e+07
3.314100000000000000e+04	6.420504280146928089e-01	2.137496785046896428e-03	1.000000000000000000e+00	9.154629700000000000e+07
3.315800000000000000e+04	6.425717348406657647e-01	2.239220912204872502e-03	1.000000000000000000e+00	9.154631400000000000e+07
3.317400000000000000e+04	6.390746625414476245e-01	1.982909806152210672e-03	1.000000000000000000e+00	9.154633000000000000e+07
3.319100000000000000e+04	6.410995707757140005e-01	1.990422977513615129e-03	1.000000000000000000e+00	9.154634700000000000e+07
3.320700000000000000e+04	6.386985721663329674e-01	1.985186714698228879e-03	1.000000000000000000e+00	9.154636300000000000e+07
3.322400000000000000e+04	6.388647650868104488e-01	1.990573614468525362e-03	1.000000000000000000e+00	9.154638000000000000e+07
3.324100000000000000e+04	6.407896283922647207e-01	1.984654156043391942e-03	1.000000000000000000e+00	9.154639700000000000e+07
3.325700000000000000e+04	6.403260779912536282e-01	1.990592993886894889e-03	1.000000000000000000e+00	9.154641300000000000e+07
3.327300000000000000e+04	6.415359301107186329e-01	1.988056705530272424e-03	1.000000000000000000e+00	9.154642900000000000e+07
3.329000000000000000e+04	6.421578870672334238e-01	1.994259549472484835e-03	1.000000000000000000e+00	9.154644600000000000e+07
3.330700000000000000e+04	6.424927874633054037e-01	1.991668498154645396e-03	1.000000000000000000e+00	9.154646300000000000e+07
3.332400000000000000e+04	6.404576223444750083e-01	2.126104182155118434e-03	1.000000000000000000e+00	9.154648000000000000e+07
3.334000000000000000e+04	6.420287247495474192e-01	2.230647227776808364e-03	1.000000000000000000e+00	9.154649600000000000e+07
3.335700000000000000e+04	6.414556856192740186e-01	1.983431667384826565e-03	1.000000000000000000e+00	9.154651300000000000e+07
3.337300000000000000e+04	6.418834353585765040e-01	1.986272059855632467e-03	1.000000000000000000e+00	9.154652900000000000e+07
3.339000000000000000e+04	6.430992656100921190e-01	1.988903362921928385e-03	1.000000000000000000e+00	9.154654600000000000e+07
3.340600000000000000e+04	6.399001240804854662e-01	1.984609349572192399e-03	1.000000000000000000e+00	9.154656200000000000e+07
3.342300000000000000e+04	6.380061988052263544e-01	1.981944909734913943e-03	1.000000000000000000e+00	9.154657900000000000e+07
3.343900000000000000e+04	6.372247361422024303e-01	1.978138801104986112e-03	1.000000000000000000e+00	9.154659500000000000e+07
3.345500000000000000e+04	6.402008105099512569e-01	1.988484458123618900e-03	1.000000000000000000e+00	9.154661100000000000e+07
3.347200000000000000e+04	6.396427780364382087e-01	1.986844312103993888e-03	1.000000000000000000e+00	9.154662800000000000e+07
3.348900000000000000e+04	6.454172418004547884e-01	1.997687345549879236e-03	1.000000000000000000e+00	9.154664500000000000e+07
3.350500000000000000e+04	6.406808039674298794e-01	2.133582305483398313e-03	1.000000000000000000e+00	9.154666100000000000e+07
3.352100000000000000e+04	6.427081880188494356e-01	2.235291649758178179e-03	1.000000000000000000e+00	9.154667700000000000e+07
3.353800000000000000e+04	6.379031942723101256e-01	1.977055907149915647e-03	1.000000000000000000e+00	9.154669400000000000e+07
3.355400000000000000e+04	6.423798026686390328e-01	1.996297291722819254e-03	1.000000000000000000e+00	9.154671000000000000e+07
3.357100000000000000e+04	6.402499032319470817e-01	2.004011959985463939e-03	1.000000000000000000e+00	9.154672700000000000e+07
3.358700000000000000e+04	6.419965142364798538e-01	1.988695613633859830e-03	1.000000000000000000e+00	9.154674300000000000e+07
3.360400000000000000e+04	6.420399793146667200e-01	1.988756558047020864e-03	1.000000000000000000e+00	9.154676000000000000e+07
3.362000000000000000e+04	6.404509470745853861e-01	1.991629244784567584e-03	1.000000000000000000e+00	9.154677600000000000e+07
3.363700000000000000e+04	6.394928359618627933e-01	1.986435764362933561e-03	1.000000000000000000e+00	9.154679300000000000e+07
3.371600000000000000e+04	6.410472033666422265e-01	1.991993150104307518e-03	1.000000000000000000e+00	9.154687200000000000e+07
3.373200000000000000e+04	6.410170365825784700e-01	1.984750943832370301e-03	1.000000000000000000e+00	9.154688800000000000e+07
3.374800000000000000e+04	6.429512787797917461e-01	2.147360838023209054e-03	1.000000000000000000e+00	9.154690400000000000e+07
3.376500000000000000e+04	6.434090295078238597e-01	2.234713456397457738e-03	1.000000000000000000e+00	9.154692100000000000e+07
3.378200000000000000e+04	6.394118950055968087e-01	1.982782039519857646e-03	1.000000000000000000e+00	9.154693800000000000e+07
3.379800000000000000e+04	6.437909528870838782e-01	1.995403042716512813e-03	1.000000000000000000e+00	9.154695400000000000e+07
3.381500000000000000e+04	6.421766843382370471e-01	1.994322191994653010e-03	1.000000000000000000e+00	9.154697100000000000e+07
3.383100000000000000e+04	6.415894937185295799e-01	1.986769672336987508e-03	1.000000000000000000e+00	9.154698700000000000e+07
3.384800000000000000e+04	6.413467459076249710e-01	1.988931885815191803e-03	1.000000000000000000e+00	9.154700400000000000e+07
3.386400000000000000e+04	6.419686364549357371e-01	1.990832359475858907e-03	1.000000000000000000e+00	9.154702000000000000e+07
3.388100000000000000e+04	6.392358442537547925e-01	1.984628586152423473e-03	1.000000000000000000e+00	9.154703700000000000e+07
3.389800000000000000e+04	6.438925383724550811e-01	2.000444603742072489e-03	1.000000000000000000e+00	9.154705400000000000e+07
3.391400000000000000e+04	6.415316951419112179e-01	1.986196023143069027e-03	1.000000000000000000e+00	9.154707000000000000e+07
3.393100000000000000e+04	6.416840426313005219e-01	2.133128351952045393e-03	1.000000000000000000e+00	9.154708700000000000e+07
3.394700000000000000e+04	6.383088115257422590e-01	2.222918405346244793e-03	1.000000000000000000e+00	9.154710300000000000e+07
3.396300000000000000e+04	6.375538562778808593e-01	1.998527571536377195e-03	1.000000000000000000e+00	9.154711900000000000e+07
3.398000000000000000e+04	6.429063305427947794e-01	1.991029378159823830e-03	1.000000000000000000e+00	9.154713600000000000e+07
3.399600000000000000e+04	6.392911348877448052e-01	1.981719986653986652e-03	1.000000000000000000e+00	9.154715200000000000e+07
3.401300000000000000e+04	6.403821251809964643e-01	1.986209554731003385e-03	1.000000000000000000e+00	9.154716900000000000e+07
3.402900000000000000e+04	6.429430905682458341e-01	1.991356410492355934e-03	1.000000000000000000e+00	9.154718500000000000e+07
3.404600000000000000e+04	6.432106037916859309e-01	1.995130538179074563e-03	1.000000000000000000e+00	9.154720200000000000e+07
3.406200000000000000e+04	6.421325051836728193e-01	1.991891843415764720e-03	1.000000000000000000e+00	9.154721800000000000e+07
3.407900000000000000e+04	6.398935433856596244e-01	1.996005322427069767e-03	1.000000000000000000e+00	9.154723500000000000e+07
3.409500000000000000e+04	6.435048425117279036e-01	1.993725684277670995e-03	1.000000000000000000e+00	9.154725100000000000e+07
3.411200000000000000e+04	6.381778073398489681e-01	2.127786201645700138e-03	1.000000000000000000e+00	9.154726800000000000e+07
3.412900000000000000e+04	6.431286840201879684e-01	2.236076071740567082e-03	1.000000000000000000e+00	9.154728500000000000e+07
3.414500000000000000e+04	6.365497744897330445e-01	1.983977829395724892e-03	1.000000000000000000e+00	9.154730100000000000e+07
3.416200000000000000e+04	6.428317099746881924e-01	1.997084915317435660e-03	1.000000000000000000e+00	9.154731800000000000e+07
3.417800000000000000e+04	6.405510937565884744e-01	1.989064799186735909e-03	1.000000000000000000e+00	9.154733400000000000e+07
3.419500000000000000e+04	6.426464478044581208e-01	1.994588114628303641e-03	1.000000000000000000e+00	9.154735100000000000e+07
3.421100000000000000e+04	6.384301684076471028e-01	1.985772352470925942e-03	1.000000000000000000e+00	9.154736700000000000e+07
3.422800000000000000e+04	6.416519655605146255e-01	1.993752657697757478e-03	1.000000000000000000e+00	9.154738400000000000e+07
3.424500000000000000e+04	6.430489884078773866e-01	1.999492038597846123e-03	1.000000000000000000e+00	9.154740100000000000e+07
3.426100000000000000e+04	6.428280523323921525e-01	2.000119959795091783e-03	1.000000000000000000e+00	9.154741700000000000e+07
3.427800000000000000e+04	6.444708836810396635e-01	1.993453801990112406e-03	1.000000000000000000e+00	9.154743400000000000e+07
3.429500000000000000e+04	6.394132013848186080e-01	2.128964641556988641e-03	1.000000000000000000e+00	9.154745100000000000e+07
3.431100000000000000e+04	6.423326996599982852e-01	2.241128982121132901e-03	1.000000000000000000e+00	9.154746700000000000e+07
3.432800000000000000e+04	6.380303019834313583e-01	1.981365197151232528e-03	1.000000000000000000e+00	9.154748400000000000e+07
3.434400000000000000e+04	6.407438869980870422e-01	1.993251737751364910e-03	1.000000000000000000e+00	9.154750000000000000e+07
3.436000000000000000e+04	6.401577302685872439e-01	1.994661818222209174e-03	1.000000000000000000e+00	9.154751600000000000e+07
3.437700000000000000e+04	6.404257408564978382e-01	1.989085909569315944e-03	1.000000000000000000e+00	9.154753300000000000e+07
3.439300000000000000e+04	6.397963295538808826e-01	1.986917601869930567e-03	1.000000000000000000e+00	9.154754900000000000e+07
3.441000000000000000e+04	6.426264028440302756e-01	1.994656186458161444e-03	1.000000000000000000e+00	9.154756600000000000e+07
3.442600000000000000e+04	6.401923348018706550e-01	1.989008640813660824e-03	1.000000000000000000e+00	9.154758200000000000e+07
3.444400000000000000e+04	6.393776260711269144e-01	1.993522904802911590e-03	1.000000000000000000e+00	9.154760000000000000e+07
3.446000000000000000e+04	6.407453502452090666e-01	1.992190429139892045e-03	1.000000000000000000e+00	9.154761600000000000e+07
3.447600000000000000e+04	6.435066173858975391e-01	2.143295991548302155e-03	1.000000000000000000e+00	9.154763200000000000e+07
3.449300000000000000e+04	6.397399701395701799e-01	2.236970415878190843e-03	1.000000000000000000e+00	9.154764900000000000e+07
3.450900000000000000e+04	6.383561484384876472e-01	1.985779604311081661e-03	1.000000000000000000e+00	9.154766500000000000e+07
3.452500000000000000e+04	6.448490608770772736e-01	2.001121582551367191e-03	1.000000000000000000e+00	9.154768100000000000e+07
3.454200000000000000e+04	6.394302944931644639e-01	1.991665038643798333e-03	1.000000000000000000e+00	9.154769800000000000e+07
3.455800000000000000e+04	6.412177973313567536e-01	1.996660333537549938e-03	1.000000000000000000e+00	9.154771400000000000e+07
3.457500000000000000e+04	6.405210169391137853e-01	1.995003209579869919e-03	1.000000000000000000e+00	9.154773100000000000e+07
3.459100000000000000e+04	6.418164715709134827e-01	1.995796080680714481e-03	1.000000000000000000e+00	9.154774700000000000e+07
3.460800000000000000e+04	6.410915521794883221e-01	1.990652546926093697e-03	1.000000000000000000e+00	9.154776400000000000e+07
3.468700000000000000e+04	6.396092701253662804e-01	1.996357835779275034e-03	1.000000000000000000e+00	9.154784300000000000e+07
3.470400000000000000e+04	6.404737267924541788e-01	1.992429328930820937e-03	1.000000000000000000e+00	9.154786000000000000e+07
3.472000000000000000e+04	6.418644681847551769e-01	2.135864572445533155e-03	1.000000000000000000e+00	9.154787600000000000e+07
3.473700000000000000e+04	6.410132231785130585e-01	2.233923914980820782e-03	1.000000000000000000e+00	9.154789300000000000e+07
3.475300000000000000e+04	6.386819074050936740e-01	1.984107121744817064e-03	1.000000000000000000e+00	9.154790900000000000e+07
3.476900000000000000e+04	6.426563783232616123e-01	1.996070417941313464e-03	1.000000000000000000e+00	9.154792500000000000e+07
3.478600000000000000e+04	6.427373418974836605e-01	1.996909427722999650e-03	1.000000000000000000e+00	9.154794200000000000e+07
3.480200000000000000e+04	6.407617054413031754e-01	2.027706112347274058e-03	1.000000000000000000e+00	9.154795800000000000e+07
3.481900000000000000e+04	6.388790371702424142e-01	1.988759110044121051e-03	1.000000000000000000e+00	9.154797500000000000e+07
3.483500000000000000e+04	6.398231310537869643e-01	1.988008042610113664e-03	1.000000000000000000e+00	9.154799100000000000e+07
3.485200000000000000e+04	6.406458308400481139e-01	1.990499838993053158e-03	1.000000000000000000e+00	9.154800800000000000e+07
3.486900000000000000e+04	6.389675635278052601e-01	1.990154299157847854e-03	1.000000000000000000e+00	9.154802500000000000e+07
3.488500000000000000e+04	6.392895722921191348e-01	1.987639001822052737e-03	1.000000000000000000e+00	9.154804100000000000e+07
3.490100000000000000e+04	6.423767583922775914e-01	2.142401065978921920e-03	1.000000000000000000e+00	9.154805700000000000e+07
3.491800000000000000e+04	6.415685234229043798e-01	2.234563486878852513e-03	1.000000000000000000e+00	9.154807400000000000e+07
3.493400000000000000e+04	6.384587790600224633e-01	1.987121450307668003e-03	1.000000000000000000e+00	9.154809000000000000e+07
3.495100000000000000e+04	6.421276034143822420e-01	1.998069557282391127e-03	1.000000000000000000e+00	9.154810700000000000e+07
3.496700000000000000e+04	6.398366033766296201e-01	1.995314255179479312e-03	1.000000000000000000e+00	9.154812300000000000e+07
3.498300000000000000e+04	6.400694257388404029e-01	1.991313779349350443e-03	1.000000000000000000e+00	9.154813900000000000e+07
3.500000000000000000e+04	6.426525983480847470e-01	2.000399543065278438e-03	1.000000000000000000e+00	9.154815600000000000e+07
3.501600000000000000e+04	6.390185830484946816e-01	1.990943325937102621e-03	1.000000000000000000e+00	9.154817200000000000e+07
3.503300000000000000e+04	6.385202372150520223e-01	1.991767488494069170e-03	1.000000000000000000e+00	9.154818900000000000e+07
3.505000000000000000e+04	6.410690907767634394e-01	2.023675785872878444e-03	1.000000000000000000e+00	9.154820600000000000e+07
3.506700000000000000e+04	6.418776881724417294e-01	1.993155440139767007e-03	1.000000000000000000e+00	9.154822300000000000e+07
3.508300000000000000e+04	6.411615549506564093e-01	2.135908105569767935e-03	1.000000000000000000e+00	9.154823900000000000e+07
3.510000000000000000e+04	6.417241162099706075e-01	2.237201183506638564e-03	1.000000000000000000e+00	9.154825600000000000e+07
3.511700000000000000e+04	6.403996075320601555e-01	2.002667624017488799e-03	1.000000000000000000e+00	9.154827300000000000e+07
3.513300000000000000e+04	6.455176870397721922e-01	2.006352954600794554e-03	1.000000000000000000e+00	9.154828900000000000e+07
3.514900000000000000e+04	6.403864676938181288e-01	1.996969339152698027e-03	1.000000000000000000e+00	9.154830500000000000e+07
3.516500000000000000e+04	6.401806554933661131e-01	1.993109879311422573e-03	1.000000000000000000e+00	9.154832100000000000e+07
3.518200000000000000e+04	6.435690897885031347e-01	1.999786695687205684e-03	1.000000000000000000e+00	9.154833800000000000e+07
3.519900000000000000e+04	6.387486502533767929e-01	1.992201355612475532e-03	1.000000000000000000e+00	9.154835500000000000e+07
3.521500000000000000e+04	6.401542978743417489e-01	1.997090818000057857e-03	1.000000000000000000e+00	9.154837100000000000e+07
3.523200000000000000e+04	6.351137120675880432e-01	1.987773953370788969e-03	1.000000000000000000e+00	9.154838800000000000e+07
3.524900000000000000e+04	6.409488619176449964e-01	1.995054273111362096e-03	1.000000000000000000e+00	9.154840500000000000e+07
3.526500000000000000e+04	6.400452744446754050e-01	2.137219503654717422e-03	1.000000000000000000e+00	9.154842100000000000e+07
3.528200000000000000e+04	6.402701318407679754e-01	2.236786577886189144e-03	1.000000000000000000e+00	9.154843800000000000e+07
3.529800000000000000e+04	6.419631684977967767e-01	2.001199124124116314e-03	1.000000000000000000e+00	9.154845400000000000e+07
3.531400000000000000e+04	6.432772523210708027e-01	2.002375935461436860e-03	1.000000000000000000e+00	9.154847000000000000e+07
3.533100000000000000e+04	6.413949256820969946e-01	1.993479907451206450e-03	1.000000000000000000e+00	9.154848700000000000e+07
3.534700000000000000e+04	6.417158226735366622e-01	1.996766559599689583e-03	1.000000000000000000e+00	9.154850300000000000e+07
3.536400000000000000e+04	6.389884204443192495e-01	1.995467561944224127e-03	1.000000000000000000e+00	9.154852000000000000e+07
3.538000000000000000e+04	6.401104056964582734e-01	1.991956850614561448e-03	1.000000000000000000e+00	9.154853600000000000e+07
3.539700000000000000e+04	6.395394271890476601e-01	1.991924093538521932e-03	1.000000000000000000e+00	9.154855300000000000e+07
3.541400000000000000e+04	6.406067856424499940e-01	2.015773932377932891e-03	1.000000000000000000e+00	9.154857000000000000e+07
3.543100000000000000e+04	6.422383057977321119e-01	2.004382870631144734e-03	1.000000000000000000e+00	9.154858700000000000e+07
3.544700000000000000e+04	6.438643959820820051e-01	2.144232102017821530e-03	1.000000000000000000e+00	9.154860300000000000e+07
3.546400000000000000e+04	6.384600089956143920e-01	2.226867967979667771e-03	1.000000000000000000e+00	9.154862000000000000e+07
3.548000000000000000e+04	6.398504181349093933e-01	1.986639274690684808e-03	1.000000000000000000e+00	9.154863600000000000e+07
3.549700000000000000e+04	6.405068687645085745e-01	1.992376365828285329e-03	1.000000000000000000e+00	9.154865300000000000e+07
3.551300000000000000e+04	6.409200363871038197e-01	1.990158690632725606e-03	1.000000000000000000e+00	9.154866900000000000e+07
3.553000000000000000e+04	6.418361383609300086e-01	1.998816746299139722e-03	1.000000000000000000e+00	9.154868600000000000e+07
3.554600000000000000e+04	6.400774681415837275e-01	1.987942435519151046e-03	1.000000000000000000e+00	9.154870200000000000e+07
3.556300000000000000e+04	6.440040562584017358e-01	2.003127305633090830e-03	1.000000000000000000e+00	9.154871900000000000e+07
3.557900000000000000e+04	6.411366180922910551e-01	1.992694552984286115e-03	1.000000000000000000e+00	9.154873500000000000e+07
3.565800000000000000e+04	6.427792522093066507e-01	2.006122338828347264e-03	1.000000000000000000e+00	9.154881400000000000e+07
3.567500000000000000e+04	6.441991290828186223e-01	2.001971115805623296e-03	1.000000000000000000e+00	9.154883100000000000e+07
3.569200000000000000e+04	6.442043623031548094e-01	2.143620897617330451e-03	1.000000000000000000e+00	9.154884800000000000e+07
3.570800000000000000e+04	6.385167345083027080e-01	2.231693008150684426e-03	1.000000000000000000e+00	9.154886400000000000e+07
3.572500000000000000e+04	6.400016293705795833e-01	2.007487567319093686e-03	1.000000000000000000e+00	9.154888100000000000e+07
3.574100000000000000e+04	6.428748549528044975e-01	2.000514799828666951e-03	1.000000000000000000e+00	9.154889700000000000e+07
3.575800000000000000e+04	6.392184385149857206e-01	1.988172837462519760e-03	1.000000000000000000e+00	9.154891400000000000e+07
3.577400000000000000e+04	6.418651540186498528e-01	1.994220443772488482e-03	1.000000000000000000e+00	9.154893000000000000e+07
3.579100000000000000e+04	6.414119459243601273e-01	1.997539179220758458e-03	1.000000000000000000e+00	9.154894700000000000e+07
3.580700000000000000e+04	6.431396672828681993e-01	2.003384894806022661e-03	1.000000000000000000e+00	9.154896300000000000e+07
3.582300000000000000e+04	6.401174376851610504e-01	1.995183699271363669e-03	1.000000000000000000e+00	9.154897900000000000e+07
3.584000000000000000e+04	6.377187364785938950e-01	1.993869048603921779e-03	1.000000000000000000e+00	9.154899600000000000e+07
3.585700000000000000e+04	6.411475022076097430e-01	1.999339945402692914e-03	1.000000000000000000e+00	9.154901300000000000e+07
3.587300000000000000e+04	6.454740467723527608e-01	2.150806492335306536e-03	1.000000000000000000e+00	9.154902900000000000e+07
3.589000000000000000e+04	6.414633757012470072e-01	2.243139323124108964e-03	1.000000000000000000e+00	9.154904600000000000e+07
3.590600000000000000e+04	6.386705077561221078e-01	1.989464981875300933e-03	1.000000000000000000e+00	9.154906200000000000e+07
3.592300000000000000e+04	6.441776563295320557e-01	2.005388867074313266e-03	1.000000000000000000e+00	9.154907900000000000e+07
3.594000000000000000e+04	6.395181682344915908e-01	1.994470764933804589e-03	1.000000000000000000e+00	9.154909600000000000e+07
3.595600000000000000e+04	6.409527257985325743e-01	2.002133627625744903e-03	1.000000000000000000e+00	9.154911200000000000e+07
3.597300000000000000e+04	6.413154724781733318e-01	2.000270509919584595e-03	1.000000000000000000e+00	9.154912900000000000e+07
3.598900000000000000e+04	6.394339444390017002e-01	1.999695219459701398e-03	1.000000000000000000e+00	9.154914500000000000e+07
3.600600000000000000e+04	6.427467068878177647e-01	2.002667996612524353e-03	1.000000000000000000e+00	9.154916200000000000e+07
3.602300000000000000e+04	6.392233118040976381e-01	2.006913747272018930e-03	1.000000000000000000e+00	9.154917900000000000e+07
3.604000000000000000e+04	6.456250761109427749e-01	2.018498533063769421e-03	1.000000000000000000e+00	9.154919600000000000e+07
3.605600000000000000e+04	6.426772002470372280e-01	2.151615670283099375e-03	1.000000000000000000e+00	9.154921200000000000e+07
3.607300000000000000e+04	6.393683573791656416e-01	2.238963383370132579e-03	1.000000000000000000e+00	9.154922900000000000e+07
3.608900000000000000e+04	6.408207157135523691e-01	1.998009733976479664e-03	1.000000000000000000e+00	9.154924500000000000e+07
3.610600000000000000e+04	6.424863603247474853e-01	2.014372862210798368e-03	1.000000000000000000e+00	9.154926200000000000e+07
3.612300000000000000e+04	6.410386745450842305e-01	2.004934175051626289e-03	1.000000000000000000e+00	9.154927900000000000e+07
3.613900000000000000e+04	6.388946097629684129e-01	2.003184293621118606e-03	1.000000000000000000e+00	9.154929500000000000e+07
3.615600000000000000e+04	6.387021071728704591e-01	1.997042763174006284e-03	1.000000000000000000e+00	9.154931200000000000e+07
3.617200000000000000e+04	6.412365619300729458e-01	2.006198617326111072e-03	1.000000000000000000e+00	9.154932800000000000e+07
3.618900000000000000e+04	6.414302963608798924e-01	2.007249269498905409e-03	1.000000000000000000e+00	9.154934500000000000e+07
3.620600000000000000e+04	6.419603399455404702e-01	2.015746638564764985e-03	1.000000000000000000e+00	9.154936200000000000e+07
3.622200000000000000e+04	6.405961224904256346e-01	2.004311329954715400e-03	1.000000000000000000e+00	9.154937800000000000e+07
3.623900000000000000e+04	6.400267367099999882e-01	2.145242224332806567e-03	1.000000000000000000e+00	9.154939500000000000e+07
3.625600000000000000e+04	6.442822532095916488e-01	2.250978525426155976e-03	1.000000000000000000e+00	9.154941200000000000e+07
3.627300000000000000e+04	6.363029098675766493e-01	1.991885540649769408e-03	1.000000000000000000e+00	9.154942900000000000e+07
3.628900000000000000e+04	6.427243512920823854e-01	2.008287849950180209e-03	1.000000000000000000e+00	9.154944500000000000e+07
3.630600000000000000e+04	6.428724012614135397e-01	2.011373552777365441e-03	1.000000000000000000e+00	9.154946200000000000e+07
3.632300000000000000e+04	6.413815699869703790e-01	2.041525233217981582e-03	1.000000000000000000e+00	9.154947900000000000e+07
3.633900000000000000e+04	6.413436784703974158e-01	2.001564694432502334e-03	1.000000000000000000e+00	9.154949500000000000e+07
3.635600000000000000e+04	6.399925610396210995e-01	2.005189307203910851e-03	1.000000000000000000e+00	9.154951200000000000e+07
3.637200000000000000e+04	6.400489429560715093e-01	1.998207624279761240e-03	1.000000000000000000e+00	9.154952800000000000e+07
3.639000000000000000e+04	6.419206111672417503e-01	2.007353411600364818e-03	1.000000000000000000e+00	9.154954600000000000e+07
3.640600000000000000e+04	6.437959604226269894e-01	2.015010710032533441e-03	1.000000000000000000e+00	9.154956200000000000e+07
3.642300000000000000e+04	6.412769871845016567e-01	2.142189065607843449e-03	1.000000000000000000e+00	9.154957900000000000e+07
3.643900000000000000e+04	6.404357407533126656e-01	2.240543110384332539e-03	1.000000000000000000e+00	9.154959500000000000e+07
3.645600000000000000e+04	6.400539166611157738e-01	2.000805605266977195e-03	1.000000000000000000e+00	9.154961200000000000e+07
3.647300000000000000e+04	6.412892731587536144e-01	2.010020768386634651e-03	1.000000000000000000e+00	9.154962900000000000e+07
3.648900000000000000e+04	6.415403874684237895e-01	2.000332573087472074e-03	1.000000000000000000e+00	9.154964500000000000e+07
3.650600000000000000e+04	6.443308698939261836e-01	2.006314044114700535e-03	1.000000000000000000e+00	9.154966200000000000e+07
3.652200000000000000e+04	6.408056541788468286e-01	1.996329988292390879e-03	1.000000000000000000e+00	9.154967800000000000e+07
3.653900000000000000e+04	6.399112956445748290e-01	2.003293780856308607e-03	1.000000000000000000e+00	9.154969500000000000e+07
3.655600000000000000e+04	6.409857701962009546e-01	1.998674659875414924e-03	1.000000000000000000e+00	9.154971200000000000e+07
3.663500000000000000e+04	6.397718631775519693e-01	1.999580177764137979e-03	1.000000000000000000e+00	9.154979100000000000e+07
3.665200000000000000e+04	6.416365980435949634e-01	2.000148804161372678e-03	1.000000000000000000e+00	9.154980800000000000e+07
3.666900000000000000e+04	6.386045300953748782e-01	2.135463985449594527e-03	1.000000000000000000e+00	9.154982500000000000e+07
3.668500000000000000e+04	6.403721216271734962e-01	2.253067993495384575e-03	1.000000000000000000e+00	9.154984100000000000e+07
3.670100000000000000e+04	6.400733594441037067e-01	2.002541743506322091e-03	1.000000000000000000e+00	9.154985700000000000e+07
3.671800000000000000e+04	6.422306054762624283e-01	2.006649966432320995e-03	1.000000000000000000e+00	9.154987400000000000e+07
3.673500000000000000e+04	6.417177769064987825e-01	1.998142157562795337e-03	1.000000000000000000e+00	9.154989100000000000e+07
3.675100000000000000e+04	6.409915899715101784e-01	1.996172500176909056e-03	1.000000000000000000e+00	9.154990700000000000e+07
3.676800000000000000e+04	6.386335770168134474e-01	1.986361468211997675e-03	1.000000000000000000e+00	9.154992400000000000e+07
3.678400000000000000e+04	6.388615454080994738e-01	1.989605588951328871e-03	1.000000000000000000e+00	9.154994000000000000e+07
3.680100000000000000e+04	6.394354438173999178e-01	1.996901071557538685e-03	1.000000000000000000e+00	9.154995700000000000e+07
3.681800000000000000e+04	6.420729217174057091e-01	2.000248870563792105e-03	1.000000000000000000e+00	9.154997400000000000e+07
3.683500000000000000e+04	6.409967349464406050e-01	1.998164528377142576e-03	1.000000000000000000e+00	9.154999100000000000e+07
3.685100000000000000e+04	6.402814926711419830e-01	2.135191784808972842e-03	1.000000000000000000e+00	9.155000700000000000e+07
3.686800000000000000e+04	6.454232126900560917e-01	2.250108570444385100e-03	1.000000000000000000e+00	9.155002400000000000e+07
3.688400000000000000e+04	6.387143100298490195e-01	1.985325914612753612e-03	1.000000000000000000e+00	9.155004000000000000e+07
3.690100000000000000e+04	6.430228205673248487e-01	2.000821575500394151e-03	1.000000000000000000e+00	9.155005700000000000e+07
3.691800000000000000e+04	6.408799505378827144e-01	1.993477146026351177e-03	1.000000000000000000e+00	9.155007400000000000e+07
3.693400000000000000e+04	6.417674532118589070e-01	2.002810340977228924e-03	1.000000000000000000e+00	9.155009000000000000e+07
3.695100000000000000e+04	6.410125784882532152e-01	1.996703297176639479e-03	1.000000000000000000e+00	9.155010700000000000e+07
3.696800000000000000e+04	6.416888255480409642e-01	1.999864598351142574e-03	1.000000000000000000e+00	9.155012400000000000e+07
3.698400000000000000e+04	6.390153370225738483e-01	1.986168643556363977e-03	1.000000000000000000e+00	9.155014000000000000e+07
3.700200000000000000e+04	6.428519191552168888e-01	2.000104955342650852e-03	1.000000000000000000e+00	9.155015800000000000e+07
3.701800000000000000e+04	6.404349689076478391e-01	1.991830929087916400e-03	1.000000000000000000e+00	9.155017400000000000e+07
3.703500000000000000e+04	6.450514755594567440e-01	2.145598517260677296e-03	1.000000000000000000e+00	9.155019100000000000e+07
3.705100000000000000e+04	6.406299017630197046e-01	2.233127209900731894e-03	1.000000000000000000e+00	9.155020700000000000e+07
3.706800000000000000e+04	6.403147334908938504e-01	1.993869067803466077e-03	1.000000000000000000e+00	9.155022400000000000e+07
3.708500000000000000e+04	6.394770148482489258e-01	1.997503702221937582e-03	1.000000000000000000e+00	9.155024100000000000e+07
3.710100000000000000e+04	6.433752884290259155e-01	1.999864251474966353e-03	1.000000000000000000e+00	9.155025700000000000e+07
3.711800000000000000e+04	6.432587248720085249e-01	1.998701263201757561e-03	1.000000000000000000e+00	9.155027400000000000e+07
3.713400000000000000e+04	6.430865670694252412e-01	1.997099908600803546e-03	1.000000000000000000e+00	9.155029000000000000e+07
3.715100000000000000e+04	6.449163098753605272e-01	2.007294711011718864e-03	1.000000000000000000e+00	9.155030700000000000e+07
3.716800000000000000e+04	6.418305973073903381e-01	1.993081465942423379e-03	1.000000000000000000e+00	9.155032400000000000e+07
3.718500000000000000e+04	6.406335991947812447e-01	2.010549620836108581e-03	1.000000000000000000e+00	9.155034100000000000e+07
3.720200000000000000e+04	6.401295481314129843e-01	1.994889358655524674e-03	1.000000000000000000e+00	9.155035800000000000e+07
3.721800000000000000e+04	6.439336410953795387e-01	2.146102492936952533e-03	1.000000000000000000e+00	9.155037400000000000e+07
3.723500000000000000e+04	6.425206245694446983e-01	2.243519498919010948e-03	1.000000000000000000e+00	9.155039100000000000e+07
3.725100000000000000e+04	6.422924646576653185e-01	1.996646018400264743e-03	1.000000000000000000e+00	9.155040700000000000e+07
3.726800000000000000e+04	6.437822569428058861e-01	2.012098873370992639e-03	1.000000000000000000e+00	9.155042400000000000e+07
3.728500000000000000e+04	6.375966867355269407e-01	1.992389463796155353e-03	1.000000000000000000e+00	9.155044100000000000e+07
3.730100000000000000e+04	6.409099502858511821e-01	2.001541824161617768e-03	1.000000000000000000e+00	9.155045700000000000e+07
3.731800000000000000e+04	6.408848589881969149e-01	2.002638409506206016e-03	1.000000000000000000e+00	9.155047400000000000e+07
3.733400000000000000e+04	6.421619932272180087e-01	2.009051841772770391e-03	1.000000000000000000e+00	9.155049000000000000e+07
3.735100000000000000e+04	6.406603340513781220e-01	2.007021925862783468e-03	1.000000000000000000e+00	9.155050700000000000e+07
3.736800000000000000e+04	6.418337494948871402e-01	2.009746831047132341e-03	1.000000000000000000e+00	9.155052400000000000e+07
3.738400000000000000e+04	6.435734920922454583e-01	2.009361812645874077e-03	1.000000000000000000e+00	9.155054000000000000e+07
3.740100000000000000e+04	6.430725230380434088e-01	2.161250001737662508e-03	1.000000000000000000e+00	9.155055700000000000e+07
3.741800000000000000e+04	6.397346844224852669e-01	2.239526027716063749e-03	1.000000000000000000e+00	9.155057400000000000e+07
3.743400000000000000e+04	6.406901970184438744e-01	1.999269052739755404e-03	1.000000000000000000e+00	9.155059000000000000e+07
3.745100000000000000e+04	6.415142178303624432e-01	2.031640961726322633e-03	1.000000000000000000e+00	9.155060700000000000e+07
3.746800000000000000e+04	6.422966843920349111e-01	2.007791640154317232e-03	1.000000000000000000e+00	9.155062400000000000e+07
3.748400000000000000e+04	6.436468032957165519e-01	2.013645033521807830e-03	1.000000000000000000e+00	9.155064000000000000e+07
3.750100000000000000e+04	6.417481658581682957e-01	2.002614075703030867e-03	1.000000000000000000e+00	9.155065700000000000e+07
3.751700000000000000e+04	6.414838109447836834e-01	2.004827921146281038e-03	1.000000000000000000e+00	9.155067300000000000e+07
3.753400000000000000e+04	6.403579667513209506e-01	2.001298423029320220e-03	1.000000000000000000e+00	9.155069000000000000e+07
3.761400000000000000e+04	6.430283089959484277e-01	2.014968978621475316e-03	1.000000000000000000e+00	9.155077000000000000e+07
3.763100000000000000e+04	6.397701627433619587e-01	2.003154843153027043e-03	1.000000000000000000e+00	9.155078700000000000e+07
3.764800000000000000e+04	6.403484757889017498e-01	2.147504291445993807e-03	1.000000000000000000e+00	9.155080400000000000e+07
3.766400000000000000e+04	6.420935936018756784e-01	2.277340121558762715e-03	1.000000000000000000e+00	9.155082000000000000e+07
3.768100000000000000e+04	6.403395309028970805e-01	2.005656970700207906e-03	1.000000000000000000e+00	9.155083700000000000e+07
3.769800000000000000e+04	6.412232144629944619e-01	2.009370946965831177e-03	1.000000000000000000e+00	9.155085400000000000e+07
3.771400000000000000e+04	6.411191677239406195e-01	2.002482898206492563e-03	1.000000000000000000e+00	9.155087000000000000e+07
3.773100000000000000e+04	6.442861521119399582e-01	2.009178703979704311e-03	1.000000000000000000e+00	9.155088700000000000e+07
3.774700000000000000e+04	6.409968012212730049e-01	2.000706687594617193e-03	1.000000000000000000e+00	9.155090300000000000e+07
3.776400000000000000e+04	6.419935986490253876e-01	2.006627521897639231e-03	1.000000000000000000e+00	9.155092000000000000e+07
3.778000000000000000e+04	6.433623330954332253e-01	2.014181213714454858e-03	1.000000000000000000e+00	9.155093600000000000e+07
3.779700000000000000e+04	6.417378494344435635e-01	2.015238308604180763e-03	1.000000000000000000e+00	9.155095300000000000e+07
3.781400000000000000e+04	6.425192667411271374e-01	2.007607468053118627e-03	1.000000000000000000e+00	9.155097000000000000e+07
3.783100000000000000e+04	6.429684912916203698e-01	2.149170291905827361e-03	1.000000000000000000e+00	9.155098700000000000e+07
3.784700000000000000e+04	6.392993186648804338e-01	2.237720370235403867e-03	1.000000000000000000e+00	9.155100300000000000e+07
3.786400000000000000e+04	6.406665095790173847e-01	2.006916492294642633e-03	1.000000000000000000e+00	9.155102000000000000e+07
3.788100000000000000e+04	6.415847256767182039e-01	2.006616499999587435e-03	1.000000000000000000e+00	9.155103700000000000e+07
3.789800000000000000e+04	6.433210587001378933e-01	2.004596651304535460e-03	1.000000000000000000e+00	9.155105400000000000e+07
3.791500000000000000e+04	6.393023504532084900e-01	2.005928134668267561e-03	1.000000000000000000e+00	9.155107100000000000e+07
3.793100000000000000e+04	6.391346700827610361e-01	2.000437387274214308e-03	1.000000000000000000e+00	9.155108700000000000e+07
3.794800000000000000e+04	6.435253822542759128e-01	2.021985541801525534e-03	1.000000000000000000e+00	9.155110400000000000e+07
3.796500000000000000e+04	6.381841167579183072e-01	1.994176133360080205e-03	1.000000000000000000e+00	9.155112100000000000e+07
3.798100000000000000e+04	6.406868430442539397e-01	2.004594797777238535e-03	1.000000000000000000e+00	9.155113700000000000e+07
3.799800000000000000e+04	6.411396054391818033e-01	2.001150418376302070e-03	1.000000000000000000e+00	9.155115400000000000e+07
3.801500000000000000e+04	6.408016787686030558e-01	2.141167647719894457e-03	1.000000000000000000e+00	9.155117100000000000e+07
3.803100000000000000e+04	6.377792734444563960e-01	2.231288700184129968e-03	1.000000000000000000e+00	9.155118700000000000e+07
3.804800000000000000e+04	6.422376097198084777e-01	1.996081564092492579e-03	1.000000000000000000e+00	9.155120400000000000e+07
3.806500000000000000e+04	6.451541066117978396e-01	2.013979023705714851e-03	1.000000000000000000e+00	9.155122100000000000e+07
3.808100000000000000e+04	6.423863550632573638e-01	2.007162073197557659e-03	1.000000000000000000e+00	9.155123700000000000e+07
3.809800000000000000e+04	6.407769866125885283e-01	2.005373219372331463e-03	1.000000000000000000e+00	9.155125400000000000e+07
3.811500000000000000e+04	6.399137063302524631e-01	1.995816167603855790e-03	1.000000000000000000e+00	9.155127100000000000e+07
3.813100000000000000e+04	6.406092958960413197e-01	2.001955519594355096e-03	1.000000000000000000e+00	9.155128700000000000e+07
3.814800000000000000e+04	6.427253406026218752e-01	2.012465287959265981e-03	1.000000000000000000e+00	9.155130400000000000e+07
3.816500000000000000e+04	6.372255782827168646e-01	1.997518814073943449e-03	1.000000000000000000e+00	9.155132100000000000e+07
3.818200000000000000e+04	6.437604059278024815e-01	2.008620964025101523e-03	1.000000000000000000e+00	9.155133800000000000e+07
3.819900000000000000e+04	6.433096482908305935e-01	2.149538361909363038e-03	1.000000000000000000e+00	9.155135500000000000e+07
3.821600000000000000e+04	6.394999689132599974e-01	2.234146625502998144e-03	1.000000000000000000e+00	9.155137200000000000e+07
3.823200000000000000e+04	6.392970254704012367e-01	1.992370850176555276e-03	1.000000000000000000e+00	9.155138800000000000e+07
3.824900000000000000e+04	6.416135008756027602e-01	2.000132950161678455e-03	1.000000000000000000e+00	9.155140500000000000e+07
3.826600000000000000e+04	6.402503515961006642e-01	2.000230595934727323e-03	1.000000000000000000e+00	9.155142200000000000e+07
3.828200000000000000e+04	6.413829524126363202e-01	1.997237892838279235e-03	1.000000000000000000e+00	9.155143800000000000e+07
3.829900000000000000e+04	6.408010883164260152e-01	1.996707220492996166e-03	1.000000000000000000e+00	9.155145500000000000e+07
3.831600000000000000e+04	6.420190944467111249e-01	2.005680347551041902e-03	1.000000000000000000e+00	9.155147200000000000e+07
3.833200000000000000e+04	6.382181840594438604e-01	1.998323864209723948e-03	1.000000000000000000e+00	9.155148800000000000e+07
3.834900000000000000e+04	6.408479436279718167e-01	2.008044669127006469e-03	1.000000000000000000e+00	9.155150500000000000e+07
3.836600000000000000e+04	6.389590615550632124e-01	1.999502007227408132e-03	1.000000000000000000e+00	9.155152200000000000e+07
3.838300000000000000e+04	6.403811343617648033e-01	2.155303831334905336e-03	1.000000000000000000e+00	9.155153900000000000e+07
3.839900000000000000e+04	6.409188633286494463e-01	2.237956116509696568e-03	1.000000000000000000e+00	9.155155500000000000e+07
3.841600000000000000e+04	6.383813881117148537e-01	1.994391124234443785e-03	1.000000000000000000e+00	9.155157200000000000e+07
3.843200000000000000e+04	6.400380281246574876e-01	2.005742293456873413e-03	1.000000000000000000e+00	9.155158800000000000e+07
3.844900000000000000e+04	6.410380894283144171e-01	1.998300099517263083e-03	1.000000000000000000e+00	9.155160500000000000e+07
3.846600000000000000e+04	6.413762251507385548e-01	1.999740946026008249e-03	1.000000000000000000e+00	9.155162200000000000e+07
3.848200000000000000e+04	6.378504828103237490e-01	1.992409317206637366e-03	1.000000000000000000e+00	9.155163800000000000e+07
3.849900000000000000e+04	6.391564829278995052e-01	1.998554147932313143e-03	1.000000000000000000e+00	9.155165500000000000e+07
3.851500000000000000e+04	6.440856761838552602e-01	2.010905747400270911e-03	1.000000000000000000e+00	9.155167100000000000e+07
3.859600000000000000e+04	6.413932327894384944e-01	2.029807355296769662e-03	1.000000000000000000e+00	9.155175200000000000e+07
3.861200000000000000e+04	6.422118953205153691e-01	2.008497595634487192e-03	1.000000000000000000e+00	9.155176800000000000e+07
3.862900000000000000e+04	6.431435727860600471e-01	2.184358356235066578e-03	1.000000000000000000e+00	9.155178500000000000e+07
3.864500000000000000e+04	6.409901167209122175e-01	2.245039623122888246e-03	1.000000000000000000e+00	9.155180100000000000e+07
3.866200000000000000e+04	6.380032571270406461e-01	1.995055840150818625e-03	1.000000000000000000e+00	9.155181800000000000e+07
3.867800000000000000e+04	6.424275167099411377e-01	2.008873655579404994e-03	1.000000000000000000e+00	9.155183400000000000e+07
3.869500000000000000e+04	6.416232123238141405e-01	2.002975014624178759e-03	1.000000000000000000e+00	9.155185100000000000e+07
3.871200000000000000e+04	6.412168852761759297e-01	2.006620458345241727e-03	1.000000000000000000e+00	9.155186800000000000e+07
3.872900000000000000e+04	6.397990987964504717e-01	1.998437182563901973e-03	1.000000000000000000e+00	9.155188500000000000e+07
3.874600000000000000e+04	6.455764521408070555e-01	2.015872124066287342e-03	1.000000000000000000e+00	9.155190200000000000e+07
3.876200000000000000e+04	6.425562658258298088e-01	2.008997362134167918e-03	1.000000000000000000e+00	9.155191800000000000e+07
3.877900000000000000e+04	6.392402989213145093e-01	2.006818702000388865e-03	1.000000000000000000e+00	9.155193500000000000e+07
3.879600000000000000e+04	6.409521866502075893e-01	2.005292798407734556e-03	1.000000000000000000e+00	9.155195200000000000e+07
3.881300000000000000e+04	6.412979024949932993e-01	2.153248772342646403e-03	1.000000000000000000e+00	9.155196900000000000e+07
3.883000000000000000e+04	6.412169573643111686e-01	2.250018046217209643e-03	1.000000000000000000e+00	9.155198600000000000e+07
3.884700000000000000e+04	6.394626371663714171e-01	2.009225249798259234e-03	1.000000000000000000e+00	9.155200300000000000e+07
3.886300000000000000e+04	6.423759727136743036e-01	2.024709366606479519e-03	1.000000000000000000e+00	9.155201900000000000e+07
3.888000000000000000e+04	6.380743594770752480e-01	1.997682647933623611e-03	1.000000000000000000e+00	9.155203600000000000e+07
3.889600000000000000e+04	6.434147654496563673e-01	2.010625655600536358e-03	1.000000000000000000e+00	9.155205200000000000e+07
3.891300000000000000e+04	6.389712366363993201e-01	2.001705078094768390e-03	1.000000000000000000e+00	9.155206900000000000e+07
3.892900000000000000e+04	6.460790473985350557e-01	2.015108816167916067e-03	1.000000000000000000e+00	9.155208500000000000e+07
3.894600000000000000e+04	6.404622313054959548e-01	2.000478657546469075e-03	1.000000000000000000e+00	9.155210200000000000e+07
3.896300000000000000e+04	6.388265737983804815e-01	2.003054834769380996e-03	1.000000000000000000e+00	9.155211900000000000e+07
3.897900000000000000e+04	6.421014273066827371e-01	2.012212283652174867e-03	1.000000000000000000e+00	9.155213500000000000e+07
3.899600000000000000e+04	6.402396630217747076e-01	2.146521053478313984e-03	1.000000000000000000e+00	9.155215200000000000e+07
3.901300000000000000e+04	6.435001949858911718e-01	2.252227299225963326e-03	1.000000000000000000e+00	9.155216900000000000e+07
3.902900000000000000e+04	6.408546125456281439e-01	2.000154433722384911e-03	1.000000000000000000e+00	9.155218500000000000e+07
3.904600000000000000e+04	6.411853465368050342e-01	2.007276552271335546e-03	1.000000000000000000e+00	9.155220200000000000e+07
3.906300000000000000e+04	6.401767629680532590e-01	1.998376769022918754e-03	1.000000000000000000e+00	9.155221900000000000e+07
3.907900000000000000e+04	6.412274089896393692e-01	2.006260891828358286e-03	1.000000000000000000e+00	9.155223500000000000e+07
3.909600000000000000e+04	6.406631265621266502e-01	2.007674520360576767e-03	1.000000000000000000e+00	9.155225200000000000e+07
3.911300000000000000e+04	6.374228305088839308e-01	2.003635733137077660e-03	1.000000000000000000e+00	9.155226900000000000e+07
3.912900000000000000e+04	6.420867697585666001e-01	2.008041490026688837e-03	1.000000000000000000e+00	9.155228500000000000e+07
3.914600000000000000e+04	6.433172533773321433e-01	2.014633033395091862e-03	1.000000000000000000e+00	9.155230200000000000e+07
3.916300000000000000e+04	6.432156344526253067e-01	2.003241708469678979e-03	1.000000000000000000e+00	9.155231900000000000e+07
3.918000000000000000e+04	6.425686387023247237e-01	2.160555180370204217e-03	1.000000000000000000e+00	9.155233600000000000e+07
3.919600000000000000e+04	6.422567841733396454e-01	2.244779602408207651e-03	1.000000000000000000e+00	9.155235200000000000e+07
3.921300000000000000e+04	6.412402199196478580e-01	2.003408616060408775e-03	1.000000000000000000e+00	9.155236900000000000e+07
3.922900000000000000e+04	6.403421194810072770e-01	2.004665515978462740e-03	1.000000000000000000e+00	9.155238500000000000e+07
3.924600000000000000e+04	6.423835908823852803e-01	2.003473913459085255e-03	1.000000000000000000e+00	9.155240200000000000e+07
3.926200000000000000e+04	6.468916031101178410e-01	2.023466173640606040e-03	1.000000000000000000e+00	9.155241800000000000e+07
3.927900000000000000e+04	6.395970149155350004e-01	2.001585476348564062e-03	1.000000000000000000e+00	9.155243500000000000e+07
3.929500000000000000e+04	6.389589288327426342e-01	2.007444367059641951e-03	1.000000000000000000e+00	9.155245100000000000e+07
3.931200000000000000e+04	6.391893842797871095e-01	2.000436387374573358e-03	1.000000000000000000e+00	9.155246800000000000e+07
3.932900000000000000e+04	6.416978774654202855e-01	2.011746564793403472e-03	1.000000000000000000e+00	9.155248500000000000e+07
3.934600000000000000e+04	6.424535974317422404e-01	2.008457311786574374e-03	1.000000000000000000e+00	9.155250200000000000e+07
3.936200000000000000e+04	6.404746067087041528e-01	2.220039089424827392e-03	1.000000000000000000e+00	9.155251800000000000e+07
3.937900000000000000e+04	6.399070655848680955e-01	2.334574640561713765e-03	1.000000000000000000e+00	9.155253500000000000e+07
3.939500000000000000e+04	6.427252458366443655e-01	2.011583470439657229e-03	1.000000000000000000e+00	9.155255100000000000e+07
3.941200000000000000e+04	6.394972195877758336e-01	1.999831186654214311e-03	1.000000000000000000e+00	9.155256800000000000e+07
3.942900000000000000e+04	6.408519250075291884e-01	2.146084612149302961e-03	1.000000000000000000e+00	9.155258500000000000e+07
3.944500000000000000e+04	6.410988993955769599e-01	2.009770646435746211e-03	1.000000000000000000e+00	9.155260100000000000e+07
3.946200000000000000e+04	6.409104769247269129e-01	2.004728713148470291e-03	1.000000000000000000e+00	9.155261800000000000e+07
3.947900000000000000e+04	6.409514403158651508e-01	2.003524966477383817e-03	1.000000000000000000e+00	9.155263500000000000e+07
3.949500000000000000e+04	6.417841070158131211e-01	2.010393491665030813e-03	1.000000000000000000e+00	9.155265100000000000e+07
3.957600000000000000e+04	6.402061512573166135e-01	2.010425696651553865e-03	1.000000000000000000e+00	9.155273200000000000e+07
3.959300000000000000e+04	6.425162472634585731e-01	2.009855533158361272e-03	1.000000000000000000e+00	9.155274900000000000e+07
3.960900000000000000e+04	6.426226249075375208e-01	2.153672339806314735e-03	1.000000000000000000e+00	9.155276500000000000e+07
3.962600000000000000e+04	6.404316863441994467e-01	2.240860590147313296e-03	1.000000000000000000e+00	9.155278200000000000e+07
3.964200000000000000e+04	6.402349622439528209e-01	2.003018750091310318e-03	1.000000000000000000e+00	9.155279800000000000e+07
3.965900000000000000e+04	6.432817614089894054e-01	2.008708031512062165e-03	1.000000000000000000e+00	9.155281500000000000e+07
3.967500000000000000e+04	6.433455327507685562e-01	2.002827309425458772e-03	1.000000000000000000e+00	9.155283100000000000e+07
3.969200000000000000e+04	6.370813927950847999e-01	1.995283079331117235e-03	1.000000000000000000e+00	9.155284800000000000e+07
3.970900000000000000e+04	6.383854402794505445e-01	2.001611042690591442e-03	1.000000000000000000e+00	9.155286500000000000e+07
3.972500000000000000e+04	6.421391039410966339e-01	2.006956319530964466e-03	1.000000000000000000e+00	9.155288100000000000e+07
3.974200000000000000e+04	6.404459596746705508e-01	2.002081739722195563e-03	1.000000000000000000e+00	9.155289800000000000e+07
3.975900000000000000e+04	6.417305994633177857e-01	2.007151766327865301e-03	1.000000000000000000e+00	9.155291500000000000e+07
3.977600000000000000e+04	6.408800420764535488e-01	1.997313466113663852e-03	1.000000000000000000e+00	9.155293200000000000e+07
3.979200000000000000e+04	6.428233713509829972e-01	2.147631972170794060e-03	1.000000000000000000e+00	9.155294800000000000e+07
3.980900000000000000e+04	6.460375153147027705e-01	2.249354945969206463e-03	1.000000000000000000e+00	9.155296500000000000e+07
3.982500000000000000e+04	6.385793780745869785e-01	1.987567104321493697e-03	1.000000000000000000e+00	9.155298100000000000e+07
3.984200000000000000e+04	6.435394510879948182e-01	2.002254901760269941e-03	1.000000000000000000e+00	9.155299800000000000e+07
3.985800000000000000e+04	6.434384912847902482e-01	1.996027407477597281e-03	1.000000000000000000e+00	9.155301400000000000e+07
3.987500000000000000e+04	6.439856683206937049e-01	2.003823340839402337e-03	1.000000000000000000e+00	9.155303100000000000e+07
3.989100000000000000e+04	6.418919078819917967e-01	1.995397285675075058e-03	1.000000000000000000e+00	9.155304700000000000e+07
3.990800000000000000e+04	6.437671053494531392e-01	2.002771689142437972e-03	1.000000000000000000e+00	9.155306400000000000e+07
3.992400000000000000e+04	6.436315568806183496e-01	1.999593429427847912e-03	1.000000000000000000e+00	9.155308000000000000e+07
3.994100000000000000e+04	6.428373824702207084e-01	2.001710353821808518e-03	1.000000000000000000e+00	9.155309700000000000e+07
3.995800000000000000e+04	6.437640751383792992e-01	1.997783606265141759e-03	1.000000000000000000e+00	9.155311400000000000e+07
3.997400000000000000e+04	6.482641030559552764e-01	2.160210303700316713e-03	1.000000000000000000e+00	9.155313000000000000e+07
3.999100000000000000e+04	6.442534084457525179e-01	2.244231735704648855e-03	1.000000000000000000e+00	9.155314700000000000e+07
4.000800000000000000e+04	6.413485347831723304e-01	1.996527668807355962e-03	1.000000000000000000e+00	9.155316400000000000e+07
4.002400000000000000e+04	6.429957100983033635e-01	1.997133417062031940e-03	1.000000000000000000e+00	9.155318000000000000e+07
4.004100000000000000e+04	6.426088043116381376e-01	2.266466741153533044e-03	1.000000000000000000e+00	9.155319700000000000e+07
4.005700000000000000e+04	6.470928362738883610e-01	2.006284161520724852e-03	1.000000000000000000e+00	9.155321300000000000e+07
4.007400000000000000e+04	6.429054569967063149e-01	1.997601398191827492e-03	1.000000000000000000e+00	9.155323000000000000e+07
4.009100000000000000e+04	6.469851626298261937e-01	2.008701647425482038e-03	1.000000000000000000e+00	9.155324700000000000e+07
4.010700000000000000e+04	6.451717903283074040e-01	2.003465579242952928e-03	1.000000000000000000e+00	9.155326300000000000e+07
4.012400000000000000e+04	6.443172720335470505e-01	2.005468203156648022e-03	1.000000000000000000e+00	9.155328000000000000e+07
4.014100000000000000e+04	6.486048047455168497e-01	2.009034091426456069e-03	1.000000000000000000e+00	9.155329700000000000e+07
4.015700000000000000e+04	6.462802408922098119e-01	2.158048974170589766e-03	1.000000000000000000e+00	9.155331300000000000e+07
4.017300000000000000e+04	6.455087956529269588e-01	2.254611565841015651e-03	1.000000000000000000e+00	9.155332900000000000e+07
4.019000000000000000e+04	6.460839657783586931e-01	2.007452134566893066e-03	1.000000000000000000e+00	9.155334600000000000e+07
4.020700000000000000e+04	6.477357433251620389e-01	2.017747751463256928e-03	1.000000000000000000e+00	9.155336300000000000e+07
4.022300000000000000e+04	6.494047199807826409e-01	2.018213195478947303e-03	1.000000000000000000e+00	9.155337900000000000e+07
4.024000000000000000e+04	6.461853781816299103e-01	2.013559563019815066e-03	1.000000000000000000e+00	9.155339600000000000e+07
4.025600000000000000e+04	6.474749089754441300e-01	2.358853425366056779e-03	1.000000000000000000e+00	9.155341200000000000e+07
4.027300000000000000e+04	6.489357888665531204e-01	2.017355796971121232e-03	1.000000000000000000e+00	9.155342900000000000e+07
4.029000000000000000e+04	6.449373632801630452e-01	2.007532314122133926e-03	1.000000000000000000e+00	9.155344600000000000e+07
4.030700000000000000e+04	6.458343011625398145e-01	2.020556132867396514e-03	1.000000000000000000e+00	9.155346300000000000e+07
4.032400000000000000e+04	6.466391432370508507e-01	2.014048976794913237e-03	1.000000000000000000e+00	9.155348000000000000e+07
4.034100000000000000e+04	6.459529636296014177e-01	2.159225468962498468e-03	1.000000000000000000e+00	9.155349700000000000e+07
4.035700000000000000e+04	6.488714229887101448e-01	2.265928338897205824e-03	1.000000000000000000e+00	9.155351300000000000e+07
4.037400000000000000e+04	6.452577965785243341e-01	2.010475206909055276e-03	1.000000000000000000e+00	9.155353000000000000e+07
4.039000000000000000e+04	6.476502593523905116e-01	2.017258871831789126e-03	1.000000000000000000e+00	9.155354600000000000e+07
4.040700000000000000e+04	6.442593545274154510e-01	2.005948053570562935e-03	1.000000000000000000e+00	9.155356300000000000e+07
4.042300000000000000e+04	6.460071814901756637e-01	2.015539522629681939e-03	1.000000000000000000e+00	9.155357900000000000e+07
4.044000000000000000e+04	6.458633302037007917e-01	2.012701587431046501e-03	1.000000000000000000e+00	9.155359600000000000e+07
4.045700000000000000e+04	6.459619201380115694e-01	2.019802052305621869e-03	1.000000000000000000e+00	9.155361300000000000e+07
4.047300000000000000e+04	6.450927994717431391e-01	2.335857121485099101e-03	1.000000000000000000e+00	9.155362900000000000e+07
4.055400000000000000e+04	6.457455604454390707e-01	2.021157635024962290e-03	1.000000000000000000e+00	9.155371000000000000e+07
4.057100000000000000e+04	6.480765062914461971e-01	2.019141827432546429e-03	1.000000000000000000e+00	9.155372700000000000e+07
4.058700000000000000e+04	6.501309837777147216e-01	2.168714492505973909e-03	1.000000000000000000e+00	9.155374300000000000e+07
4.060400000000000000e+04	6.469550459385515762e-01	2.263411781945815285e-03	1.000000000000000000e+00	9.155376000000000000e+07
4.062100000000000000e+04	6.476453532284081049e-01	2.017800143039515711e-03	1.000000000000000000e+00	9.155377700000000000e+07
4.063700000000000000e+04	6.502006371935192819e-01	2.029246489935613955e-03	1.000000000000000000e+00	9.155379300000000000e+07
4.065400000000000000e+04	6.437819813515123224e-01	2.013961321900621052e-03	1.000000000000000000e+00	9.155381000000000000e+07
4.067000000000000000e+04	6.480206096726229825e-01	2.021691198142672782e-03	1.000000000000000000e+00	9.155382600000000000e+07
4.068700000000000000e+04	6.463101660701005002e-01	2.018943088185650662e-03	1.000000000000000000e+00	9.155384300000000000e+07
4.070300000000000000e+04	6.448054392778365118e-01	2.015245929725658150e-03	1.000000000000000000e+00	9.155385900000000000e+07
4.072000000000000000e+04	6.461430435028455710e-01	2.018705745627288189e-03	1.000000000000000000e+00	9.155387600000000000e+07
4.073700000000000000e+04	6.493792428227924685e-01	2.029905593030486080e-03	1.000000000000000000e+00	9.155389300000000000e+07
4.075400000000000000e+04	6.489444246100746216e-01	2.027924725555279879e-03	1.000000000000000000e+00	9.155391000000000000e+07
4.077100000000000000e+04	6.484605254863866630e-01	2.167225281183407775e-03	1.000000000000000000e+00	9.155392700000000000e+07
4.078700000000000000e+04	6.466750883926335458e-01	2.260704283383463062e-03	1.000000000000000000e+00	9.155394300000000000e+07
4.080400000000000000e+04	6.441302492560306847e-01	2.005424290354276655e-03	1.000000000000000000e+00	9.155396000000000000e+07
4.082000000000000000e+04	6.515597021753940510e-01	2.026324565167820883e-03	1.000000000000000000e+00	9.155397600000000000e+07
4.083700000000000000e+04	6.465507275952890875e-01	2.012857379625261622e-03	1.000000000000000000e+00	9.155399300000000000e+07
4.085400000000000000e+04	6.479655278587844736e-01	2.018477986536646503e-03	1.000000000000000000e+00	9.155401000000000000e+07
4.087000000000000000e+04	6.479583289953227965e-01	2.017119791014254041e-03	1.000000000000000000e+00	9.155402600000000000e+07
4.088700000000000000e+04	6.481618218169215018e-01	2.018373779631450066e-03	1.000000000000000000e+00	9.155404300000000000e+07
4.090300000000000000e+04	6.482756141646928150e-01	2.347510828916156336e-03	1.000000000000000000e+00	9.155405900000000000e+07
4.092100000000000000e+04	6.476843442972919362e-01	2.021290683144600590e-03	1.000000000000000000e+00	9.155407700000000000e+07
4.093700000000000000e+04	6.503374560667677384e-01	2.020206781349889388e-03	1.000000000000000000e+00	9.155409300000000000e+07
4.095400000000000000e+04	6.506828088457112802e-01	2.163519713491024541e-03	1.000000000000000000e+00	9.155411000000000000e+07
4.097000000000000000e+04	6.470213627868180994e-01	2.251700084306646008e-03	1.000000000000000000e+00	9.155412600000000000e+07
4.098700000000000000e+04	6.499512357873401536e-01	2.015462751161429047e-03	1.000000000000000000e+00	9.155414300000000000e+07
4.100400000000000000e+04	6.494404399523052707e-01	2.016408764926812779e-03	1.000000000000000000e+00	9.155416000000000000e+07
4.102000000000000000e+04	6.475006627131710824e-01	2.008582261421943196e-03	1.000000000000000000e+00	9.155417600000000000e+07
4.103600000000000000e+04	6.515251749484395338e-01	2.024529320708282586e-03	1.000000000000000000e+00	9.155419200000000000e+07
4.105300000000000000e+04	6.470372167591537105e-01	2.010639410497696428e-03	1.000000000000000000e+00	9.155420900000000000e+07
4.107000000000000000e+04	6.471312313175261455e-01	2.010486728940869602e-03	1.000000000000000000e+00	9.155422600000000000e+07
4.108600000000000000e+04	6.472135368357239127e-01	2.006735200304834293e-03	1.000000000000000000e+00	9.155424200000000000e+07
4.110300000000000000e+04	6.470951563373195103e-01	2.302299607633704476e-03	1.000000000000000000e+00	9.155425900000000000e+07
4.112000000000000000e+04	6.472153443114631033e-01	2.301130363419575005e-03	1.000000000000000000e+00	9.155427600000000000e+07
4.113600000000000000e+04	6.483168784917884286e-01	2.152472901114664116e-03	1.000000000000000000e+00	9.155429200000000000e+07
4.115200000000000000e+04	6.478706013472215197e-01	2.255109421521320386e-03	1.000000000000000000e+00	9.155430800000000000e+07
4.116900000000000000e+04	6.441972713376847848e-01	1.997117126241963574e-03	1.000000000000000000e+00	9.155432500000000000e+07
4.118600000000000000e+04	6.502498273645556104e-01	2.017926573284241007e-03	1.000000000000000000e+00	9.155434200000000000e+07
4.120300000000000000e+04	6.490382421304308203e-01	2.009426807862538938e-03	1.000000000000000000e+00	9.155435900000000000e+07
4.121900000000000000e+04	6.487748046597796581e-01	2.016972570957705282e-03	1.000000000000000000e+00	9.155437500000000000e+07
4.123600000000000000e+04	6.465930084116066068e-01	2.310772631950706174e-03	1.000000000000000000e+00	9.155439200000000000e+07
4.125300000000000000e+04	6.488809199569712804e-01	2.019692183199449549e-03	1.000000000000000000e+00	9.155440900000000000e+07
4.126900000000000000e+04	6.485486328167224812e-01	2.310910004186905384e-03	1.000000000000000000e+00	9.155442500000000000e+07
4.128600000000000000e+04	6.479210226003961903e-01	2.019217290846320352e-03	1.000000000000000000e+00	9.155444200000000000e+07
4.130300000000000000e+04	6.479494690975124982e-01	2.017460768512779022e-03	1.000000000000000000e+00	9.155445900000000000e+07
4.132000000000000000e+04	6.499556908289627621e-01	2.165361054515007721e-03	1.000000000000000000e+00	9.155447600000000000e+07
4.133600000000000000e+04	6.486800974180488844e-01	2.266525239465118878e-03	1.000000000000000000e+00	9.155449200000000000e+07
4.135300000000000000e+04	6.482995138675815561e-01	2.014355060154645813e-03	1.000000000000000000e+00	9.155450900000000000e+07
4.136900000000000000e+04	6.487019961303635007e-01	2.020447799536404399e-03	1.000000000000000000e+00	9.155452500000000000e+07
4.138600000000000000e+04	6.459623048797777933e-01	2.023717069997263158e-03	1.000000000000000000e+00	9.155454200000000000e+07
4.140300000000000000e+04	6.490893760079978758e-01	2.023162239219613960e-03	1.000000000000000000e+00	9.155455900000000000e+07
4.141900000000000000e+04	6.469615839775259003e-01	2.023732817209520415e-03	1.000000000000000000e+00	9.155457500000000000e+07
4.143600000000000000e+04	6.485551096477887301e-01	2.033647921085518159e-03	1.000000000000000000e+00	9.155459200000000000e+07
4.145300000000000000e+04	6.479094158239211421e-01	2.026907717340236358e-03	1.000000000000000000e+00	9.155460900000000000e+07
4.153800000000000000e+04	6.488460108395711634e-01	2.021401304857822507e-03	1.000000000000000000e+00	9.155469400000000000e+07
4.155500000000000000e+04	6.526747734435377479e-01	2.328111371547815847e-03	1.000000000000000000e+00	9.155471100000000000e+07
4.157200000000000000e+04	6.495771449069944747e-01	2.159514931722018947e-03	1.000000000000000000e+00	9.155472800000000000e+07
4.158800000000000000e+04	6.501790850974085156e-01	2.263618341362694849e-03	1.000000000000000000e+00	9.155474400000000000e+07
4.160400000000000000e+04	6.479991604316733822e-01	2.010350617603946007e-03	1.000000000000000000e+00	9.155476000000000000e+07
4.162100000000000000e+04	6.490019743261534746e-01	2.022209551123639419e-03	1.000000000000000000e+00	9.155477700000000000e+07
4.163800000000000000e+04	6.481807361834590608e-01	2.014986343993433425e-03	1.000000000000000000e+00	9.155479400000000000e+07
4.165500000000000000e+04	6.491789782266137454e-01	2.021586095186386246e-03	1.000000000000000000e+00	9.155481100000000000e+07
4.167100000000000000e+04	6.496934010728324660e-01	2.019076545202068678e-03	1.000000000000000000e+00	9.155482700000000000e+07
4.168800000000000000e+04	6.483929872392695248e-01	2.018284475246556915e-03	1.000000000000000000e+00	9.155484400000000000e+07
4.170500000000000000e+04	6.489398691776866457e-01	2.017480058069780636e-03	1.000000000000000000e+00	9.155486100000000000e+07
4.172200000000000000e+04	6.470251962875999130e-01	2.019878518976450914e-03	1.000000000000000000e+00	9.155487800000000000e+07
4.173800000000000000e+04	6.494265484038099778e-01	2.022462145015598532e-03	1.000000000000000000e+00	9.155489400000000000e+07
4.175500000000000000e+04	6.491409119849618214e-01	2.169499505723031674e-03	1.000000000000000000e+00	9.155491100000000000e+07
4.177200000000000000e+04	6.498549229563582719e-01	2.516083671337316155e-03	1.000000000000000000e+00	9.155492800000000000e+07
4.178800000000000000e+04	6.476875447947405551e-01	2.017225889429411292e-03	1.000000000000000000e+00	9.155494400000000000e+07
4.180500000000000000e+04	6.503686263365104914e-01	2.307551078378554648e-03	1.000000000000000000e+00	9.155496100000000000e+07
4.182100000000000000e+04	6.475787767373768489e-01	2.016203558008273101e-03	1.000000000000000000e+00	9.155497700000000000e+07
4.183800000000000000e+04	6.488762641142247212e-01	2.295269589959085879e-03	1.000000000000000000e+00	9.155499400000000000e+07
4.185400000000000000e+04	6.491613525406753071e-01	2.019711084527111861e-03	1.000000000000000000e+00	9.155501000000000000e+07
4.187100000000000000e+04	6.490862982189018471e-01	2.023621426468901179e-03	1.000000000000000000e+00	9.155502700000000000e+07
4.188800000000000000e+04	6.494052902999037924e-01	2.018190112845317293e-03	1.000000000000000000e+00	9.155504400000000000e+07
4.190500000000000000e+04	6.496248816320110420e-01	2.024299184333367384e-03	1.000000000000000000e+00	9.155506100000000000e+07
4.192100000000000000e+04	6.510949030634763934e-01	2.025304705200115223e-03	1.000000000000000000e+00	9.155507700000000000e+07
4.193800000000000000e+04	6.502608220993877364e-01	2.169254809001765552e-03	1.000000000000000000e+00	9.155509400000000000e+07
4.195500000000000000e+04	6.473622012457878050e-01	2.259333223534192980e-03	1.000000000000000000e+00	9.155511100000000000e+07
4.197100000000000000e+04	6.466651913288583575e-01	2.008825321938639049e-03	1.000000000000000000e+00	9.155512700000000000e+07
4.198800000000000000e+04	6.489515284299044451e-01	2.023463990044104509e-03	1.000000000000000000e+00	9.155514400000000000e+07
4.200400000000000000e+04	6.489334376905713242e-01	2.015847713336911106e-03	1.000000000000000000e+00	9.155516000000000000e+07
4.202100000000000000e+04	6.511979776208995929e-01	2.031094851847212775e-03	1.000000000000000000e+00	9.155517700000000000e+07
4.203700000000000000e+04	6.514469551269502778e-01	2.025030031292590193e-03	1.000000000000000000e+00	9.155519300000000000e+07
4.205400000000000000e+04	6.514831827072210535e-01	2.384430144890350902e-03	1.000000000000000000e+00	9.155521000000000000e+07
4.207100000000000000e+04	6.484491964981944356e-01	2.011958346373568171e-03	1.000000000000000000e+00	9.155522700000000000e+07
4.208800000000000000e+04	6.478202537055980370e-01	2.014565656865249538e-03	1.000000000000000000e+00	9.155524400000000000e+07
4.210500000000000000e+04	6.536549556479347434e-01	2.026164626129462083e-03	1.000000000000000000e+00	9.155526100000000000e+07
4.212200000000000000e+04	6.497113488340230392e-01	2.164209805364985043e-03	1.000000000000000000e+00	9.155527800000000000e+07
4.213800000000000000e+04	6.478872712326559924e-01	2.261028153101814209e-03	1.000000000000000000e+00	9.155529400000000000e+07
4.215500000000000000e+04	6.482799648411715632e-01	2.013122742985584950e-03	1.000000000000000000e+00	9.155531100000000000e+07
4.217100000000000000e+04	6.520258400144377520e-01	2.022736263619978950e-03	1.000000000000000000e+00	9.155532700000000000e+07
4.218800000000000000e+04	6.479022223139349057e-01	2.010683379611743603e-03	1.000000000000000000e+00	9.155534400000000000e+07
4.220500000000000000e+04	6.501792449466621271e-01	2.018126478498187115e-03	1.000000000000000000e+00	9.155536100000000000e+07
4.222200000000000000e+04	6.477525787326846585e-01	2.010487863544914867e-03	1.000000000000000000e+00	9.155537800000000000e+07
4.223800000000000000e+04	6.485856215143515069e-01	2.016408929692309164e-03	1.000000000000000000e+00	9.155539400000000000e+07
4.225500000000000000e+04	6.500052437546670614e-01	2.018820350131857698e-03	1.000000000000000000e+00	9.155541100000000000e+07
4.227200000000000000e+04	6.494750688749940659e-01	2.025434804412777276e-03	1.000000000000000000e+00	9.155542800000000000e+07
4.228900000000000000e+04	6.486311982540495791e-01	2.014385849095831887e-03	1.000000000000000000e+00	9.155544500000000000e+07
4.230500000000000000e+04	6.498423045417269783e-01	2.428692545239262250e-03	1.000000000000000000e+00	9.155546100000000000e+07
4.232200000000000000e+04	6.486084569464198868e-01	2.257132660018403014e-03	1.000000000000000000e+00	9.155547800000000000e+07
4.233900000000000000e+04	6.450960456101836327e-01	2.304578279435289846e-03	1.000000000000000000e+00	9.155549500000000000e+07
4.235500000000000000e+04	6.508941941506231066e-01	2.025842208737501163e-03	1.000000000000000000e+00	9.155551100000000000e+07
4.237200000000000000e+04	6.469874202933126872e-01	2.010334832464144399e-03	1.000000000000000000e+00	9.155552800000000000e+07
4.238800000000000000e+04	6.519000564241816953e-01	2.012119256391723104e-03	1.000000000000000000e+00	9.155554400000000000e+07
4.240500000000000000e+04	6.486141426075928695e-01	2.008265572729877810e-03	1.000000000000000000e+00	9.155556100000000000e+07
4.242200000000000000e+04	6.492101216981097656e-01	2.019963965853417264e-03	1.000000000000000000e+00	9.155557800000000000e+07
4.243800000000000000e+04	6.449915191141680770e-01	2.005545836877054705e-03	1.000000000000000000e+00	9.155559400000000000e+07
4.252000000000000000e+04	6.483406288487522096e-01	2.021111592209017850e-03	1.000000000000000000e+00	9.155567600000000000e+07
4.253700000000000000e+04	6.492081425013276341e-01	2.020444860159098608e-03	1.000000000000000000e+00	9.155569300000000000e+07
4.255300000000000000e+04	6.510012793508513917e-01	2.164016749610572343e-03	1.000000000000000000e+00	9.155570900000000000e+07
4.257000000000000000e+04	6.493241075448423771e-01	2.258327836259235548e-03	1.000000000000000000e+00	9.155572600000000000e+07
4.258700000000000000e+04	6.458500327775260619e-01	2.006435389915336119e-03	1.000000000000000000e+00	9.155574300000000000e+07
4.260300000000000000e+04	6.493369732630417390e-01	2.015651022464706125e-03	1.000000000000000000e+00	9.155575900000000000e+07
4.262000000000000000e+04	6.477210428704345269e-01	2.014097014148636105e-03	1.000000000000000000e+00	9.155577600000000000e+07
4.263700000000000000e+04	6.506679149801495310e-01	2.300856007428068138e-03	1.000000000000000000e+00	9.155579300000000000e+07
4.265300000000000000e+04	6.460148516271380092e-01	2.011231006189371541e-03	1.000000000000000000e+00	9.155580900000000000e+07
4.267000000000000000e+04	6.528259033382035614e-01	2.028690478232036097e-03	1.000000000000000000e+00	9.155582600000000000e+07
4.268700000000000000e+04	6.452312864576854601e-01	2.010822523850235976e-03	1.000000000000000000e+00	9.155584300000000000e+07
4.270400000000000000e+04	6.495607418714586245e-01	2.342988324730698770e-03	1.000000000000000000e+00	9.155586000000000000e+07
4.272100000000000000e+04	6.476208806289099895e-01	2.015016563143054006e-03	1.000000000000000000e+00	9.155587700000000000e+07
4.273800000000000000e+04	6.507903081117607513e-01	2.169233356517379866e-03	1.000000000000000000e+00	9.155589400000000000e+07
4.275400000000000000e+04	6.467039830535383782e-01	2.261678168212159085e-03	1.000000000000000000e+00	9.155591000000000000e+07
4.277100000000000000e+04	6.483409673182491950e-01	2.014899398463213063e-03	1.000000000000000000e+00	9.155592700000000000e+07
4.278800000000000000e+04	6.515312940724663493e-01	2.025566623390576484e-03	1.000000000000000000e+00	9.155594400000000000e+07
4.280500000000000000e+04	6.489783302306755264e-01	2.021653840942388633e-03	1.000000000000000000e+00	9.155596100000000000e+07
4.282100000000000000e+04	6.488036724327223004e-01	2.021481142791104781e-03	1.000000000000000000e+00	9.155597700000000000e+07
4.283800000000000000e+04	6.512044883039957988e-01	2.023825976120523749e-03	1.000000000000000000e+00	9.155599400000000000e+07
4.285500000000000000e+04	6.513002370286922194e-01	2.027410279958590921e-03	1.000000000000000000e+00	9.155601100000000000e+07
4.287100000000000000e+04	6.487661350615694378e-01	2.019761006073111757e-03	1.000000000000000000e+00	9.155602700000000000e+07
4.288900000000000000e+04	6.487012688453916986e-01	2.026826278636073651e-03	1.000000000000000000e+00	9.155604500000000000e+07
4.290500000000000000e+04	6.530501008178775102e-01	2.036381375941645304e-03	1.000000000000000000e+00	9.155606100000000000e+07
4.292200000000000000e+04	6.476570577486713276e-01	2.161857332053362772e-03	1.000000000000000000e+00	9.155607800000000000e+07
4.293800000000000000e+04	6.511064718529192552e-01	2.270003416121757749e-03	1.000000000000000000e+00	9.155609400000000000e+07
4.295500000000000000e+04	6.480732535433352259e-01	2.014597789801335359e-03	1.000000000000000000e+00	9.155611100000000000e+07
4.297200000000000000e+04	6.483634791762137306e-01	2.022468995333072395e-03	1.000000000000000000e+00	9.155612800000000000e+07
4.298900000000000000e+04	6.491843658526307292e-01	2.019255219822035756e-03	1.000000000000000000e+00	9.155614500000000000e+07
4.300500000000000000e+04	6.498989035638055300e-01	2.026520265312989864e-03	1.000000000000000000e+00	9.155616100000000000e+07
4.302200000000000000e+04	6.488493254204643623e-01	2.019383851278282703e-03	1.000000000000000000e+00	9.155617800000000000e+07
4.303900000000000000e+04	6.505462093587757177e-01	2.022490932915073803e-03	1.000000000000000000e+00	9.155619500000000000e+07
4.305600000000000000e+04	6.485488089527817746e-01	2.021458438300226691e-03	1.000000000000000000e+00	9.155621200000000000e+07
4.307300000000000000e+04	6.486167796307513722e-01	2.026149887629362465e-03	1.000000000000000000e+00	9.155622900000000000e+07
4.309000000000000000e+04	6.488259873015721491e-01	2.022546317778452490e-03	1.000000000000000000e+00	9.155624600000000000e+07
4.310700000000000000e+04	6.499890751115798837e-01	2.168818112452073569e-03	1.000000000000000000e+00	9.155626300000000000e+07
4.312300000000000000e+04	6.530626555502996311e-01	2.280819618549351831e-03	1.000000000000000000e+00	9.155627900000000000e+07
4.314000000000000000e+04	6.467657453136281820e-01	2.013265657346226690e-03	1.000000000000000000e+00	9.155629600000000000e+07
4.315700000000000000e+04	6.499829303980023676e-01	2.021401249075185317e-03	1.000000000000000000e+00	9.155631300000000000e+07
4.317400000000000000e+04	6.490381175546012793e-01	2.018700127721700412e-03	1.000000000000000000e+00	9.155633000000000000e+07
4.319100000000000000e+04	6.485079841913652388e-01	2.021290318544346522e-03	1.000000000000000000e+00	9.155634700000000000e+07
4.320800000000000000e+04	6.499172989353539931e-01	2.019440029230103097e-03	1.000000000000000000e+00	9.155636400000000000e+07
4.322500000000000000e+04	6.500791735123496728e-01	2.018595825780972013e-03	1.000000000000000000e+00	9.155638100000000000e+07
4.324100000000000000e+04	6.472263950577793468e-01	2.013631198141543639e-03	1.000000000000000000e+00	9.155639700000000000e+07
4.325900000000000000e+04	6.488414266907673866e-01	2.023545076233732292e-03	1.000000000000000000e+00	9.155641500000000000e+07
4.327500000000000000e+04	6.499667230537081730e-01	2.020350613856888682e-03	1.000000000000000000e+00	9.155643100000000000e+07
4.329200000000000000e+04	6.488004093749540901e-01	2.166533884299698138e-03	1.000000000000000000e+00	9.155644800000000000e+07
4.330900000000000000e+04	6.501029297811602436e-01	2.269193928861921918e-03	1.000000000000000000e+00	9.155646500000000000e+07
4.332500000000000000e+04	6.460582358143959203e-01	2.008591248959488117e-03	1.000000000000000000e+00	9.155648100000000000e+07
4.334200000000000000e+04	6.490188526889366649e-01	2.269869387601609109e-03	1.000000000000000000e+00	9.155649800000000000e+07
4.335900000000000000e+04	6.495478317282017411e-01	2.018953678263305743e-03	1.000000000000000000e+00	9.155651500000000000e+07
4.337600000000000000e+04	6.480708194101952868e-01	2.018438314032196083e-03	1.000000000000000000e+00	9.155653200000000000e+07
4.339200000000000000e+04	6.507970507191405130e-01	2.026318638667679115e-03	1.000000000000000000e+00	9.155654800000000000e+07
4.340900000000000000e+04	6.489641076962187061e-01	2.019562519881623781e-03	1.000000000000000000e+00	9.155656500000000000e+07
4.342600000000000000e+04	6.485358137425976111e-01	2.295265825874198348e-03	1.000000000000000000e+00	9.155658200000000000e+07
4.350800000000000000e+04	6.525456882800303449e-01	2.027424112413375376e-03	1.000000000000000000e+00	9.155666400000000000e+07
4.352500000000000000e+04	6.488899401599246275e-01	2.009953998937093287e-03	1.000000000000000000e+00	9.155668100000000000e+07
4.354100000000000000e+04	6.528173856969508027e-01	2.173259612001376528e-03	1.000000000000000000e+00	9.155669700000000000e+07
4.355800000000000000e+04	6.490637997452242125e-01	2.258270328614924057e-03	1.000000000000000000e+00	9.155671400000000000e+07
4.357500000000000000e+04	6.449372038328299306e-01	2.005245470944339199e-03	1.000000000000000000e+00	9.155673100000000000e+07
4.359200000000000000e+04	6.482312900627712482e-01	2.023235768733333030e-03	1.000000000000000000e+00	9.155674800000000000e+07
4.360800000000000000e+04	6.484496479512961153e-01	2.017394804407787821e-03	1.000000000000000000e+00	9.155676400000000000e+07
4.362500000000000000e+04	6.458233477560992863e-01	2.012574580738025858e-03	1.000000000000000000e+00	9.155678100000000000e+07
4.364200000000000000e+04	6.473907827537858095e-01	2.019021068433711572e-03	1.000000000000000000e+00	9.155679800000000000e+07
4.365900000000000000e+04	6.493240840432171757e-01	2.023568921390181494e-03	1.000000000000000000e+00	9.155681500000000000e+07
4.367600000000000000e+04	6.494239020861344303e-01	2.036267346076940134e-03	1.000000000000000000e+00	9.155683200000000000e+07
4.369300000000000000e+04	6.471058638624893611e-01	2.029294892901121160e-03	1.000000000000000000e+00	9.155684900000000000e+07
4.370900000000000000e+04	6.510523336577579423e-01	2.283157156063567086e-03	1.000000000000000000e+00	9.155686500000000000e+07
4.372600000000000000e+04	6.531198141780810706e-01	2.185351597505170648e-03	1.000000000000000000e+00	9.155688200000000000e+07
4.374300000000000000e+04	6.493517931726058290e-01	2.274745274715462076e-03	1.000000000000000000e+00	9.155689900000000000e+07
4.376000000000000000e+04	6.483888730179389048e-01	2.031565432967317748e-03	1.000000000000000000e+00	9.155691600000000000e+07
4.377600000000000000e+04	6.495047008976935210e-01	2.036284226558153498e-03	1.000000000000000000e+00	9.155693200000000000e+07
4.379300000000000000e+04	6.473623553548165654e-01	2.022591751248388383e-03	1.000000000000000000e+00	9.155694900000000000e+07
4.381000000000000000e+04	6.527554149609029466e-01	2.038351303573788815e-03	1.000000000000000000e+00	9.155696600000000000e+07
4.382700000000000000e+04	6.470045115313496353e-01	2.027264882030501130e-03	1.000000000000000000e+00	9.155698300000000000e+07
4.384300000000000000e+04	6.483249919725051491e-01	2.031301240108675677e-03	1.000000000000000000e+00	9.155699900000000000e+07
4.386000000000000000e+04	6.471627086498005221e-01	2.030848730844759739e-03	1.000000000000000000e+00	9.155701600000000000e+07
4.387800000000000000e+04	6.502644617534432125e-01	2.049238803980938783e-03	1.000000000000000000e+00	9.155703400000000000e+07
4.389400000000000000e+04	6.501463847175900090e-01	2.039463719065287822e-03	1.000000000000000000e+00	9.155705000000000000e+07
4.391100000000000000e+04	6.478418646807821979e-01	2.177367150608403284e-03	1.000000000000000000e+00	9.155706700000000000e+07
4.392800000000000000e+04	6.497203790649426214e-01	2.494307465154080913e-03	1.000000000000000000e+00	9.155708400000000000e+07
4.394500000000000000e+04	6.468827950950154504e-01	2.026140314268279428e-03	1.000000000000000000e+00	9.155710100000000000e+07
4.396100000000000000e+04	6.505609000164728206e-01	2.041662386511610555e-03	1.000000000000000000e+00	9.155711700000000000e+07
4.397800000000000000e+04	6.485761859306369281e-01	2.025707951445713736e-03	1.000000000000000000e+00	9.155713400000000000e+07
4.399500000000000000e+04	6.479339910121910684e-01	2.027139139686286694e-03	1.000000000000000000e+00	9.155715100000000000e+07
4.401200000000000000e+04	6.483187342498266670e-01	2.027061177859836808e-03	1.000000000000000000e+00	9.155716800000000000e+07
4.402800000000000000e+04	6.495790831143235522e-01	2.028198961470022675e-03	1.000000000000000000e+00	9.155718400000000000e+07
4.404500000000000000e+04	6.467387132637952840e-01	2.021556534600461863e-03	1.000000000000000000e+00	9.155720100000000000e+07
4.406200000000000000e+04	6.505562175832749761e-01	2.032951609024399777e-03	1.000000000000000000e+00	9.155721800000000000e+07
4.407900000000000000e+04	6.476591770135021742e-01	2.024399878927007207e-03	1.000000000000000000e+00	9.155723500000000000e+07
4.409600000000000000e+04	6.513756888550819024e-01	2.173960398118777483e-03	1.000000000000000000e+00	9.155725200000000000e+07
4.411300000000000000e+04	6.489929465238433171e-01	2.271752092559310623e-03	1.000000000000000000e+00	9.155726900000000000e+07
4.412900000000000000e+04	6.475966556918537620e-01	2.017149192476443836e-03	1.000000000000000000e+00	9.155728500000000000e+07
4.414600000000000000e+04	6.495531491408553793e-01	2.028213640162714569e-03	1.000000000000000000e+00	9.155730200000000000e+07
4.416300000000000000e+04	6.500557675222233822e-01	2.020525216063109256e-03	1.000000000000000000e+00	9.155731900000000000e+07
4.418000000000000000e+04	6.469564389433102303e-01	2.254891603592674727e-03	1.000000000000000000e+00	9.155733600000000000e+07
4.419700000000000000e+04	6.470677216842228852e-01	2.021736298163206037e-03	1.000000000000000000e+00	9.155735300000000000e+07
4.421400000000000000e+04	6.515844855312022954e-01	2.031558912854065056e-03	1.000000000000000000e+00	9.155737000000000000e+07
4.423000000000000000e+04	6.487448938897678596e-01	2.251672712677192136e-03	1.000000000000000000e+00	9.155738600000000000e+07
4.424800000000000000e+04	6.472045291369286080e-01	2.025974814398512867e-03	1.000000000000000000e+00	9.155740400000000000e+07
4.426500000000000000e+04	6.484672765706032127e-01	2.023602067157658987e-03	1.000000000000000000e+00	9.155742100000000000e+07
4.428100000000000000e+04	6.495128652057118313e-01	2.167977888013092932e-03	1.000000000000000000e+00	9.155743700000000000e+07
4.429800000000000000e+04	6.513063698973784454e-01	2.271760620324096182e-03	1.000000000000000000e+00	9.155745400000000000e+07
4.431400000000000000e+04	6.489739370225497961e-01	2.018013388514680855e-03	1.000000000000000000e+00	9.155747000000000000e+07
4.433100000000000000e+04	6.483073966390745513e-01	2.022700173932485707e-03	1.000000000000000000e+00	9.155748700000000000e+07
4.434800000000000000e+04	6.474167914900739174e-01	2.022179759380963310e-03	1.000000000000000000e+00	9.155750400000000000e+07
4.436400000000000000e+04	6.478506469380218569e-01	2.029759994259448981e-03	1.000000000000000000e+00	9.155752000000000000e+07
4.438100000000000000e+04	6.447172374309613208e-01	2.017518710165806198e-03	1.000000000000000000e+00	9.155753700000000000e+07
4.439800000000000000e+04	6.486239553923808243e-01	2.025916868903463505e-03	1.000000000000000000e+00	9.155755400000000000e+07
4.441500000000000000e+04	6.482270738802573540e-01	2.025797270221758786e-03	1.000000000000000000e+00	9.155757100000000000e+07
4.450300000000000000e+04	6.481727011288899165e-01	2.014309685191688695e-03	1.000000000000000000e+00	9.155765900000000000e+07
4.452000000000000000e+04	6.457076578814613388e-01	2.257247118524181341e-03	1.000000000000000000e+00	9.155767600000000000e+07
4.453700000000000000e+04	6.465931486505611669e-01	2.150475460970767416e-03	1.000000000000000000e+00	9.155769300000000000e+07
4.455300000000000000e+04	6.480855132880378733e-01	2.257807154316968622e-03	1.000000000000000000e+00	9.155770900000000000e+07
4.457000000000000000e+04	6.479965010263977199e-01	2.005596192575999966e-03	1.000000000000000000e+00	9.155772600000000000e+07
4.458600000000000000e+04	6.512060869257439988e-01	2.023104070547988419e-03	1.000000000000000000e+00	9.155774200000000000e+07
4.460300000000000000e+04	6.491513524504786137e-01	2.013001674804411074e-03	1.000000000000000000e+00	9.155775900000000000e+07
4.462000000000000000e+04	6.451571594146263688e-01	2.006265808721361277e-03	1.000000000000000000e+00	9.155777600000000000e+07
4.463700000000000000e+04	6.492441916535198754e-01	2.009554545618403524e-03	1.000000000000000000e+00	9.155779300000000000e+07
4.465300000000000000e+04	6.495732867093940710e-01	2.016250328674436872e-03	1.000000000000000000e+00	9.155780900000000000e+07
4.467000000000000000e+04	6.468451655453802962e-01	2.011513964927268226e-03	1.000000000000000000e+00	9.155782600000000000e+07
4.468700000000000000e+04	6.468172256352893168e-01	2.011509460800409849e-03	1.000000000000000000e+00	9.155784300000000000e+07
4.470400000000000000e+04	6.484297433965389157e-01	2.011156051994856826e-03	1.000000000000000000e+00	9.155786000000000000e+07
4.472000000000000000e+04	6.483454769437410059e-01	2.155352889846621437e-03	1.000000000000000000e+00	9.155787600000000000e+07
4.473700000000000000e+04	6.470164464442309527e-01	2.525254960019596585e-03	1.000000000000000000e+00	9.155789300000000000e+07
4.475400000000000000e+04	6.440407616140434444e-01	1.997333434700802272e-03	1.000000000000000000e+00	9.155791000000000000e+07
4.477000000000000000e+04	6.479498548378360701e-01	2.006056230114537653e-03	1.000000000000000000e+00	9.155792600000000000e+07
4.478700000000000000e+04	6.461878672082643771e-01	2.001390964445630156e-03	1.000000000000000000e+00	9.155794300000000000e+07
4.480400000000000000e+04	6.498040911409260767e-01	2.012009268965663476e-03	1.000000000000000000e+00	9.155796000000000000e+07
4.482100000000000000e+04	6.457379884381599933e-01	2.003500804350365466e-03	1.000000000000000000e+00	9.155797700000000000e+07
4.483700000000000000e+04	6.501734951991539058e-01	2.019033880061995873e-03	1.000000000000000000e+00	9.155799300000000000e+07
4.485400000000000000e+04	6.470564317173714830e-01	2.008826822168173400e-03	1.000000000000000000e+00	9.155801000000000000e+07
4.487200000000000000e+04	6.470723656526687906e-01	2.012814780625870291e-03	1.000000000000000000e+00	9.155802800000000000e+07
4.488800000000000000e+04	6.484611643465382214e-01	2.014948739610836898e-03	1.000000000000000000e+00	9.155804400000000000e+07
4.490500000000000000e+04	6.482081946585415144e-01	2.156984505340022243e-03	1.000000000000000000e+00	9.155806100000000000e+07
4.492100000000000000e+04	6.466768458164412481e-01	2.247748452675618711e-03	1.000000000000000000e+00	9.155807700000000000e+07
4.493800000000000000e+04	6.441961804991985785e-01	2.265387097027552008e-03	1.000000000000000000e+00	9.155809400000000000e+07
4.495500000000000000e+04	6.498879912583461760e-01	2.015339753890522164e-03	1.000000000000000000e+00	9.155811100000000000e+07
4.497100000000000000e+04	6.450218932520365156e-01	2.280403364435486854e-03	1.000000000000000000e+00	9.155812700000000000e+07
4.498800000000000000e+04	6.436216229430974378e-01	2.001770869884887151e-03	1.000000000000000000e+00	9.155814400000000000e+07
4.500500000000000000e+04	6.455238972907921813e-01	2.001553950518637857e-03	1.000000000000000000e+00	9.155816100000000000e+07
4.502200000000000000e+04	6.479195775436710214e-01	2.014426452886089892e-03	1.000000000000000000e+00	9.155817800000000000e+07
4.503800000000000000e+04	6.447842100316982794e-01	1.999396998922370675e-03	1.000000000000000000e+00	9.155819400000000000e+07
4.505500000000000000e+04	6.481462321780416813e-01	2.018452884515236669e-03	1.000000000000000000e+00	9.155821100000000000e+07
4.507200000000000000e+04	6.468439725083522385e-01	2.008565424038307855e-03	1.000000000000000000e+00	9.155822800000000000e+07
4.508900000000000000e+04	6.487006938604247264e-01	2.152910083956196229e-03	1.000000000000000000e+00	9.155824500000000000e+07
4.510500000000000000e+04	6.441183784959393366e-01	2.244397995921928231e-03	1.000000000000000000e+00	9.155826100000000000e+07
4.512200000000000000e+04	6.458125112906138998e-01	2.003868347657094314e-03	1.000000000000000000e+00	9.155827800000000000e+07
4.513900000000000000e+04	6.457880629877649215e-01	2.008507471733674780e-03	1.000000000000000000e+00	9.155829500000000000e+07
4.515600000000000000e+04	6.440081816717704299e-01	2.007056201012823692e-03	1.000000000000000000e+00	9.155831200000000000e+07
4.517300000000000000e+04	6.485261972791138696e-01	2.019468289980162236e-03	1.000000000000000000e+00	9.155832900000000000e+07
4.518900000000000000e+04	6.449192269508881026e-01	2.004804830389784499e-03	1.000000000000000000e+00	9.155834500000000000e+07
4.520600000000000000e+04	6.456113050716443258e-01	2.006595540059089369e-03	1.000000000000000000e+00	9.155836200000000000e+07
4.522200000000000000e+04	6.443400862118728867e-01	2.013779866117080229e-03	1.000000000000000000e+00	9.155837800000000000e+07
4.523900000000000000e+04	6.435080555626017107e-01	2.013326579606366552e-03	1.000000000000000000e+00	9.155839500000000000e+07
4.525600000000000000e+04	6.443133295136144190e-01	2.005734062228518248e-03	1.000000000000000000e+00	9.155841200000000000e+07
4.527300000000000000e+04	6.473934742274808363e-01	2.379069974559109343e-03	1.000000000000000000e+00	9.155842900000000000e+07
4.529000000000000000e+04	6.473244184534671097e-01	2.256707464443858096e-03	1.000000000000000000e+00	9.155844600000000000e+07
4.530600000000000000e+04	6.449321373822491932e-01	2.296310923707182983e-03	1.000000000000000000e+00	9.155846200000000000e+07
4.532300000000000000e+04	6.462312924041534457e-01	2.016149933037456390e-03	1.000000000000000000e+00	9.155847900000000000e+07
4.534000000000000000e+04	6.458876699060248638e-01	2.010786633052098239e-03	1.000000000000000000e+00	9.155849600000000000e+07
4.535600000000000000e+04	6.440480987426836501e-01	2.010509769520502608e-03	1.000000000000000000e+00	9.155851200000000000e+07
4.537300000000000000e+04	6.454154302702039825e-01	2.020741766356325998e-03	1.000000000000000000e+00	9.155852900000000000e+07
4.539000000000000000e+04	6.449102254061687134e-01	2.013549780904884921e-03	1.000000000000000000e+00	9.155854600000000000e+07
4.540700000000000000e+04	6.453652514314656141e-01	2.012692780494170549e-03	1.000000000000000000e+00	9.155856300000000000e+07
4.548900000000000000e+04	6.420289780240415745e-01	2.018413893501277891e-03	1.000000000000000000e+00	9.155864500000000000e+07
4.550600000000000000e+04	6.462938261555921660e-01	2.018513523899147146e-03	1.000000000000000000e+00	9.155866200000000000e+07
4.552200000000000000e+04	6.451214432944547550e-01	2.157833112076157009e-03	1.000000000000000000e+00	9.155867800000000000e+07
4.553900000000000000e+04	6.430193013897005372e-01	2.250826050325711088e-03	1.000000000000000000e+00	9.155869500000000000e+07
4.555500000000000000e+04	6.444243747471194439e-01	2.009265335925179263e-03	1.000000000000000000e+00	9.155871100000000000e+07
4.557200000000000000e+04	6.457485869823166302e-01	2.021301990810084239e-03	1.000000000000000000e+00	9.155872800000000000e+07
4.558900000000000000e+04	6.446173802843944145e-01	2.012502284839803868e-03	1.000000000000000000e+00	9.155874500000000000e+07
4.560500000000000000e+04	6.439065422906848912e-01	2.014650335357712294e-03	1.000000000000000000e+00	9.155876100000000000e+07
4.562200000000000000e+04	6.453699493373127316e-01	2.012871620317046271e-03	1.000000000000000000e+00	9.155877800000000000e+07
4.563800000000000000e+04	6.468532983724959440e-01	2.016116055476289883e-03	1.000000000000000000e+00	9.155879400000000000e+07
4.565500000000000000e+04	6.436983765892556608e-01	2.021516778845922329e-03	1.000000000000000000e+00	9.155881100000000000e+07
4.567300000000000000e+04	6.425335126421882759e-01	2.014431688068810816e-03	1.000000000000000000e+00	9.155882900000000000e+07
4.569000000000000000e+04	6.429546089300888223e-01	2.013268303230535215e-03	1.000000000000000000e+00	9.155884600000000000e+07
4.570700000000000000e+04	6.451354738665178168e-01	2.160514239019549042e-03	1.000000000000000000e+00	9.155886300000000000e+07
4.572300000000000000e+04	6.430087104922214136e-01	2.250631676780136606e-03	1.000000000000000000e+00	9.155887900000000000e+07
4.574000000000000000e+04	6.436126307174965255e-01	2.007662664595136204e-03	1.000000000000000000e+00	9.155889600000000000e+07
4.575600000000000000e+04	6.442567514522870020e-01	2.023034725009805173e-03	1.000000000000000000e+00	9.155891200000000000e+07
4.577300000000000000e+04	6.425463639240397429e-01	2.321808536422726409e-03	1.000000000000000000e+00	9.155892900000000000e+07
4.578900000000000000e+04	6.456558404726755462e-01	2.013105646855971841e-03	1.000000000000000000e+00	9.155894500000000000e+07
4.580600000000000000e+04	6.439045934892633216e-01	2.006927441411255567e-03	1.000000000000000000e+00	9.155896200000000000e+07
4.582300000000000000e+04	6.437670894726490456e-01	2.011799032473098308e-03	1.000000000000000000e+00	9.155897900000000000e+07
4.583900000000000000e+04	6.449378221918499188e-01	2.009141877397282745e-03	1.000000000000000000e+00	9.155899500000000000e+07
4.585700000000000000e+04	6.425000908011647693e-01	2.010221588786480044e-03	1.000000000000000000e+00	9.155901300000000000e+07
4.587300000000000000e+04	6.418890543796982318e-01	2.003905744115636999e-03	1.000000000000000000e+00	9.155902900000000000e+07
4.589000000000000000e+04	6.454958913631211326e-01	2.159140550838262087e-03	1.000000000000000000e+00	9.155904600000000000e+07
4.590700000000000000e+04	6.441613930319589620e-01	2.254679088115397242e-03	1.000000000000000000e+00	9.155906300000000000e+07
4.592300000000000000e+04	6.437247750369472499e-01	2.008114695549565072e-03	1.000000000000000000e+00	9.155907900000000000e+07
4.594000000000000000e+04	6.450971645392971077e-01	2.019391650269286922e-03	1.000000000000000000e+00	9.155909600000000000e+07
4.595700000000000000e+04	6.441864856061790823e-01	2.014503396460842841e-03	1.000000000000000000e+00	9.155911300000000000e+07
4.597300000000000000e+04	6.469353296552688981e-01	2.016092240203718172e-03	1.000000000000000000e+00	9.155912900000000000e+07
4.599000000000000000e+04	6.409054325420217024e-01	1.999208351768835563e-03	1.000000000000000000e+00	9.155914600000000000e+07
4.600700000000000000e+04	6.427287779411060553e-01	2.008108149004466953e-03	1.000000000000000000e+00	9.155916300000000000e+07
4.602400000000000000e+04	6.445947452432123637e-01	2.261581057923284580e-03	1.000000000000000000e+00	9.155918000000000000e+07
4.604100000000000000e+04	6.399258835919859889e-01	2.006366785998450232e-03	1.000000000000000000e+00	9.155919700000000000e+07
4.605700000000000000e+04	6.408025430697552594e-01	2.305002801446454780e-03	1.000000000000000000e+00	9.155921300000000000e+07
4.607400000000000000e+04	6.457692566180129878e-01	2.155419573877516252e-03	1.000000000000000000e+00	9.155923000000000000e+07
4.609100000000000000e+04	6.409841236527897834e-01	2.249196089312742713e-03	1.000000000000000000e+00	9.155924700000000000e+07
4.610800000000000000e+04	6.413047586589338822e-01	1.997615040597076810e-03	1.000000000000000000e+00	9.155926400000000000e+07
4.612400000000000000e+04	6.451785261972213803e-01	2.011474140171657776e-03	1.000000000000000000e+00	9.155928000000000000e+07
4.614100000000000000e+04	6.443329243023178110e-01	2.008087739935890750e-03	1.000000000000000000e+00	9.155929700000000000e+07
4.615800000000000000e+04	6.448455462647808556e-01	2.010697525452246909e-03	1.000000000000000000e+00	9.155931400000000000e+07
4.617500000000000000e+04	6.403916964494014152e-01	2.000719490089680839e-03	1.000000000000000000e+00	9.155933100000000000e+07
4.619100000000000000e+04	6.457872385490855960e-01	2.019365108871330750e-03	1.000000000000000000e+00	9.155934700000000000e+07
4.620800000000000000e+04	6.426539723435659157e-01	2.011868280955433387e-03	1.000000000000000000e+00	9.155936400000000000e+07
4.622500000000000000e+04	6.433454732975353307e-01	2.013127203272215438e-03	1.000000000000000000e+00	9.155938100000000000e+07
4.624200000000000000e+04	6.457158689182183053e-01	2.016114607576260410e-03	1.000000000000000000e+00	9.155939800000000000e+07
4.625800000000000000e+04	6.451795512991566062e-01	2.153606955727849909e-03	1.000000000000000000e+00	9.155941400000000000e+07
4.627500000000000000e+04	6.449209403985211031e-01	2.254508427294165014e-03	1.000000000000000000e+00	9.155943100000000000e+07
4.629200000000000000e+04	6.402276846593072390e-01	2.302986149289087958e-03	1.000000000000000000e+00	9.155944800000000000e+07
4.630900000000000000e+04	6.427662977435165681e-01	2.001782063951861729e-03	1.000000000000000000e+00	9.155946500000000000e+07
4.632500000000000000e+04	6.418575498928451584e-01	1.998600431097596105e-03	1.000000000000000000e+00	9.155948100000000000e+07
4.634200000000000000e+04	6.461499370162099298e-01	2.008707772576745400e-03	1.000000000000000000e+00	9.155949800000000000e+07
4.635900000000000000e+04	6.400825984411154801e-01	1.995637085456974588e-03	1.000000000000000000e+00	9.155951500000000000e+07
4.637500000000000000e+04	6.453002467434780787e-01	2.017675536433747273e-03	1.000000000000000000e+00	9.155953100000000000e+07
4.639200000000000000e+04	6.440329466132519443e-01	2.004675895622923948e-03	1.000000000000000000e+00	9.155954800000000000e+07
4.647500000000000000e+04	6.421726133120474467e-01	2.014308859772010775e-03	1.000000000000000000e+00	9.155963100000000000e+07
4.649100000000000000e+04	6.429250375855589672e-01	2.253665973352182890e-03	1.000000000000000000e+00	9.155964700000000000e+07
4.650800000000000000e+04	6.445531239870154749e-01	2.153518740755599320e-03	1.000000000000000000e+00	9.155966400000000000e+07
4.652500000000000000e+04	6.418480190702040566e-01	2.240686477835270897e-03	1.000000000000000000e+00	9.155968100000000000e+07
4.654200000000000000e+04	6.419051742327482879e-01	2.004774513625219579e-03	1.000000000000000000e+00	9.155969800000000000e+07
4.655800000000000000e+04	6.449848986673204498e-01	2.015006570352435595e-03	1.000000000000000000e+00	9.155971400000000000e+07
4.657500000000000000e+04	6.424712203142464162e-01	2.012252516621252253e-03	1.000000000000000000e+00	9.155973100000000000e+07
4.659200000000000000e+04	6.445437059152596682e-01	2.015594706730922375e-03	1.000000000000000000e+00	9.155974800000000000e+07
4.660800000000000000e+04	6.417234677604231052e-01	2.014559919858694391e-03	1.000000000000000000e+00	9.155976400000000000e+07
4.662500000000000000e+04	6.433980210964931334e-01	2.018732215183368598e-03	1.000000000000000000e+00	9.155978100000000000e+07
4.664100000000000000e+04	6.422788331444257981e-01	2.017436693373449857e-03	1.000000000000000000e+00	9.155979700000000000e+07
4.665800000000000000e+04	6.401397155787971194e-01	2.020025509815906450e-03	1.000000000000000000e+00	9.155981400000000000e+07
4.667500000000000000e+04	6.432159930224439215e-01	2.026652377249629853e-03	1.000000000000000000e+00	9.155983100000000000e+07
4.669200000000000000e+04	6.425966894320550571e-01	2.164505727039293080e-03	1.000000000000000000e+00	9.155984800000000000e+07
4.670800000000000000e+04	6.414814044093827272e-01	2.260449940109614600e-03	1.000000000000000000e+00	9.155986400000000000e+07
4.672500000000000000e+04	6.426555576377033230e-01	2.017592866188707475e-03	1.000000000000000000e+00	9.155988100000000000e+07
4.674100000000000000e+04	6.439676663698017389e-01	2.030131841753395408e-03	1.000000000000000000e+00	9.155989700000000000e+07
4.675800000000000000e+04	6.434094630475105658e-01	2.017468750952767110e-03	1.000000000000000000e+00	9.155991400000000000e+07
4.677500000000000000e+04	6.412051774054846609e-01	2.018945130828400485e-03	1.000000000000000000e+00	9.155993100000000000e+07
4.679100000000000000e+04	6.374447981149493625e-01	2.013475752638158207e-03	1.000000000000000000e+00	9.155994700000000000e+07
4.680800000000000000e+04	6.385611666671672237e-01	2.015907103100885844e-03	1.000000000000000000e+00	9.155996400000000000e+07
4.682500000000000000e+04	6.417168768429952763e-01	2.020525623705898138e-03	1.000000000000000000e+00	9.155998100000000000e+07
4.684200000000000000e+04	6.416967230941569289e-01	2.026351231703651945e-03	1.000000000000000000e+00	9.155999800000000000e+07
4.685900000000000000e+04	6.456096472819410348e-01	2.027108695844563949e-03	1.000000000000000000e+00	9.156001500000000000e+07
4.687500000000000000e+04	6.424671618188612099e-01	2.162672151784805243e-03	1.000000000000000000e+00	9.156003100000000000e+07
4.689200000000000000e+04	6.432577419829289544e-01	2.261135021471904604e-03	1.000000000000000000e+00	9.156004800000000000e+07
4.690800000000000000e+04	6.422376199897131821e-01	2.021375685339173601e-03	1.000000000000000000e+00	9.156006400000000000e+07
4.692500000000000000e+04	6.432398283083127222e-01	2.025255779470691228e-03	1.000000000000000000e+00	9.156008100000000000e+07
4.694100000000000000e+04	6.428858475193297561e-01	2.031074902746780007e-03	1.000000000000000000e+00	9.156009700000000000e+07
4.695800000000000000e+04	6.464810367569502336e-01	2.035331681083928004e-03	1.000000000000000000e+00	9.156011400000000000e+07
4.697500000000000000e+04	6.424077070416109869e-01	2.244482365393147931e-03	1.000000000000000000e+00	9.156013100000000000e+07
4.699100000000000000e+04	6.394186645582030648e-01	2.011589446946609756e-03	1.000000000000000000e+00	9.156014700000000000e+07
4.700800000000000000e+04	6.415015787592917018e-01	2.017448485283547966e-03	1.000000000000000000e+00	9.156016400000000000e+07
4.702500000000000000e+04	6.411126323798025384e-01	2.284431408320812887e-03	1.000000000000000000e+00	9.156018100000000000e+07
4.704100000000000000e+04	6.414177517634080949e-01	2.014908707316952555e-03	1.000000000000000000e+00	9.156019700000000000e+07
4.705800000000000000e+04	6.419429297544639867e-01	2.155730568984472618e-03	1.000000000000000000e+00	9.156021400000000000e+07
4.707400000000000000e+04	6.394319418220612006e-01	2.241699540690200287e-03	1.000000000000000000e+00	9.156023000000000000e+07
4.709100000000000000e+04	6.411570970504769651e-01	2.006488818851925350e-03	1.000000000000000000e+00	9.156024700000000000e+07
4.710800000000000000e+04	6.443273881150535232e-01	2.016362497388934569e-03	1.000000000000000000e+00	9.156026400000000000e+07
4.712500000000000000e+04	6.414740519610038216e-01	2.003730457852188895e-03	1.000000000000000000e+00	9.156028100000000000e+07
4.714200000000000000e+04	6.415238446212878642e-01	2.008933623461801789e-03	1.000000000000000000e+00	9.156029800000000000e+07
4.715800000000000000e+04	6.403413071169464788e-01	2.004617256203568548e-03	1.000000000000000000e+00	9.156031400000000000e+07
4.717500000000000000e+04	6.445535601060961017e-01	2.012449416686548469e-03	1.000000000000000000e+00	9.156033100000000000e+07
4.719100000000000000e+04	6.407775222422257277e-01	2.003180954787182715e-03	1.000000000000000000e+00	9.156034700000000000e+07
4.720900000000000000e+04	6.422454908182902988e-01	2.009091180707826482e-03	1.000000000000000000e+00	9.156036500000000000e+07
4.722500000000000000e+04	6.420179978930968812e-01	2.002029308864824129e-03	1.000000000000000000e+00	9.156038100000000000e+07
4.724200000000000000e+04	6.423260909728613077e-01	2.143608869624712056e-03	1.000000000000000000e+00	9.156039800000000000e+07
4.725900000000000000e+04	6.392402911804798693e-01	2.235267935727971653e-03	1.000000000000000000e+00	9.156041500000000000e+07
4.727500000000000000e+04	6.405230326177698830e-01	1.991987466503134050e-03	1.000000000000000000e+00	9.156043100000000000e+07
4.729200000000000000e+04	6.452148059399719360e-01	2.006835869974212243e-03	1.000000000000000000e+00	9.156044800000000000e+07
4.730800000000000000e+04	6.423568836383237723e-01	1.995762575812808776e-03	1.000000000000000000e+00	9.156046400000000000e+07
4.732500000000000000e+04	6.394843031738798311e-01	1.991118823188509166e-03	1.000000000000000000e+00	9.156048100000000000e+07
4.734100000000000000e+04	6.404217031977086361e-01	1.991287880675245842e-03	1.000000000000000000e+00	9.156049700000000000e+07
4.735800000000000000e+04	6.417782796204450912e-01	1.994727640767858870e-03	1.000000000000000000e+00	9.156051400000000000e+07
4.737500000000000000e+04	6.417450591024611573e-01	1.990476630325462102e-03	1.000000000000000000e+00	9.156053100000000000e+07
4.745700000000000000e+04	6.387206532161735506e-01	2.264737259907368804e-03	1.000000000000000000e+00	9.156061300000000000e+07
4.747400000000000000e+04	6.412469604014311431e-01	1.988407898938885764e-03	1.000000000000000000e+00	9.156063000000000000e+07
4.749000000000000000e+04	6.437500365728663354e-01	2.140082928725416632e-03	1.000000000000000000e+00	9.156064600000000000e+07
4.750700000000000000e+04	6.415324068502390453e-01	2.231518635804622536e-03	1.000000000000000000e+00	9.156066300000000000e+07
4.752300000000000000e+04	6.419944019490019249e-01	1.989315125441892731e-03	1.000000000000000000e+00	9.156067900000000000e+07
4.754000000000000000e+04	6.420774123223762508e-01	1.998303296643054623e-03	1.000000000000000000e+00	9.156069600000000000e+07
4.755600000000000000e+04	6.427795152138305879e-01	1.990029878990222118e-03	1.000000000000000000e+00	9.156071200000000000e+07
4.757300000000000000e+04	6.458798226989835856e-01	2.001975144310039201e-03	1.000000000000000000e+00	9.156072900000000000e+07
4.759000000000000000e+04	6.405509348352972365e-01	1.992320376483368467e-03	1.000000000000000000e+00	9.156074600000000000e+07
4.760600000000000000e+04	6.422420608475883919e-01	1.995563517501770280e-03	1.000000000000000000e+00	9.156076200000000000e+07
4.762300000000000000e+04	6.394299932133484798e-01	1.990351826413425985e-03	1.000000000000000000e+00	9.156077900000000000e+07
4.764000000000000000e+04	6.394055790869385136e-01	1.997955285307267438e-03	1.000000000000000000e+00	9.156079600000000000e+07
4.765600000000000000e+04	6.420551434728207774e-01	1.994768893788540637e-03	1.000000000000000000e+00	9.156081200000000000e+07
4.767300000000000000e+04	6.424994516129785005e-01	2.142161955391125219e-03	1.000000000000000000e+00	9.156082900000000000e+07
4.768900000000000000e+04	6.412071290213612329e-01	2.445880650335404555e-03	1.000000000000000000e+00	9.156084500000000000e+07
4.770600000000000000e+04	6.398195841319255228e-01	1.991059673740186789e-03	1.000000000000000000e+00	9.156086200000000000e+07
4.772300000000000000e+04	6.428822563451236372e-01	2.005056756559459030e-03	1.000000000000000000e+00	9.156087900000000000e+07
4.774000000000000000e+04	6.410282467812342677e-01	1.992475018991986431e-03	1.000000000000000000e+00	9.156089600000000000e+07
4.775600000000000000e+04	6.420523643769472377e-01	2.004479319034157582e-03	1.000000000000000000e+00	9.156091200000000000e+07
4.777300000000000000e+04	6.383510521253736858e-01	1.994824867787014632e-03	1.000000000000000000e+00	9.156092900000000000e+07
4.779000000000000000e+04	6.412058315882785964e-01	1.995830367603327205e-03	1.000000000000000000e+00	9.156094600000000000e+07
4.780600000000000000e+04	6.437615282512452186e-01	2.010522834524031740e-03	1.000000000000000000e+00	9.156096200000000000e+07
4.782400000000000000e+04	6.395768347675642174e-01	2.001952206703799895e-03	1.000000000000000000e+00	9.156098000000000000e+07
4.784000000000000000e+04	6.416103443141514262e-01	2.007387336176191719e-03	1.000000000000000000e+00	9.156099600000000000e+07
4.785700000000000000e+04	6.432382856658571679e-01	2.147222285311515579e-03	1.000000000000000000e+00	9.156101300000000000e+07
4.787400000000000000e+04	6.427071026422847000e-01	2.243914984095360821e-03	1.000000000000000000e+00	9.156103000000000000e+07
4.789000000000000000e+04	6.384960995402536588e-01	1.997593393361688039e-03	1.000000000000000000e+00	9.156104600000000000e+07
4.790700000000000000e+04	6.419072005507331369e-01	2.003818896887080321e-03	1.000000000000000000e+00	9.156106300000000000e+07
4.792300000000000000e+04	6.420656899476956392e-01	2.003017210934512210e-03	1.000000000000000000e+00	9.156107900000000000e+07
4.794000000000000000e+04	6.404753596389518577e-01	1.999665685787730286e-03	1.000000000000000000e+00	9.156109600000000000e+07
4.795700000000000000e+04	6.409080970629221774e-01	2.000165239700012806e-03	1.000000000000000000e+00	9.156111300000000000e+07
4.797300000000000000e+04	6.439314204630574023e-01	2.007180355698054679e-03	1.000000000000000000e+00	9.156112900000000000e+07
4.799000000000000000e+04	6.395134474762362853e-01	1.996107464360225188e-03	1.000000000000000000e+00	9.156114600000000000e+07
4.800700000000000000e+04	6.407971644291738933e-01	2.005260158503377552e-03	1.000000000000000000e+00	9.156116300000000000e+07
4.802400000000000000e+04	6.451530219860560633e-01	2.270066690932967795e-03	1.000000000000000000e+00	9.156118000000000000e+07
4.804000000000000000e+04	6.429927531961362464e-01	2.146972735973732508e-03	1.000000000000000000e+00	9.156119600000000000e+07
4.805700000000000000e+04	6.413019544943112660e-01	2.236932707767888637e-03	1.000000000000000000e+00	9.156121300000000000e+07
4.807300000000000000e+04	6.411098432608354214e-01	2.001308167594763408e-03	1.000000000000000000e+00	9.156122900000000000e+07
4.809000000000000000e+04	6.417100250723338783e-01	1.997032996628875495e-03	1.000000000000000000e+00	9.156124600000000000e+07
4.810700000000000000e+04	6.452926731240039571e-01	2.005879951515708581e-03	1.000000000000000000e+00	9.156126300000000000e+07
4.812300000000000000e+04	6.433892694913508903e-01	2.002426055460151955e-03	1.000000000000000000e+00	9.156127900000000000e+07
4.814000000000000000e+04	6.420383405970526702e-01	1.996201688379006106e-03	1.000000000000000000e+00	9.156129600000000000e+07
4.815600000000000000e+04	6.440995011286225758e-01	2.000596256198230484e-03	1.000000000000000000e+00	9.156131200000000000e+07
4.817300000000000000e+04	6.423879451120974027e-01	2.000575511340382459e-03	1.000000000000000000e+00	9.156132900000000000e+07
4.819100000000000000e+04	6.418729970707270915e-01	2.002733741013967665e-03	1.000000000000000000e+00	9.156134700000000000e+07
4.820700000000000000e+04	6.442421454522881952e-01	1.996626135953867565e-03	1.000000000000000000e+00	9.156136300000000000e+07
4.822400000000000000e+04	6.469981995009077558e-01	2.147786335790222503e-03	1.000000000000000000e+00	9.156138000000000000e+07
4.824100000000000000e+04	6.400996857457775802e-01	2.233342310910039607e-03	1.000000000000000000e+00	9.156139700000000000e+07
4.825700000000000000e+04	6.396993935199906112e-01	1.985099095424482703e-03	1.000000000000000000e+00	9.156141300000000000e+07
4.827400000000000000e+04	6.397515488263592065e-01	2.231116767885211582e-03	1.000000000000000000e+00	9.156143000000000000e+07
4.829100000000000000e+04	6.415281195827482463e-01	1.991632052019876378e-03	1.000000000000000000e+00	9.156144700000000000e+07
4.830700000000000000e+04	6.405713180346580549e-01	2.234009054751209550e-03	1.000000000000000000e+00	9.156146300000000000e+07
4.832400000000000000e+04	6.434785738268355981e-01	1.992606885057715983e-03	1.000000000000000000e+00	9.156148000000000000e+07
4.834000000000000000e+04	6.426771199605982865e-01	1.998935053211085573e-03	1.000000000000000000e+00	9.156149600000000000e+07
4.835700000000000000e+04	6.388509571763151262e-01	2.241774115719313669e-03	1.000000000000000000e+00	9.156151300000000000e+07
4.843900000000000000e+04	6.392658571934863865e-01	1.991560563138187849e-03	1.000000000000000000e+00	9.156159500000000000e+07
4.845600000000000000e+04	6.418453890732980227e-01	1.994213255763000511e-03	1.000000000000000000e+00	9.156161200000000000e+07
4.847300000000000000e+04	6.439258953324870083e-01	2.144350025707978009e-03	1.000000000000000000e+00	9.156162900000000000e+07
4.848900000000000000e+04	6.406173066506405389e-01	2.232863571908644870e-03	1.000000000000000000e+00	9.156164500000000000e+07
4.850600000000000000e+04	6.392301084150521229e-01	1.987453467563373571e-03	1.000000000000000000e+00	9.156166200000000000e+07
4.852200000000000000e+04	6.414229159803220837e-01	1.991233050449855036e-03	1.000000000000000000e+00	9.156167800000000000e+07
4.853900000000000000e+04	6.426746741855520195e-01	1.991776659033020654e-03	1.000000000000000000e+00	9.156169500000000000e+07
4.855600000000000000e+04	6.408396108498189969e-01	1.997041249216631453e-03	1.000000000000000000e+00	9.156171200000000000e+07
4.857200000000000000e+04	6.414939474038493517e-01	2.223932713665808820e-03	1.000000000000000000e+00	9.156172800000000000e+07
4.858900000000000000e+04	6.436128730603590808e-01	2.003386122222063862e-03	1.000000000000000000e+00	9.156174500000000000e+07
4.860500000000000000e+04	6.413819118412406040e-01	1.997233973862607911e-03	1.000000000000000000e+00	9.156176100000000000e+07
4.862200000000000000e+04	6.414929502406281348e-01	2.002003176307274365e-03	1.000000000000000000e+00	9.156177800000000000e+07
4.863900000000000000e+04	6.421035841552796830e-01	2.003705933516912799e-03	1.000000000000000000e+00	9.156179500000000000e+07
4.865600000000000000e+04	6.435316441241925034e-01	2.152782768785732777e-03	1.000000000000000000e+00	9.156181200000000000e+07
4.867300000000000000e+04	6.415877257858717542e-01	2.241604025139943852e-03	1.000000000000000000e+00	9.156182900000000000e+07
5.161800000000000000e+04	8.703020099847372792e-01	2.531402807630700035e-03	1.000000000000000000e+00	9.156477400000000000e+07
5.163600000000000000e+04	6.715792147310665205e-01	2.073761568148000355e-03	1.000000000000000000e+00	9.156479200000000000e+07
5.165300000000000000e+04	6.698596826150925443e-01	2.067423079113683143e-03	1.000000000000000000e+00	9.156480900000000000e+07
5.167000000000000000e+04	6.743459860890900215e-01	2.083766918185305916e-03	1.000000000000000000e+00	9.156482600000000000e+07
5.168600000000000000e+04	6.679072272012958056e-01	2.064593459195361407e-03	1.000000000000000000e+00	9.156484200000000000e+07
5.170300000000000000e+04	6.733891867459635971e-01	2.077837813265540328e-03	1.000000000000000000e+00	9.156485900000000000e+07
5.171900000000000000e+04	6.726191491346266149e-01	2.072172611868098452e-03	1.000000000000000000e+00	9.156487500000000000e+07
5.173600000000000000e+04	6.698800738118962927e-01	2.075927967342848599e-03	1.000000000000000000e+00	9.156489200000000000e+07
5.175300000000000000e+04	6.695212222990379880e-01	2.069095070698954465e-03	1.000000000000000000e+00	9.156490900000000000e+07
5.176900000000000000e+04	6.722683342144797347e-01	2.222177865357087730e-03	1.000000000000000000e+00	9.156492500000000000e+07
5.178600000000000000e+04	6.714467440422475786e-01	2.327151819321968303e-03	1.000000000000000000e+00	9.156494200000000000e+07
5.180300000000000000e+04	6.725622734022901339e-01	2.069236421421202093e-03	1.000000000000000000e+00	9.156495900000000000e+07
5.181900000000000000e+04	6.788797288605331604e-01	2.090201638846363695e-03	1.000000000000000000e+00	9.156497500000000000e+07
5.183600000000000000e+04	6.721738738922254930e-01	2.080775910182094610e-03	1.000000000000000000e+00	9.156499200000000000e+07
5.185300000000000000e+04	6.742914048832386875e-01	2.074311952370076154e-03	1.000000000000000000e+00	9.156500900000000000e+07
5.186900000000000000e+04	6.744770199185168291e-01	2.077027412929862999e-03	1.000000000000000000e+00	9.156502500000000000e+07
5.188600000000000000e+04	6.758449670732792347e-01	2.077658908341193517e-03	1.000000000000000000e+00	9.156504200000000000e+07
5.190200000000000000e+04	6.773070540431699316e-01	2.087208999653770904e-03	1.000000000000000000e+00	9.156505800000000000e+07
5.191900000000000000e+04	6.706071081999791517e-01	2.073719240035914665e-03	1.000000000000000000e+00	9.156507500000000000e+07
5.193600000000000000e+04	6.793932298545688475e-01	2.091190687507527620e-03	1.000000000000000000e+00	9.156509200000000000e+07
5.195300000000000000e+04	6.799177367257533966e-01	2.247409950338904484e-03	1.000000000000000000e+00	9.156510900000000000e+07
5.196900000000000000e+04	6.757209826913218587e-01	2.335744443003117971e-03	1.000000000000000000e+00	9.156512500000000000e+07
5.198600000000000000e+04	6.748508959478815017e-01	2.076091844741849348e-03	1.000000000000000000e+00	9.156514200000000000e+07
5.200300000000000000e+04	6.812062154890363708e-01	2.093348027363804015e-03	1.000000000000000000e+00	9.156515900000000000e+07
5.201900000000000000e+04	6.744490898019438463e-01	2.075292988547436900e-03	1.000000000000000000e+00	9.156517500000000000e+07
5.203600000000000000e+04	6.787892289792352152e-01	2.087939757643674822e-03	1.000000000000000000e+00	9.156519200000000000e+07
5.205200000000000000e+04	6.782908350799603525e-01	2.078402354131102508e-03	1.000000000000000000e+00	9.156520800000000000e+07
5.206900000000000000e+04	6.774136726622924654e-01	2.083154393345413354e-03	1.000000000000000000e+00	9.156522500000000000e+07
5.208600000000000000e+04	6.763396786744096945e-01	2.074561122568179938e-03	1.000000000000000000e+00	9.156524200000000000e+07
5.210300000000000000e+04	6.760924753167272261e-01	2.081910658226346876e-03	1.000000000000000000e+00	9.156525900000000000e+07
5.212000000000000000e+04	6.782659682121260358e-01	2.079815712710967983e-03	1.000000000000000000e+00	9.156527600000000000e+07
5.213600000000000000e+04	6.776563395531114420e-01	2.234776345804892050e-03	1.000000000000000000e+00	9.156529200000000000e+07
5.215300000000000000e+04	6.753466576030004997e-01	2.333569577391769127e-03	1.000000000000000000e+00	9.156530900000000000e+07
5.217000000000000000e+04	6.778493309730334593e-01	2.078202286278456150e-03	1.000000000000000000e+00	9.156532600000000000e+07
5.218600000000000000e+04	6.789098062207747919e-01	2.090461273520631980e-03	1.000000000000000000e+00	9.156534200000000000e+07
5.220300000000000000e+04	6.761870447267253059e-01	2.075542835246885643e-03	1.000000000000000000e+00	9.156535900000000000e+07
5.222000000000000000e+04	6.781074003854969945e-01	2.083792127486022282e-03	1.000000000000000000e+00	9.156537600000000000e+07
5.223700000000000000e+04	6.775521219066990009e-01	2.079146560563020513e-03	1.000000000000000000e+00	9.156539300000000000e+07
5.225300000000000000e+04	6.764962473744524640e-01	2.080743734051259796e-03	1.000000000000000000e+00	9.156540900000000000e+07
5.227000000000000000e+04	6.775835495028634803e-01	2.074177969951516206e-03	1.000000000000000000e+00	9.156542600000000000e+07
