# SPEC File: S:/Myspot_backup/MPI/Guest/Tomasz\ML_18keV_17th_March_2026.dat
# SPEC Input Runs: 63; 274 - 334
# BACKGROUND SUBTRATCION: True
# HOW MANY SAMPLES - Data: 1
# Reduction Protocol: Time Scan
# Array Shape: (1705,)
# AXIS 0 - Name: Epoch
# AXIS 0 - Min.: 91561595.0
# AXIS 0 - Max.: 91600902.0
# AXIS 0 - Digits: 3
# AXIS 0 - Index: False
# File Type: Time Scan Sequence
# Epoch (Relative), Trans., Err., Mask, Epoch (Absolute)
0.000000000000000000e+00	6.392658571934863865e-01	1.991560563138187849e-03	1.000000000000000000e+00	9.156159500000000000e+07
1.700000000000000000e+01	6.418453890732980227e-01	1.994213255763000511e-03	1.000000000000000000e+00	9.156161200000000000e+07
3.400000000000000000e+01	6.439258953324870083e-01	2.144350025707978009e-03	1.000000000000000000e+00	9.156162900000000000e+07
5.000000000000000000e+01	6.406173066506405389e-01	2.232863571908644870e-03	1.000000000000000000e+00	9.156164500000000000e+07
6.700000000000000000e+01	6.392301084150521229e-01	1.987453467563373571e-03	1.000000000000000000e+00	9.156166200000000000e+07
8.300000000000000000e+01	6.414229159803220837e-01	1.991233050449855036e-03	1.000000000000000000e+00	9.156167800000000000e+07
1.000000000000000000e+02	6.426746741855520195e-01	1.991776659033020654e-03	1.000000000000000000e+00	9.156169500000000000e+07
1.170000000000000000e+02	6.408396108498189969e-01	1.997041249216631453e-03	1.000000000000000000e+00	9.156171200000000000e+07
1.330000000000000000e+02	6.414939474038493517e-01	2.223932713665808820e-03	1.000000000000000000e+00	9.156172800000000000e+07
1.500000000000000000e+02	6.436128730603590808e-01	2.003386122222063862e-03	1.000000000000000000e+00	9.156174500000000000e+07
1.660000000000000000e+02	6.413819118412406040e-01	1.997233973862607911e-03	1.000000000000000000e+00	9.156176100000000000e+07
1.830000000000000000e+02	6.414929502406281348e-01	2.002003176307274365e-03	1.000000000000000000e+00	9.156177800000000000e+07
2.000000000000000000e+02	6.421035841552796830e-01	2.003705933516912799e-03	1.000000000000000000e+00	9.156179500000000000e+07
2.170000000000000000e+02	6.435316441241925034e-01	2.152782768785732777e-03	1.000000000000000000e+00	9.156181200000000000e+07
2.340000000000000000e+02	6.415877257858717542e-01	2.241604025139943852e-03	1.000000000000000000e+00	9.156182900000000000e+07
3.179000000000000000e+03	8.703020099847372792e-01	2.531402807630700035e-03	1.000000000000000000e+00	9.156477400000000000e+07
3.197000000000000000e+03	6.715792147310665205e-01	2.073761568148000355e-03	1.000000000000000000e+00	9.156479200000000000e+07
3.214000000000000000e+03	6.698596826150925443e-01	2.067423079113683143e-03	1.000000000000000000e+00	9.156480900000000000e+07
3.231000000000000000e+03	6.743459860890900215e-01	2.083766918185305916e-03	1.000000000000000000e+00	9.156482600000000000e+07
3.247000000000000000e+03	6.679072272012958056e-01	2.064593459195361407e-03	1.000000000000000000e+00	9.156484200000000000e+07
3.264000000000000000e+03	6.733891867459635971e-01	2.077837813265540328e-03	1.000000000000000000e+00	9.156485900000000000e+07
3.280000000000000000e+03	6.726191491346266149e-01	2.072172611868098452e-03	1.000000000000000000e+00	9.156487500000000000e+07
3.297000000000000000e+03	6.698800738118962927e-01	2.075927967342848599e-03	1.000000000000000000e+00	9.156489200000000000e+07
3.314000000000000000e+03	6.695212222990379880e-01	2.069095070698954465e-03	1.000000000000000000e+00	9.156490900000000000e+07
3.330000000000000000e+03	6.722683342144797347e-01	2.222177865357087730e-03	1.000000000000000000e+00	9.156492500000000000e+07
3.347000000000000000e+03	6.714467440422475786e-01	2.327151819321968303e-03	1.000000000000000000e+00	9.156494200000000000e+07
3.364000000000000000e+03	6.725622734022901339e-01	2.069236421421202093e-03	1.000000000000000000e+00	9.156495900000000000e+07
3.380000000000000000e+03	6.788797288605331604e-01	2.090201638846363695e-03	1.000000000000000000e+00	9.156497500000000000e+07
3.397000000000000000e+03	6.721738738922254930e-01	2.080775910182094610e-03	1.000000000000000000e+00	9.156499200000000000e+07
3.414000000000000000e+03	6.742914048832386875e-01	2.074311952370076154e-03	1.000000000000000000e+00	9.156500900000000000e+07
3.430000000000000000e+03	6.744770199185168291e-01	2.077027412929862999e-03	1.000000000000000000e+00	9.156502500000000000e+07
3.447000000000000000e+03	6.758449670732792347e-01	2.077658908341193517e-03	1.000000000000000000e+00	9.156504200000000000e+07
3.463000000000000000e+03	6.773070540431699316e-01	2.087208999653770904e-03	1.000000000000000000e+00	9.156505800000000000e+07
3.480000000000000000e+03	6.706071081999791517e-01	2.073719240035914665e-03	1.000000000000000000e+00	9.156507500000000000e+07
3.497000000000000000e+03	6.793932298545688475e-01	2.091190687507527620e-03	1.000000000000000000e+00	9.156509200000000000e+07
3.514000000000000000e+03	6.799177367257533966e-01	2.247409950338904484e-03	1.000000000000000000e+00	9.156510900000000000e+07
3.530000000000000000e+03	6.757209826913218587e-01	2.335744443003117971e-03	1.000000000000000000e+00	9.156512500000000000e+07
3.547000000000000000e+03	6.748508959478815017e-01	2.076091844741849348e-03	1.000000000000000000e+00	9.156514200000000000e+07
3.564000000000000000e+03	6.812062154890363708e-01	2.093348027363804015e-03	1.000000000000000000e+00	9.156515900000000000e+07
3.580000000000000000e+03	6.744490898019438463e-01	2.075292988547436900e-03	1.000000000000000000e+00	9.156517500000000000e+07
3.597000000000000000e+03	6.787892289792352152e-01	2.087939757643674822e-03	1.000000000000000000e+00	9.156519200000000000e+07
3.613000000000000000e+03	6.782908350799603525e-01	2.078402354131102508e-03	1.000000000000000000e+00	9.156520800000000000e+07
3.630000000000000000e+03	6.774136726622924654e-01	2.083154393345413354e-03	1.000000000000000000e+00	9.156522500000000000e+07
3.647000000000000000e+03	6.763396786744096945e-01	2.074561122568179938e-03	1.000000000000000000e+00	9.156524200000000000e+07
3.664000000000000000e+03	6.760924753167272261e-01	2.081910658226346876e-03	1.000000000000000000e+00	9.156525900000000000e+07
3.681000000000000000e+03	6.782659682121260358e-01	2.079815712710967983e-03	1.000000000000000000e+00	9.156527600000000000e+07
3.697000000000000000e+03	6.776563395531114420e-01	2.234776345804892050e-03	1.000000000000000000e+00	9.156529200000000000e+07
3.714000000000000000e+03	6.753466576030004997e-01	2.333569577391769127e-03	1.000000000000000000e+00	9.156530900000000000e+07
3.731000000000000000e+03	6.778493309730334593e-01	2.078202286278456150e-03	1.000000000000000000e+00	9.156532600000000000e+07
3.747000000000000000e+03	6.789098062207747919e-01	2.090461273520631980e-03	1.000000000000000000e+00	9.156534200000000000e+07
3.764000000000000000e+03	6.761870447267253059e-01	2.075542835246885643e-03	1.000000000000000000e+00	9.156535900000000000e+07
3.781000000000000000e+03	6.781074003854969945e-01	2.083792127486022282e-03	1.000000000000000000e+00	9.156537600000000000e+07
3.798000000000000000e+03	6.775521219066990009e-01	2.079146560563020513e-03	1.000000000000000000e+00	9.156539300000000000e+07
3.814000000000000000e+03	6.764962473744524640e-01	2.080743734051259796e-03	1.000000000000000000e+00	9.156540900000000000e+07
3.831000000000000000e+03	6.775835495028634803e-01	2.074177969951516206e-03	1.000000000000000000e+00	9.156542600000000000e+07
3.914000000000000000e+03	6.766826900696352176e-01	2.078286342714665610e-03	1.000000000000000000e+00	9.156550900000000000e+07
3.931000000000000000e+03	6.782338320229328588e-01	2.071658545092804754e-03	1.000000000000000000e+00	9.156552600000000000e+07
3.947000000000000000e+03	6.788429455475107899e-01	2.238044540175121444e-03	1.000000000000000000e+00	9.156554200000000000e+07
3.964000000000000000e+03	6.787779271954834659e-01	2.337599871409632487e-03	1.000000000000000000e+00	9.156555900000000000e+07
3.981000000000000000e+03	6.769836137585892866e-01	2.069899759708905204e-03	1.000000000000000000e+00	9.156557600000000000e+07
3.997000000000000000e+03	6.793581890588451522e-01	2.077930917800578561e-03	1.000000000000000000e+00	9.156559200000000000e+07
4.014000000000000000e+03	6.779071366973087320e-01	2.072644889593567869e-03	1.000000000000000000e+00	9.156560900000000000e+07
4.031000000000000000e+03	6.792081471029322026e-01	2.078592158255733371e-03	1.000000000000000000e+00	9.156562600000000000e+07
4.047000000000000000e+03	6.789705596227680884e-01	2.082096898084636466e-03	1.000000000000000000e+00	9.156564200000000000e+07
4.064000000000000000e+03	6.783257515752977307e-01	2.078724085969229241e-03	1.000000000000000000e+00	9.156565900000000000e+07
4.080000000000000000e+03	6.778394139456348499e-01	2.095517782540268562e-03	1.000000000000000000e+00	9.156567500000000000e+07
4.098000000000000000e+03	6.764479732007273594e-01	2.076942482861732393e-03	1.000000000000000000e+00	9.156569300000000000e+07
4.114000000000000000e+03	6.788214337112891128e-01	2.078322584858840246e-03	1.000000000000000000e+00	9.156570900000000000e+07
4.131000000000000000e+03	6.790998784729518345e-01	2.235143348501389404e-03	1.000000000000000000e+00	9.156572600000000000e+07
4.147000000000000000e+03	6.778955014853731420e-01	2.332367338301272099e-03	1.000000000000000000e+00	9.156574200000000000e+07
4.164000000000000000e+03	6.772918114450066085e-01	2.079129090710661078e-03	1.000000000000000000e+00	9.156575900000000000e+07
4.181000000000000000e+03	6.784403423178394510e-01	2.078906190102299077e-03	1.000000000000000000e+00	9.156577600000000000e+07
4.198000000000000000e+03	6.775307069604887822e-01	2.075711957604474498e-03	1.000000000000000000e+00	9.156579300000000000e+07
4.214000000000000000e+03	6.806818761996418221e-01	2.091831458538808645e-03	1.000000000000000000e+00	9.156580900000000000e+07
4.231000000000000000e+03	6.730480371979006282e-01	2.068671138307488083e-03	1.000000000000000000e+00	9.156582600000000000e+07
4.247000000000000000e+03	6.706199552082924287e-01	2.062958819693861551e-03	1.000000000000000000e+00	9.156584200000000000e+07
4.264000000000000000e+03	6.656837659508157978e-01	2.053724357173244801e-03	1.000000000000000000e+00	9.156585900000000000e+07
4.281000000000000000e+03	6.675534401593843370e-01	2.062988528264549266e-03	1.000000000000000000e+00	9.156587600000000000e+07
4.298000000000000000e+03	6.666719388807965663e-01	2.057150961400470730e-03	1.000000000000000000e+00	9.156589300000000000e+07
4.314000000000000000e+03	6.652327919950670188e-01	2.211376874927865541e-03	1.000000000000000000e+00	9.156590900000000000e+07
4.331000000000000000e+03	6.634380819658102224e-01	2.300967715854296963e-03	1.000000000000000000e+00	9.156592600000000000e+07
4.348000000000000000e+03	6.655957994041796777e-01	2.055659439809795833e-03	1.000000000000000000e+00	9.156594300000000000e+07
4.364000000000000000e+03	6.673539895716332770e-01	2.066378561984476975e-03	1.000000000000000000e+00	9.156595900000000000e+07
4.381000000000000000e+03	6.672086951291428258e-01	2.059080095256267742e-03	1.000000000000000000e+00	9.156597600000000000e+07
4.398000000000000000e+03	6.671004934364692662e-01	2.065258356223735776e-03	1.000000000000000000e+00	9.156599300000000000e+07
4.415000000000000000e+03	6.651720429187949479e-01	2.057726561880951228e-03	1.000000000000000000e+00	9.156601000000000000e+07
4.431000000000000000e+03	6.672149905524972224e-01	2.072737428898319915e-03	1.000000000000000000e+00	9.156602600000000000e+07
4.448000000000000000e+03	6.693903138958234855e-01	2.069851533521467613e-03	1.000000000000000000e+00	9.156604300000000000e+07
4.465000000000000000e+03	6.653992105966620718e-01	2.065408208435008750e-03	1.000000000000000000e+00	9.156606000000000000e+07
4.482000000000000000e+03	6.669113143972070779e-01	2.063254260446026334e-03	1.000000000000000000e+00	9.156607700000000000e+07
4.499000000000000000e+03	6.643676014576290756e-01	2.206467706791876912e-03	1.000000000000000000e+00	9.156609400000000000e+07
4.515000000000000000e+03	6.650907290074424827e-01	2.314877926215824430e-03	1.000000000000000000e+00	9.156611000000000000e+07
4.532000000000000000e+03	6.658893945553837623e-01	2.059101942343641734e-03	1.000000000000000000e+00	9.156612700000000000e+07
4.549000000000000000e+03	6.669386492778138775e-01	2.065433373795880732e-03	1.000000000000000000e+00	9.156614400000000000e+07
4.566000000000000000e+03	6.649636933054892118e-01	2.062199884415969950e-03	1.000000000000000000e+00	9.156616100000000000e+07
4.582000000000000000e+03	6.660473105365133373e-01	2.060515919323256586e-03	1.000000000000000000e+00	9.156617700000000000e+07
4.599000000000000000e+03	6.641307592707882401e-01	2.052071481965728542e-03	1.000000000000000000e+00	9.156619400000000000e+07
4.616000000000000000e+03	6.644397363723059113e-01	2.054520720658778530e-03	1.000000000000000000e+00	9.156621100000000000e+07
4.633000000000000000e+03	6.657201771841131377e-01	2.058414916766807597e-03	1.000000000000000000e+00	9.156622800000000000e+07
4.650000000000000000e+03	6.647238978217060446e-01	2.057683822840882925e-03	1.000000000000000000e+00	9.156624500000000000e+07
4.667000000000000000e+03	6.671333332581690367e-01	2.063398783771744696e-03	1.000000000000000000e+00	9.156626200000000000e+07
4.684000000000000000e+03	6.651488438032795436e-01	2.209173204487188506e-03	1.000000000000000000e+00	9.156627900000000000e+07
4.700000000000000000e+03	6.655264158982212575e-01	2.313231239036398108e-03	1.000000000000000000e+00	9.156629500000000000e+07
4.717000000000000000e+03	6.609023184199039891e-01	2.042024262934749416e-03	1.000000000000000000e+00	9.156631200000000000e+07
4.734000000000000000e+03	6.639102104606559029e-01	2.053556219450182636e-03	1.000000000000000000e+00	9.156632900000000000e+07
4.750000000000000000e+03	6.641610731921478994e-01	2.047736746710359431e-03	1.000000000000000000e+00	9.156634500000000000e+07
4.767000000000000000e+03	6.683664643429424457e-01	2.060018712884276182e-03	1.000000000000000000e+00	9.156636200000000000e+07
4.784000000000000000e+03	6.636126704130509424e-01	2.047893821975122364e-03	1.000000000000000000e+00	9.156637900000000000e+07
4.800000000000000000e+03	6.660838709064962337e-01	2.056648108719001146e-03	1.000000000000000000e+00	9.156639500000000000e+07
4.817000000000000000e+03	6.673001523090620335e-01	2.060237217100783884e-03	1.000000000000000000e+00	9.156641200000000000e+07
4.902000000000000000e+03	6.659823253438809099e-01	2.061713082028104535e-03	1.000000000000000000e+00	9.156649700000000000e+07
4.919000000000000000e+03	6.632017240933294477e-01	2.053591065547643712e-03	1.000000000000000000e+00	9.156651400000000000e+07
4.935000000000000000e+03	6.685118906498096480e-01	2.212237291655873642e-03	1.000000000000000000e+00	9.156653000000000000e+07
4.952000000000000000e+03	6.650956817850179892e-01	2.302778188244435781e-03	1.000000000000000000e+00	9.156654700000000000e+07
4.969000000000000000e+03	6.629883121263928647e-01	2.043702986708432947e-03	1.000000000000000000e+00	9.156656400000000000e+07
4.986000000000000000e+03	6.649592928235054101e-01	2.057348123677498874e-03	1.000000000000000000e+00	9.156658100000000000e+07
5.002000000000000000e+03	6.637387524370211844e-01	2.052655433533067102e-03	1.000000000000000000e+00	9.156659700000000000e+07
5.019000000000000000e+03	6.648256403265471182e-01	2.048557922454202762e-03	1.000000000000000000e+00	9.156661400000000000e+07
5.036000000000000000e+03	6.636689483900897191e-01	2.054582095344368795e-03	1.000000000000000000e+00	9.156663100000000000e+07
5.052000000000000000e+03	6.661989575552678122e-01	2.057082684623623425e-03	1.000000000000000000e+00	9.156664700000000000e+07
5.069000000000000000e+03	6.645388820206777902e-01	2.055001781872695370e-03	1.000000000000000000e+00	9.156666400000000000e+07
5.087000000000000000e+03	6.635784941601128306e-01	2.061919749006890963e-03	1.000000000000000000e+00	9.156668200000000000e+07
5.103000000000000000e+03	6.655562518826103613e-01	2.060084113404819176e-03	1.000000000000000000e+00	9.156669800000000000e+07
5.120000000000000000e+03	6.663718357552370630e-01	2.208681703227618164e-03	1.000000000000000000e+00	9.156671500000000000e+07
5.137000000000000000e+03	6.666608817153355515e-01	2.318309903864657334e-03	1.000000000000000000e+00	9.156673200000000000e+07
5.153000000000000000e+03	6.657329245197564083e-01	2.060501719875719971e-03	1.000000000000000000e+00	9.156674800000000000e+07
5.170000000000000000e+03	6.639965603719470977e-01	2.076260532152485183e-03	1.000000000000000000e+00	9.156676500000000000e+07
5.187000000000000000e+03	6.692142825042608489e-01	2.067999357749473761e-03	1.000000000000000000e+00	9.156678200000000000e+07
5.204000000000000000e+03	6.674547976791999071e-01	2.064693166107316527e-03	1.000000000000000000e+00	9.156679900000000000e+07
5.221000000000000000e+03	6.626097049704762210e-01	2.053284688729556731e-03	1.000000000000000000e+00	9.156681600000000000e+07
5.238000000000000000e+03	6.669511429932183377e-01	2.065835767499893741e-03	1.000000000000000000e+00	9.156683300000000000e+07
5.254000000000000000e+03	6.632986673504753794e-01	2.058826609045051517e-03	1.000000000000000000e+00	9.156684900000000000e+07
5.272000000000000000e+03	6.617043493063893278e-01	2.060914015692129949e-03	1.000000000000000000e+00	9.156686700000000000e+07
5.289000000000000000e+03	6.633867817690372037e-01	2.062048600501324366e-03	1.000000000000000000e+00	9.156688400000000000e+07
5.306000000000000000e+03	6.632169525353196482e-01	2.207753591376302327e-03	1.000000000000000000e+00	9.156690100000000000e+07
5.322000000000000000e+03	6.660252972688891493e-01	2.318927340210915570e-03	1.000000000000000000e+00	9.156691700000000000e+07
5.339000000000000000e+03	6.637668924109673130e-01	2.063722856610165218e-03	1.000000000000000000e+00	9.156693400000000000e+07
5.356000000000000000e+03	6.664523708087919385e-01	2.066735954027616121e-03	1.000000000000000000e+00	9.156695100000000000e+07
5.373000000000000000e+03	6.664192145638510034e-01	2.060087219876328892e-03	1.000000000000000000e+00	9.156696800000000000e+07
5.389000000000000000e+03	6.681919128673382557e-01	2.065977286648249065e-03	1.000000000000000000e+00	9.156698400000000000e+07
5.406000000000000000e+03	6.648410674012035226e-01	2.058375001027945832e-03	1.000000000000000000e+00	9.156700100000000000e+07
5.423000000000000000e+03	6.679478936558271851e-01	2.065698240327753718e-03	1.000000000000000000e+00	9.156701800000000000e+07
5.440000000000000000e+03	6.632670721945308490e-01	2.054036123052433663e-03	1.000000000000000000e+00	9.156703500000000000e+07
5.458000000000000000e+03	6.663646493385561032e-01	2.068838051537214961e-03	1.000000000000000000e+00	9.156705300000000000e+07
5.475000000000000000e+03	6.673025242789835110e-01	2.060899930863676656e-03	1.000000000000000000e+00	9.156707000000000000e+07
5.491000000000000000e+03	6.659963294217499108e-01	2.209632449797547735e-03	1.000000000000000000e+00	9.156708600000000000e+07
5.508000000000000000e+03	6.680764517916630840e-01	2.316922236878650281e-03	1.000000000000000000e+00	9.156710300000000000e+07
5.525000000000000000e+03	6.613241468198434170e-01	2.046399718839166104e-03	1.000000000000000000e+00	9.156712000000000000e+07
5.542000000000000000e+03	6.689417117498707155e-01	2.067189496734509521e-03	1.000000000000000000e+00	9.156713700000000000e+07
5.559000000000000000e+03	6.654413952840786406e-01	2.057315229358730891e-03	1.000000000000000000e+00	9.156715400000000000e+07
5.575000000000000000e+03	6.686773472228482174e-01	2.065947546783017570e-03	1.000000000000000000e+00	9.156717000000000000e+07
5.592000000000000000e+03	6.657304391774390151e-01	2.076754777601501085e-03	1.000000000000000000e+00	9.156718700000000000e+07
5.609000000000000000e+03	6.701229642845970558e-01	2.064033606764711232e-03	1.000000000000000000e+00	9.156720400000000000e+07
5.626000000000000000e+03	6.669083119660423886e-01	2.048213362450431330e-03	1.000000000000000000e+00	9.156722100000000000e+07
5.643000000000000000e+03	6.651610645427917801e-01	2.053940459895325574e-03	1.000000000000000000e+00	9.156723800000000000e+07
5.660000000000000000e+03	6.694397489426361370e-01	2.057413701045515166e-03	1.000000000000000000e+00	9.156725500000000000e+07
5.676000000000000000e+03	6.658684507876290182e-01	2.202022313252085823e-03	1.000000000000000000e+00	9.156727100000000000e+07
5.693000000000000000e+03	6.653518702389691342e-01	2.301466792839807537e-03	1.000000000000000000e+00	9.156728800000000000e+07
5.710000000000000000e+03	6.632347095579781415e-01	2.041894721205989721e-03	1.000000000000000000e+00	9.156730500000000000e+07
5.727000000000000000e+03	6.675458763991876099e-01	2.053945538944567089e-03	1.000000000000000000e+00	9.156732200000000000e+07
5.743000000000000000e+03	6.647118094454641524e-01	2.042018567431119931e-03	1.000000000000000000e+00	9.156733800000000000e+07
5.760000000000000000e+03	6.630048278163768183e-01	2.041658599094491478e-03	1.000000000000000000e+00	9.156735500000000000e+07
5.777000000000000000e+03	6.668231859028758146e-01	2.050960310408785157e-03	1.000000000000000000e+00	9.156737200000000000e+07
5.794000000000000000e+03	6.681557631378409745e-01	2.054945719646568761e-03	1.000000000000000000e+00	9.156738900000000000e+07
5.810000000000000000e+03	6.643618045735388833e-01	2.044050902202328417e-03	1.000000000000000000e+00	9.156740500000000000e+07
5.894000000000000000e+03	6.671573908009115206e-01	2.055690286157736170e-03	1.000000000000000000e+00	9.156748900000000000e+07
5.911000000000000000e+03	6.658656565945159089e-01	2.049907522287600873e-03	1.000000000000000000e+00	9.156750600000000000e+07
5.928000000000000000e+03	6.643574271092177463e-01	2.201530107703704615e-03	1.000000000000000000e+00	9.156752300000000000e+07
5.945000000000000000e+03	6.684237612696155573e-01	2.309922181723940426e-03	1.000000000000000000e+00	9.156754000000000000e+07
5.961000000000000000e+03	6.679367609559556662e-01	2.054428199577042462e-03	1.000000000000000000e+00	9.156755600000000000e+07
5.978000000000000000e+03	6.663018966043792179e-01	2.055538884691655854e-03	1.000000000000000000e+00	9.156757300000000000e+07
5.995000000000000000e+03	6.632945098969549313e-01	2.046968867140109422e-03	1.000000000000000000e+00	9.156759000000000000e+07
6.012000000000000000e+03	6.662767550998585087e-01	2.056649187541719805e-03	1.000000000000000000e+00	9.156760700000000000e+07
6.029000000000000000e+03	6.658907820308489489e-01	2.059370571720910668e-03	1.000000000000000000e+00	9.156762400000000000e+07
6.046000000000000000e+03	6.654256326918723818e-01	2.062371995700141604e-03	1.000000000000000000e+00	9.156764100000000000e+07
6.063000000000000000e+03	6.659133017525109555e-01	2.091667716781242178e-03	1.000000000000000000e+00	9.156765800000000000e+07
6.080000000000000000e+03	6.694309870803528684e-01	2.069375061422322123e-03	1.000000000000000000e+00	9.156767500000000000e+07
6.097000000000000000e+03	6.674453765275375483e-01	2.061315238261478017e-03	1.000000000000000000e+00	9.156769200000000000e+07
6.113000000000000000e+03	6.673650970372183577e-01	2.213299637674093386e-03	1.000000000000000000e+00	9.156770800000000000e+07
6.130000000000000000e+03	6.671817402423291243e-01	2.316380009584774208e-03	1.000000000000000000e+00	9.156772500000000000e+07
6.147000000000000000e+03	6.651162751753072477e-01	2.051998801493922636e-03	1.000000000000000000e+00	9.156774200000000000e+07
6.164000000000000000e+03	6.641383815337793539e-01	2.059061748644687093e-03	1.000000000000000000e+00	9.156775900000000000e+07
6.181000000000000000e+03	6.668535604941747685e-01	2.059917407620217179e-03	1.000000000000000000e+00	9.156777600000000000e+07
6.198000000000000000e+03	6.661493933045385951e-01	2.055514505140454678e-03	1.000000000000000000e+00	9.156779300000000000e+07
6.215000000000000000e+03	6.670809827076334964e-01	2.057300325327272687e-03	1.000000000000000000e+00	9.156781000000000000e+07
6.232000000000000000e+03	6.678307217418351094e-01	2.066952463082973382e-03	1.000000000000000000e+00	9.156782700000000000e+07
6.249000000000000000e+03	6.623666730705634054e-01	2.053191463468943996e-03	1.000000000000000000e+00	9.156784400000000000e+07
6.266000000000000000e+03	6.638697433326642416e-01	2.060254584155522210e-03	1.000000000000000000e+00	9.156786100000000000e+07
6.283000000000000000e+03	6.657584567095478079e-01	2.059764416258859799e-03	1.000000000000000000e+00	9.156787800000000000e+07
6.300000000000000000e+03	6.671318169314589541e-01	2.213168751385924567e-03	1.000000000000000000e+00	9.156789500000000000e+07
6.317000000000000000e+03	6.673196578006428403e-01	2.311738438432689273e-03	1.000000000000000000e+00	9.156791200000000000e+07
6.334000000000000000e+03	6.640085084005485916e-01	2.051036734350743414e-03	1.000000000000000000e+00	9.156792900000000000e+07
6.351000000000000000e+03	6.687566644045245257e-01	2.062565878939561469e-03	1.000000000000000000e+00	9.156794600000000000e+07
6.368000000000000000e+03	6.665196724162427699e-01	2.056261133387925037e-03	1.000000000000000000e+00	9.156796300000000000e+07
6.384000000000000000e+03	6.670977731832139490e-01	2.056567253266959952e-03	1.000000000000000000e+00	9.156797900000000000e+07
6.401000000000000000e+03	6.659078126505922901e-01	2.084950006720458302e-03	1.000000000000000000e+00	9.156799600000000000e+07
6.418000000000000000e+03	6.668586175838167041e-01	2.051993591017022868e-03	1.000000000000000000e+00	9.156801300000000000e+07
6.435000000000000000e+03	6.650836574288498948e-01	2.050267225436307357e-03	1.000000000000000000e+00	9.156803000000000000e+07
6.453000000000000000e+03	6.671293978651361423e-01	2.056193508264589267e-03	1.000000000000000000e+00	9.156804800000000000e+07
6.469000000000000000e+03	6.656545099555000178e-01	2.047475224419229283e-03	1.000000000000000000e+00	9.156806400000000000e+07
6.486000000000000000e+03	6.669470145183219456e-01	2.200838062153713266e-03	1.000000000000000000e+00	9.156808100000000000e+07
6.503000000000000000e+03	6.677950896714798246e-01	2.305897887852136324e-03	1.000000000000000000e+00	9.156809800000000000e+07
6.519000000000000000e+03	6.659548998658452179e-01	2.048745853803771860e-03	1.000000000000000000e+00	9.156811400000000000e+07
6.536000000000000000e+03	6.675507024978925008e-01	2.050392193805868329e-03	1.000000000000000000e+00	9.156813100000000000e+07
6.553000000000000000e+03	6.654512256956516270e-01	2.043279991600465643e-03	1.000000000000000000e+00	9.156814800000000000e+07
6.570000000000000000e+03	6.621660092513608209e-01	2.038635235394234066e-03	1.000000000000000000e+00	9.156816500000000000e+07
6.587000000000000000e+03	6.622691119883330479e-01	2.040439296219115871e-03	1.000000000000000000e+00	9.156818200000000000e+07
6.604000000000000000e+03	6.650577517033585684e-01	2.042134407689496882e-03	1.000000000000000000e+00	9.156819900000000000e+07
6.621000000000000000e+03	6.657849717719247495e-01	2.045521456529257338e-03	1.000000000000000000e+00	9.156821600000000000e+07
6.639000000000000000e+03	6.645977854999902679e-01	2.046901085796424928e-03	1.000000000000000000e+00	9.156823400000000000e+07
6.656000000000000000e+03	6.650511064113474591e-01	2.041037826555664510e-03	1.000000000000000000e+00	9.156825100000000000e+07
6.672000000000000000e+03	6.669014011869954794e-01	2.214824882530663352e-03	1.000000000000000000e+00	9.156826700000000000e+07
6.689000000000000000e+03	6.646684065635546368e-01	2.293111971708402565e-03	1.000000000000000000e+00	9.156828400000000000e+07
6.706000000000000000e+03	6.631688931591447345e-01	2.033207125545207893e-03	1.000000000000000000e+00	9.156830100000000000e+07
6.723000000000000000e+03	6.645527479877181287e-01	2.038842787024759944e-03	1.000000000000000000e+00	9.156831800000000000e+07
6.740000000000000000e+03	6.669072914997626889e-01	2.043137001734058635e-03	1.000000000000000000e+00	9.156833500000000000e+07
6.757000000000000000e+03	6.668547485618855353e-01	2.048365028839628944e-03	1.000000000000000000e+00	9.156835200000000000e+07
6.773000000000000000e+03	6.690358794465852688e-01	2.045594044785213270e-03	1.000000000000000000e+00	9.156836800000000000e+07
6.790000000000000000e+03	6.633221631527229656e-01	2.034598047165831879e-03	1.000000000000000000e+00	9.156838500000000000e+07
6.807000000000000000e+03	6.676751759205941106e-01	2.054417092618287394e-03	1.000000000000000000e+00	9.156840200000000000e+07
6.891000000000000000e+03	6.662104620946250888e-01	2.053901550672295861e-03	1.000000000000000000e+00	9.156848600000000000e+07
6.908000000000000000e+03	6.653151532473056129e-01	2.044499080132190349e-03	1.000000000000000000e+00	9.156850300000000000e+07
6.924000000000000000e+03	6.681714329582548739e-01	2.204314843528440860e-03	1.000000000000000000e+00	9.156851900000000000e+07
6.942000000000000000e+03	6.624545573993347869e-01	2.295814792916146558e-03	1.000000000000000000e+00	9.156853700000000000e+07
6.959000000000000000e+03	6.635571411841967304e-01	2.048410667263474583e-03	1.000000000000000000e+00	9.156855400000000000e+07
6.976000000000000000e+03	6.646310481935926440e-01	2.048567472698935386e-03	1.000000000000000000e+00	9.156857100000000000e+07
6.993000000000000000e+03	6.663195001281261298e-01	2.050215442636323625e-03	1.000000000000000000e+00	9.156858800000000000e+07
7.010000000000000000e+03	6.693500212937609772e-01	2.061433754271607514e-03	1.000000000000000000e+00	9.156860500000000000e+07
7.027000000000000000e+03	6.644707550375865690e-01	2.047869260172528391e-03	1.000000000000000000e+00	9.156862200000000000e+07
7.043000000000000000e+03	6.687263830151396471e-01	2.062354934451285197e-03	1.000000000000000000e+00	9.156863800000000000e+07
7.060000000000000000e+03	6.620431240393567229e-01	2.051092213792904406e-03	1.000000000000000000e+00	9.156865500000000000e+07
7.077000000000000000e+03	6.630924203302226427e-01	2.062440548944132358e-03	1.000000000000000000e+00	9.156867200000000000e+07
7.094000000000000000e+03	6.642834927221319408e-01	2.056673456410593528e-03	1.000000000000000000e+00	9.156868900000000000e+07
7.111000000000000000e+03	6.695676669379981849e-01	2.219633456160759275e-03	1.000000000000000000e+00	9.156870600000000000e+07
7.128000000000000000e+03	6.646319765843142768e-01	2.308799987210420884e-03	1.000000000000000000e+00	9.156872300000000000e+07
7.145000000000000000e+03	6.634519596015618914e-01	2.051677221886207339e-03	1.000000000000000000e+00	9.156874000000000000e+07
7.161000000000000000e+03	6.659314042556319091e-01	2.065575917763078691e-03	1.000000000000000000e+00	9.156875600000000000e+07
7.178000000000000000e+03	6.637832691191677403e-01	2.057470026246024496e-03	1.000000000000000000e+00	9.156877300000000000e+07
7.195000000000000000e+03	6.666086217015272375e-01	2.064145304484652204e-03	1.000000000000000000e+00	9.156879000000000000e+07
7.212000000000000000e+03	6.652463081206966278e-01	2.058317667342028472e-03	1.000000000000000000e+00	9.156880700000000000e+07
7.229000000000000000e+03	6.674191040029975319e-01	2.065029967838116418e-03	1.000000000000000000e+00	9.156882400000000000e+07
7.246000000000000000e+03	6.642119384123803538e-01	2.067342975496255612e-03	1.000000000000000000e+00	9.156884100000000000e+07
7.264000000000000000e+03	6.627509036667105224e-01	2.056195245409412221e-03	1.000000000000000000e+00	9.156885900000000000e+07
7.281000000000000000e+03	6.665749241226049948e-01	2.060272248448910895e-03	1.000000000000000000e+00	9.156887600000000000e+07
7.297000000000000000e+03	6.671176704986885309e-01	2.212195519098045498e-03	1.000000000000000000e+00	9.156889200000000000e+07
7.314000000000000000e+03	6.677679700334522295e-01	2.314002147662533142e-03	1.000000000000000000e+00	9.156890900000000000e+07
7.331000000000000000e+03	6.666154911331254596e-01	2.056434154134251582e-03	1.000000000000000000e+00	9.156892600000000000e+07
7.348000000000000000e+03	6.672073407638249298e-01	2.064948253501194906e-03	1.000000000000000000e+00	9.156894300000000000e+07
7.364000000000000000e+03	6.658026246728683262e-01	2.057012806887473493e-03	1.000000000000000000e+00	9.156895900000000000e+07
7.381000000000000000e+03	6.675901499758212232e-01	2.062357746871054057e-03	1.000000000000000000e+00	9.156897600000000000e+07
7.397000000000000000e+03	6.612275793925533884e-01	2.054550988229821365e-03	1.000000000000000000e+00	9.156899200000000000e+07
7.414000000000000000e+03	6.666163168542511563e-01	2.056290088327126977e-03	1.000000000000000000e+00	9.156900900000000000e+07
7.431000000000000000e+03	6.650537187062277589e-01	2.054716834990172325e-03	1.000000000000000000e+00	9.156902600000000000e+07
7.448000000000000000e+03	6.639520959987319504e-01	2.053792331692266566e-03	1.000000000000000000e+00	9.156904300000000000e+07
7.465000000000000000e+03	6.694650255122772675e-01	2.055780702997627232e-03	1.000000000000000000e+00	9.156906000000000000e+07
7.482000000000000000e+03	6.641811687522516383e-01	2.196243683924052007e-03	1.000000000000000000e+00	9.156907700000000000e+07
7.499000000000000000e+03	6.651389385181782909e-01	2.306370114093170536e-03	1.000000000000000000e+00	9.156909400000000000e+07
7.516000000000000000e+03	6.658647892460042295e-01	2.046874064867776257e-03	1.000000000000000000e+00	9.156911100000000000e+07
7.533000000000000000e+03	6.669938631803778994e-01	2.059127662144805571e-03	1.000000000000000000e+00	9.156912800000000000e+07
7.550000000000000000e+03	6.652920601037400905e-01	2.056911031159504473e-03	1.000000000000000000e+00	9.156914500000000000e+07
7.567000000000000000e+03	6.638611730792093324e-01	2.045427633173624478e-03	1.000000000000000000e+00	9.156916200000000000e+07
7.583000000000000000e+03	6.687691732190625959e-01	2.049440340557300705e-03	1.000000000000000000e+00	9.156917800000000000e+07
7.600000000000000000e+03	6.648569966229272987e-01	2.042313643922074977e-03	1.000000000000000000e+00	9.156919500000000000e+07
7.618000000000000000e+03	6.658374629648131648e-01	2.043869153818851994e-03	1.000000000000000000e+00	9.156921300000000000e+07
7.635000000000000000e+03	6.664228383057393401e-01	2.053258483088400525e-03	1.000000000000000000e+00	9.156923000000000000e+07
7.651000000000000000e+03	6.691132567380986274e-01	2.050197319841879674e-03	1.000000000000000000e+00	9.156924600000000000e+07
7.668000000000000000e+03	6.659218970640731206e-01	2.194153350813212149e-03	1.000000000000000000e+00	9.156926300000000000e+07
7.686000000000000000e+03	6.642281564067377131e-01	2.292705949840923279e-03	1.000000000000000000e+00	9.156928100000000000e+07
7.702000000000000000e+03	6.655327022583379382e-01	2.047812918073846095e-03	1.000000000000000000e+00	9.156929700000000000e+07
7.720000000000000000e+03	6.650289632577282006e-01	2.047796208744338819e-03	1.000000000000000000e+00	9.156931500000000000e+07
7.737000000000000000e+03	6.631935174991357984e-01	2.038756321799837287e-03	1.000000000000000000e+00	9.156933200000000000e+07
7.753000000000000000e+03	6.661339161319929092e-01	2.047808016388675059e-03	1.000000000000000000e+00	9.156934800000000000e+07
7.770000000000000000e+03	6.666814127978141213e-01	2.049269647137289332e-03	1.000000000000000000e+00	9.156936500000000000e+07
7.787000000000000000e+03	6.658684655159742283e-01	2.043904230682843087e-03	1.000000000000000000e+00	9.156938200000000000e+07
7.804000000000000000e+03	6.627748928125927197e-01	2.037619914031395772e-03	1.000000000000000000e+00	9.156939900000000000e+07
7.887000000000000000e+03	6.668089205770892924e-01	2.053427134066931198e-03	1.000000000000000000e+00	9.156948200000000000e+07
7.904000000000000000e+03	6.662475183852246685e-01	2.056691576530052679e-03	1.000000000000000000e+00	9.156949900000000000e+07
7.920000000000000000e+03	6.628907677501819640e-01	2.192408773417683053e-03	1.000000000000000000e+00	9.156951500000000000e+07
7.937000000000000000e+03	6.686225430467687136e-01	2.311938103746180844e-03	1.000000000000000000e+00	9.156953200000000000e+07
7.954000000000000000e+03	6.633078019147802262e-01	2.043127847672572810e-03	1.000000000000000000e+00	9.156954900000000000e+07
7.970000000000000000e+03	6.642608386301576129e-01	2.053147339705771717e-03	1.000000000000000000e+00	9.156956500000000000e+07
7.987000000000000000e+03	6.656505320438761419e-01	2.064580398184647034e-03	1.000000000000000000e+00	9.156958200000000000e+07
8.004000000000000000e+03	6.680908464438298777e-01	2.057772335574856778e-03	1.000000000000000000e+00	9.156959900000000000e+07
8.021000000000000000e+03	6.644216170436130220e-01	2.057450646098121349e-03	1.000000000000000000e+00	9.156961600000000000e+07
8.037000000000000000e+03	6.655258814963468383e-01	2.055748590425656320e-03	1.000000000000000000e+00	9.156963200000000000e+07
8.054000000000000000e+03	6.660453986459367037e-01	2.063189135229764881e-03	1.000000000000000000e+00	9.156964900000000000e+07
8.071000000000000000e+03	6.665322637046494636e-01	2.066387828638926831e-03	1.000000000000000000e+00	9.156966600000000000e+07
8.089000000000000000e+03	6.644099808210925939e-01	2.060704948752157574e-03	1.000000000000000000e+00	9.156968400000000000e+07
8.105000000000000000e+03	6.688949370888123136e-01	2.220818742127310397e-03	1.000000000000000000e+00	9.156970000000000000e+07
8.122000000000000000e+03	6.648195841254515015e-01	2.313122568515256494e-03	1.000000000000000000e+00	9.156971700000000000e+07
8.139000000000000000e+03	6.623346357836331633e-01	2.053848884410913473e-03	1.000000000000000000e+00	9.156973400000000000e+07
8.156000000000000000e+03	6.668406544111719070e-01	2.067574558545980275e-03	1.000000000000000000e+00	9.156975100000000000e+07
8.173000000000000000e+03	6.661077296590123265e-01	2.065575171665351255e-03	1.000000000000000000e+00	9.156976800000000000e+07
8.190000000000000000e+03	6.658988540108626841e-01	2.068753628082304914e-03	1.000000000000000000e+00	9.156978500000000000e+07
8.207000000000000000e+03	6.666826039065972820e-01	2.070108909321609087e-03	1.000000000000000000e+00	9.156980200000000000e+07
8.224000000000000000e+03	6.674705509038291185e-01	2.076567288591503642e-03	1.000000000000000000e+00	9.156981900000000000e+07
8.241000000000000000e+03	6.658633342386831577e-01	2.070355318010459397e-03	1.000000000000000000e+00	9.156983600000000000e+07
8.258000000000000000e+03	6.612238699318410129e-01	2.063181733769153814e-03	1.000000000000000000e+00	9.156985300000000000e+07
8.275000000000000000e+03	6.637221435798308367e-01	2.058764546082979003e-03	1.000000000000000000e+00	9.156987000000000000e+07
8.292000000000000000e+03	6.673096698012599415e-01	2.220244749565240296e-03	1.000000000000000000e+00	9.156988700000000000e+07
8.308000000000000000e+03	6.656063574466472010e-01	2.318004626343021096e-03	1.000000000000000000e+00	9.156990300000000000e+07
8.325000000000000000e+03	6.624997487639486815e-01	2.057156950251625739e-03	1.000000000000000000e+00	9.156992000000000000e+07
8.342000000000000000e+03	6.647843479397131938e-01	2.062099894730273775e-03	1.000000000000000000e+00	9.156993700000000000e+07
8.359000000000000000e+03	6.652603445018784312e-01	2.064388561687573523e-03	1.000000000000000000e+00	9.156995400000000000e+07
8.375000000000000000e+03	6.656178025218071337e-01	2.059133704571487842e-03	1.000000000000000000e+00	9.156997000000000000e+07
8.392000000000000000e+03	6.646297189360480528e-01	2.057662046613604502e-03	1.000000000000000000e+00	9.156998700000000000e+07
8.409000000000000000e+03	6.655890798652193130e-01	2.065652240037048250e-03	1.000000000000000000e+00	9.157000400000000000e+07
8.426000000000000000e+03	6.680220274563014593e-01	2.065371052178935959e-03	1.000000000000000000e+00	9.157002100000000000e+07
8.443000000000000000e+03	6.633532864938678220e-01	2.057325549140677848e-03	1.000000000000000000e+00	9.157003800000000000e+07
8.460000000000000000e+03	6.656200254433949359e-01	2.057072409420190959e-03	1.000000000000000000e+00	9.157005500000000000e+07
8.477000000000000000e+03	6.682326897005442801e-01	2.212631076011451099e-03	1.000000000000000000e+00	9.157007200000000000e+07
8.493000000000000000e+03	6.653850666058492846e-01	2.314723276362083693e-03	1.000000000000000000e+00	9.157008800000000000e+07
8.510000000000000000e+03	6.645344842032834265e-01	2.047995941733677088e-03	1.000000000000000000e+00	9.157010500000000000e+07
8.526000000000000000e+03	6.635117133843161374e-01	2.050875936226994982e-03	1.000000000000000000e+00	9.157012100000000000e+07
8.543000000000000000e+03	6.688800531732908006e-01	2.056595071111653062e-03	1.000000000000000000e+00	9.157013800000000000e+07
8.560000000000000000e+03	6.634290595882674779e-01	2.049580858792936135e-03	1.000000000000000000e+00	9.157015500000000000e+07
8.576000000000000000e+03	6.647680409570054794e-01	2.059800228910858236e-03	1.000000000000000000e+00	9.157017100000000000e+07
8.593000000000000000e+03	6.652970121510176638e-01	2.045644258011134701e-03	1.000000000000000000e+00	9.157018800000000000e+07
8.610000000000000000e+03	6.669740003662314454e-01	2.053992383413443500e-03	1.000000000000000000e+00	9.157020500000000000e+07
8.627000000000000000e+03	6.637540183108738834e-01	2.047268931226582916e-03	1.000000000000000000e+00	9.157022200000000000e+07
8.643000000000000000e+03	6.628794106979315481e-01	2.037679484104518331e-03	1.000000000000000000e+00	9.157023800000000000e+07
8.660000000000000000e+03	6.671715359785579391e-01	2.194860580341365108e-03	1.000000000000000000e+00	9.157025500000000000e+07
8.676000000000000000e+03	6.656307475104246141e-01	2.298087808637079912e-03	1.000000000000000000e+00	9.157027100000000000e+07
8.693000000000000000e+03	6.657950524088031008e-01	2.036141589607254505e-03	1.000000000000000000e+00	9.157028800000000000e+07
8.710000000000000000e+03	6.646757231064640559e-01	2.040642343024764906e-03	1.000000000000000000e+00	9.157030500000000000e+07
8.727000000000000000e+03	6.659590594697766264e-01	2.035865336614295015e-03	1.000000000000000000e+00	9.157032200000000000e+07
8.744000000000000000e+03	6.647081829261388686e-01	2.036733448708012359e-03	1.000000000000000000e+00	9.157033900000000000e+07
8.760000000000000000e+03	6.633150940800628392e-01	2.031988596209118730e-03	1.000000000000000000e+00	9.157035500000000000e+07
8.777000000000000000e+03	6.665044233956265440e-01	2.040107861777845904e-03	1.000000000000000000e+00	9.157037200000000000e+07
8.794000000000000000e+03	6.663866590643120480e-01	2.035840980289503784e-03	1.000000000000000000e+00	9.157038900000000000e+07
8.878000000000000000e+03	6.619561107222993179e-01	2.032104714812819901e-03	1.000000000000000000e+00	9.157047300000000000e+07
8.894000000000000000e+03	6.653407262368253861e-01	2.034269146418266842e-03	1.000000000000000000e+00	9.157048900000000000e+07
8.911000000000000000e+03	6.683728461191135173e-01	2.193708800662432130e-03	1.000000000000000000e+00	9.157050600000000000e+07
8.927000000000000000e+03	6.651969933633937737e-01	2.287744860439244569e-03	1.000000000000000000e+00	9.157052200000000000e+07
8.944000000000000000e+03	6.656404079404577567e-01	2.036792225271562198e-03	1.000000000000000000e+00	9.157053900000000000e+07
8.961000000000000000e+03	6.671477742653062482e-01	2.044682516858350747e-03	1.000000000000000000e+00	9.157055600000000000e+07
8.978000000000000000e+03	6.654380605621673661e-01	2.037418678952805477e-03	1.000000000000000000e+00	9.157057300000000000e+07
8.995000000000000000e+03	6.680249200763627160e-01	2.048482257936420393e-03	1.000000000000000000e+00	9.157059000000000000e+07
9.012000000000000000e+03	6.694957737916600315e-01	2.045401618955620775e-03	1.000000000000000000e+00	9.157060700000000000e+07
9.028000000000000000e+03	6.665822588400696080e-01	2.045765190586391891e-03	1.000000000000000000e+00	9.157062300000000000e+07
9.045000000000000000e+03	6.682967658100366082e-01	2.076367608472604303e-03	1.000000000000000000e+00	9.157064000000000000e+07
9.062000000000000000e+03	6.655773272188375556e-01	2.053533573474388817e-03	1.000000000000000000e+00	9.157065700000000000e+07
9.078000000000000000e+03	6.660905706797827230e-01	2.041421972899193794e-03	1.000000000000000000e+00	9.157067300000000000e+07
9.095000000000000000e+03	6.643905497856312792e-01	2.190947507435531041e-03	1.000000000000000000e+00	9.157069000000000000e+07
9.111000000000000000e+03	6.648116398897512269e-01	2.299012367876608100e-03	1.000000000000000000e+00	9.157070600000000000e+07
9.129000000000000000e+03	6.628072988502606844e-01	2.035731793546262814e-03	1.000000000000000000e+00	9.157072400000000000e+07
9.146000000000000000e+03	6.665948193125270649e-01	2.058972213429047932e-03	1.000000000000000000e+00	9.157074100000000000e+07
9.162000000000000000e+03	6.640116917559091281e-01	2.043796827235670223e-03	1.000000000000000000e+00	9.157075700000000000e+07
9.179000000000000000e+03	6.643749273843139180e-01	2.053080844348370831e-03	1.000000000000000000e+00	9.157077400000000000e+07
9.196000000000000000e+03	6.637063765451743924e-01	2.050236678177058333e-03	1.000000000000000000e+00	9.157079100000000000e+07
9.212000000000000000e+03	6.673537285666474306e-01	2.059713539103443219e-03	1.000000000000000000e+00	9.157080700000000000e+07
9.229000000000000000e+03	6.645709810118239913e-01	2.055898914768301486e-03	1.000000000000000000e+00	9.157082400000000000e+07
9.246000000000000000e+03	6.626672623892442271e-01	2.059994832498035673e-03	1.000000000000000000e+00	9.157084100000000000e+07
9.263000000000000000e+03	6.670239088295588648e-01	2.089127461621099070e-03	1.000000000000000000e+00	9.157085800000000000e+07
9.279000000000000000e+03	6.654567378627713747e-01	2.209017867554475059e-03	1.000000000000000000e+00	9.157087400000000000e+07
9.296000000000000000e+03	6.626607036102551973e-01	2.314659422530375866e-03	1.000000000000000000e+00	9.157089100000000000e+07
9.312000000000000000e+03	6.618100722630413379e-01	2.061173291399730646e-03	1.000000000000000000e+00	9.157090700000000000e+07
9.329000000000000000e+03	6.647432726857872565e-01	2.077612622343071123e-03	1.000000000000000000e+00	9.157092400000000000e+07
9.346000000000000000e+03	6.650394856053019055e-01	2.070508286518289980e-03	1.000000000000000000e+00	9.157094100000000000e+07
9.363000000000000000e+03	6.601382543753593346e-01	2.060486381434393881e-03	1.000000000000000000e+00	9.157095800000000000e+07
9.380000000000000000e+03	6.662939917360440889e-01	2.077376930357715916e-03	1.000000000000000000e+00	9.157097500000000000e+07
9.396000000000000000e+03	6.675806138020935476e-01	2.081053669191248231e-03	1.000000000000000000e+00	9.157099100000000000e+07
9.413000000000000000e+03	6.641316615132033530e-01	2.075375093483619680e-03	1.000000000000000000e+00	9.157100800000000000e+07
9.430000000000000000e+03	6.620069065331311009e-01	2.074829788016669969e-03	1.000000000000000000e+00	9.157102500000000000e+07
9.447000000000000000e+03	6.661721201494921196e-01	2.074978636000566340e-03	1.000000000000000000e+00	9.157104200000000000e+07
9.464000000000000000e+03	6.637830912967048747e-01	2.221873619358071417e-03	1.000000000000000000e+00	9.157105900000000000e+07
9.480000000000000000e+03	6.659860304383165008e-01	2.325834558121561268e-03	1.000000000000000000e+00	9.157107500000000000e+07
9.497000000000000000e+03	6.655337801356188132e-01	2.080120362292501961e-03	1.000000000000000000e+00	9.157109200000000000e+07
9.514000000000000000e+03	6.662673028681551646e-01	2.080888640299399794e-03	1.000000000000000000e+00	9.157110900000000000e+07
9.531000000000000000e+03	6.638795628693849871e-01	2.070788008219303766e-03	1.000000000000000000e+00	9.157112600000000000e+07
9.547000000000000000e+03	6.662209987088548724e-01	2.075791951230252560e-03	1.000000000000000000e+00	9.157114200000000000e+07
9.564000000000000000e+03	6.640123460886686590e-01	2.068213072224951883e-03	1.000000000000000000e+00	9.157115900000000000e+07
9.580000000000000000e+03	6.617669533080927646e-01	2.062530886436242036e-03	1.000000000000000000e+00	9.157117500000000000e+07
9.598000000000000000e+03	6.629958541301965713e-01	2.070146833087360087e-03	1.000000000000000000e+00	9.157119300000000000e+07
9.615000000000000000e+03	6.631784454220439606e-01	2.074111638124561448e-03	1.000000000000000000e+00	9.157121000000000000e+07
9.631000000000000000e+03	6.669402025637519715e-01	2.069286107461000210e-03	1.000000000000000000e+00	9.157122600000000000e+07
9.648000000000000000e+03	6.668350892723950984e-01	2.219209108165167126e-03	1.000000000000000000e+00	9.157124300000000000e+07
9.665000000000000000e+03	6.659349785230306296e-01	2.317412409353803923e-03	1.000000000000000000e+00	9.157126000000000000e+07
9.681000000000000000e+03	6.639557261707573765e-01	2.063251185260073228e-03	1.000000000000000000e+00	9.157127600000000000e+07
9.698000000000000000e+03	6.624190512002412490e-01	2.060178188297062153e-03	1.000000000000000000e+00	9.157129300000000000e+07
9.714000000000000000e+03	6.679651206554372278e-01	2.071249989926052422e-03	1.000000000000000000e+00	9.157130900000000000e+07
9.731000000000000000e+03	6.647537153064525528e-01	2.063243865812287945e-03	1.000000000000000000e+00	9.157132600000000000e+07
9.747000000000000000e+03	6.619941827920470256e-01	2.056287828032863155e-03	1.000000000000000000e+00	9.157134200000000000e+07
9.764000000000000000e+03	6.661284602879672390e-01	2.068198633963996141e-03	1.000000000000000000e+00	9.157135900000000000e+07
9.780000000000000000e+03	6.669125373948784352e-01	2.063198951520800982e-03	1.000000000000000000e+00	9.157137500000000000e+07
9.865000000000000000e+03	6.676956238513419573e-01	2.071689669176752895e-03	1.000000000000000000e+00	9.157146000000000000e+07
9.882000000000000000e+03	6.646793787128708608e-01	2.059025890966546552e-03	1.000000000000000000e+00	9.157147700000000000e+07
9.902000000000000000e+03	6.645716866212481033e-01	2.208910373859524195e-03	1.000000000000000000e+00	9.157149700000000000e+07
9.919000000000000000e+03	6.662421026843471372e-01	2.317415145800920135e-03	1.000000000000000000e+00	9.157151400000000000e+07
9.936000000000000000e+03	6.637664879045687139e-01	2.067461859489683890e-03	1.000000000000000000e+00	9.157153100000000000e+07
9.953000000000000000e+03	6.685110610104152418e-01	2.066477256931291938e-03	1.000000000000000000e+00	9.157154800000000000e+07
9.970000000000000000e+03	6.648837587601361676e-01	2.054770763298551135e-03	1.000000000000000000e+00	9.157156500000000000e+07
9.986000000000000000e+03	6.645673638613239786e-01	2.061305672893242683e-03	1.000000000000000000e+00	9.157158100000000000e+07
1.000300000000000000e+04	6.650718433047511091e-01	2.058135880148943310e-03	1.000000000000000000e+00	9.157159800000000000e+07
1.002000000000000000e+04	6.672812215714805095e-01	2.060971051678202066e-03	1.000000000000000000e+00	9.157161500000000000e+07
1.003600000000000000e+04	6.653390666515939245e-01	2.059763814611884937e-03	1.000000000000000000e+00	9.157163100000000000e+07
1.005300000000000000e+04	6.650804979978089948e-01	2.060121685810441684e-03	1.000000000000000000e+00	9.157164800000000000e+07
1.007000000000000000e+04	6.655072925780092241e-01	2.059643223547068767e-03	1.000000000000000000e+00	9.157166500000000000e+07
1.008700000000000000e+04	6.649790836852506049e-01	2.204666241180420778e-03	1.000000000000000000e+00	9.157168200000000000e+07
1.010300000000000000e+04	6.686545322987613726e-01	2.321759534141898743e-03	1.000000000000000000e+00	9.157169800000000000e+07
1.012000000000000000e+04	6.650266931863090258e-01	2.055232575323888075e-03	1.000000000000000000e+00	9.157171500000000000e+07
1.013700000000000000e+04	6.675494388565141879e-01	2.066967238751271640e-03	1.000000000000000000e+00	9.157173200000000000e+07
1.015400000000000000e+04	6.671874826408139558e-01	2.064660988618461247e-03	1.000000000000000000e+00	9.157174900000000000e+07
1.017000000000000000e+04	6.669927591750351992e-01	2.066768297874817337e-03	1.000000000000000000e+00	9.157176500000000000e+07
1.018700000000000000e+04	6.614475049539449980e-01	2.048120546848123270e-03	1.000000000000000000e+00	9.157178200000000000e+07
1.020400000000000000e+04	6.655980678058678324e-01	2.063501339323683438e-03	1.000000000000000000e+00	9.157179900000000000e+07
1.022000000000000000e+04	6.648421584136881002e-01	2.059595260612666866e-03	1.000000000000000000e+00	9.157181500000000000e+07
1.023800000000000000e+04	6.617116036626827791e-01	2.057157396399565946e-03	1.000000000000000000e+00	9.157183300000000000e+07
1.025400000000000000e+04	6.645740405837855524e-01	2.058562576205269588e-03	1.000000000000000000e+00	9.157184900000000000e+07
1.027100000000000000e+04	6.658313616334335938e-01	2.210615785465184623e-03	1.000000000000000000e+00	9.157186600000000000e+07
1.028800000000000000e+04	6.698932206252148358e-01	2.327036475429571354e-03	1.000000000000000000e+00	9.157188300000000000e+07
1.030500000000000000e+04	6.616739329770240374e-01	2.052458031554633532e-03	1.000000000000000000e+00	9.157190000000000000e+07
1.032100000000000000e+04	6.635483851609325079e-01	2.059161205559135142e-03	1.000000000000000000e+00	9.157191600000000000e+07
1.033800000000000000e+04	6.668064899620461672e-01	2.068931314614593474e-03	1.000000000000000000e+00	9.157193300000000000e+07
1.035500000000000000e+04	6.665463040528467609e-01	2.070809013954100740e-03	1.000000000000000000e+00	9.157195000000000000e+07
1.037100000000000000e+04	6.630973727424591679e-01	2.060290340082243828e-03	1.000000000000000000e+00	9.157196600000000000e+07
1.038800000000000000e+04	6.690042346272775386e-01	2.075822013445281517e-03	1.000000000000000000e+00	9.157198300000000000e+07
1.040500000000000000e+04	6.642646545307062667e-01	2.068649615382642509e-03	1.000000000000000000e+00	9.157200000000000000e+07
1.042200000000000000e+04	6.649293773380822170e-01	2.072015945508291421e-03	1.000000000000000000e+00	9.157201700000000000e+07
1.043900000000000000e+04	6.646297879092734062e-01	2.065044946927782968e-03	1.000000000000000000e+00	9.157203400000000000e+07
1.045500000000000000e+04	6.682265189080555112e-01	2.227349266596363904e-03	1.000000000000000000e+00	9.157205000000000000e+07
1.047200000000000000e+04	6.662664292297755253e-01	2.319992332693740066e-03	1.000000000000000000e+00	9.157206700000000000e+07
1.048800000000000000e+04	6.638100043255050764e-01	2.058603673121341213e-03	1.000000000000000000e+00	9.157208300000000000e+07
1.050500000000000000e+04	6.649177759856359504e-01	2.062525611449470431e-03	1.000000000000000000e+00	9.157210000000000000e+07
1.052200000000000000e+04	6.658053509828952832e-01	2.059482982752142317e-03	1.000000000000000000e+00	9.157211700000000000e+07
1.053800000000000000e+04	6.652553169328999649e-01	2.068106963562370195e-03	1.000000000000000000e+00	9.157213300000000000e+07
1.055500000000000000e+04	6.674644409211982765e-01	2.065645082005461517e-03	1.000000000000000000e+00	9.157215000000000000e+07
1.057200000000000000e+04	6.626209851311631871e-01	2.056416341170707283e-03	1.000000000000000000e+00	9.157216700000000000e+07
1.058800000000000000e+04	6.637045207821569148e-01	2.058112726432401174e-03	1.000000000000000000e+00	9.157218300000000000e+07
1.060500000000000000e+04	6.629870021342133546e-01	2.057874178526290006e-03	1.000000000000000000e+00	9.157220000000000000e+07
1.062200000000000000e+04	6.636307983845789460e-01	2.054400251769392290e-03	1.000000000000000000e+00	9.157221700000000000e+07
1.063900000000000000e+04	6.628669469984453944e-01	2.198964657036393041e-03	1.000000000000000000e+00	9.157223400000000000e+07
1.065500000000000000e+04	6.662112562678034200e-01	2.314596511232110392e-03	1.000000000000000000e+00	9.157225000000000000e+07
1.067200000000000000e+04	6.635385033996146209e-01	2.056473969487201091e-03	1.000000000000000000e+00	9.157226700000000000e+07
1.068800000000000000e+04	6.671879891689219688e-01	2.058026647880390522e-03	1.000000000000000000e+00	9.157228300000000000e+07
1.070500000000000000e+04	6.666505834955953613e-01	2.051099965228494592e-03	1.000000000000000000e+00	9.157230000000000000e+07
1.072200000000000000e+04	6.644288498151731392e-01	2.048212671046380131e-03	1.000000000000000000e+00	9.157231700000000000e+07
1.073900000000000000e+04	6.665303738566641378e-01	2.051484829073686993e-03	1.000000000000000000e+00	9.157233400000000000e+07
1.075500000000000000e+04	6.641197785401018461e-01	2.048151702926642899e-03	1.000000000000000000e+00	9.157235000000000000e+07
1.077200000000000000e+04	6.653904544736136684e-01	2.048242234751771872e-03	1.000000000000000000e+00	9.157236700000000000e+07
1.085600000000000000e+04	6.641276879291523327e-01	2.047396542942670795e-03	1.000000000000000000e+00	9.157245100000000000e+07
1.087300000000000000e+04	6.681400614882669897e-01	2.049444830096564928e-03	1.000000000000000000e+00	9.157246800000000000e+07
1.089000000000000000e+04	6.686192356072996335e-01	2.203504997272582883e-03	1.000000000000000000e+00	9.157248500000000000e+07
1.090600000000000000e+04	6.656651572293542651e-01	2.305348151661605616e-03	1.000000000000000000e+00	9.157250100000000000e+07
1.092300000000000000e+04	6.636019085064790435e-01	2.076676979936383730e-03	1.000000000000000000e+00	9.157251800000000000e+07
1.094000000000000000e+04	6.692147213130023031e-01	2.048124674264773914e-03	1.000000000000000000e+00	9.157253500000000000e+07
1.095700000000000000e+04	6.646662857730306628e-01	2.034770096418051476e-03	1.000000000000000000e+00	9.157255200000000000e+07
1.097400000000000000e+04	6.676690569019909649e-01	2.043233039201040619e-03	1.000000000000000000e+00	9.157256900000000000e+07
1.099000000000000000e+04	6.633544546643705964e-01	2.031629170758098707e-03	1.000000000000000000e+00	9.157258500000000000e+07
1.100700000000000000e+04	6.661564008366880341e-01	2.043363334631129527e-03	1.000000000000000000e+00	9.157260200000000000e+07
1.102400000000000000e+04	6.613915075830052448e-01	2.032041637164895120e-03	1.000000000000000000e+00	9.157261900000000000e+07
1.104100000000000000e+04	6.648640017114161305e-01	2.041451392508740036e-03	1.000000000000000000e+00	9.157263600000000000e+07
1.105700000000000000e+04	6.663522436285425066e-01	2.036751692997042402e-03	1.000000000000000000e+00	9.157265200000000000e+07
1.107400000000000000e+04	6.658352825848569134e-01	2.189298461542303620e-03	1.000000000000000000e+00	9.157266900000000000e+07
1.109100000000000000e+04	6.667816373683043141e-01	2.296588277771038824e-03	1.000000000000000000e+00	9.157268600000000000e+07
1.110700000000000000e+04	6.620879457668757961e-01	2.032115222076964593e-03	1.000000000000000000e+00	9.157270200000000000e+07
1.112400000000000000e+04	6.662508882540698618e-01	2.040384623633267978e-03	1.000000000000000000e+00	9.157271900000000000e+07
1.114100000000000000e+04	6.645051161310018273e-01	2.036574275739132679e-03	1.000000000000000000e+00	9.157273600000000000e+07
1.115800000000000000e+04	6.647781163089284684e-01	2.037655494750557125e-03	1.000000000000000000e+00	9.157275300000000000e+07
1.117400000000000000e+04	6.624315061184345987e-01	2.037606587445320652e-03	1.000000000000000000e+00	9.157276900000000000e+07
1.119100000000000000e+04	6.678188221857274121e-01	2.045882807902047081e-03	1.000000000000000000e+00	9.157278600000000000e+07
1.120800000000000000e+04	6.638889051767493665e-01	2.033313333764213450e-03	1.000000000000000000e+00	9.157280300000000000e+07
1.122500000000000000e+04	6.671604688370058600e-01	2.053509515281085832e-03	1.000000000000000000e+00	9.157282000000000000e+07
1.124200000000000000e+04	6.707536668474696206e-01	2.051586959437326236e-03	1.000000000000000000e+00	9.157283700000000000e+07
1.125900000000000000e+04	6.639625049032816806e-01	2.270747458580531664e-03	1.000000000000000000e+00	9.157285400000000000e+07
1.127500000000000000e+04	6.651347304148521600e-01	2.298203284606740917e-03	1.000000000000000000e+00	9.157287000000000000e+07
1.129200000000000000e+04	6.632982095245441023e-01	2.036555615318143449e-03	1.000000000000000000e+00	9.157288700000000000e+07
1.130900000000000000e+04	6.700843495308114184e-01	2.054515497441501866e-03	1.000000000000000000e+00	9.157290400000000000e+07
1.132500000000000000e+04	6.639782620791259138e-01	2.040043925807062154e-03	1.000000000000000000e+00	9.157292000000000000e+07
1.134200000000000000e+04	6.647761810115589975e-01	2.186681152140346543e-03	1.000000000000000000e+00	9.157293700000000000e+07
1.135900000000000000e+04	6.629536309085903856e-01	2.047725377238704056e-03	1.000000000000000000e+00	9.157295400000000000e+07
1.137600000000000000e+04	6.666635849898505661e-01	2.057072636919735336e-03	1.000000000000000000e+00	9.157297100000000000e+07
1.139200000000000000e+04	6.613960281976037914e-01	2.042725932998566002e-03	1.000000000000000000e+00	9.157298700000000000e+07
1.140900000000000000e+04	6.635120775963885276e-01	2.050659207313846027e-03	1.000000000000000000e+00	9.157300400000000000e+07
1.142600000000000000e+04	6.674452075200005829e-01	2.057304768568374125e-03	1.000000000000000000e+00	9.157302100000000000e+07
1.144300000000000000e+04	6.635223353405980129e-01	2.198478842531220376e-03	1.000000000000000000e+00	9.157303800000000000e+07
1.145900000000000000e+04	6.648165393231583176e-01	2.308619766788348130e-03	1.000000000000000000e+00	9.157305400000000000e+07
1.147600000000000000e+04	6.619707048118242954e-01	2.045209038117724344e-03	1.000000000000000000e+00	9.157307100000000000e+07
1.149200000000000000e+04	6.655632655586536384e-01	2.054618547201147050e-03	1.000000000000000000e+00	9.157308700000000000e+07
1.151000000000000000e+04	6.650904774159044353e-01	2.053302920216320149e-03	1.000000000000000000e+00	9.157310500000000000e+07
1.152600000000000000e+04	6.640482641929393859e-01	2.057018754898110903e-03	1.000000000000000000e+00	9.157312100000000000e+07
1.154300000000000000e+04	6.643524166791244800e-01	2.054638780431069719e-03	1.000000000000000000e+00	9.157313800000000000e+07
1.156000000000000000e+04	6.627319871235058946e-01	2.051478829680414891e-03	1.000000000000000000e+00	9.157315500000000000e+07
1.157700000000000000e+04	6.640851265054392716e-01	2.050621087115969254e-03	1.000000000000000000e+00	9.157317200000000000e+07
1.159400000000000000e+04	6.634059062014994179e-01	2.055604130112939024e-03	1.000000000000000000e+00	9.157318900000000000e+07
1.161100000000000000e+04	6.652002097340719011e-01	2.054524725421937210e-03	1.000000000000000000e+00	9.157320600000000000e+07
1.162800000000000000e+04	6.635068283122697030e-01	2.200171941624470134e-03	1.000000000000000000e+00	9.157322300000000000e+07
1.164400000000000000e+04	6.645494789306405359e-01	2.301406946853656443e-03	1.000000000000000000e+00	9.157323900000000000e+07
1.166100000000000000e+04	6.627057154478771528e-01	2.045642526912252405e-03	1.000000000000000000e+00	9.157325600000000000e+07
1.167800000000000000e+04	6.639392223688097561e-01	2.050905200430771808e-03	1.000000000000000000e+00	9.157327300000000000e+07
1.169500000000000000e+04	6.643562831824136872e-01	2.047062911841730261e-03	1.000000000000000000e+00	9.157329000000000000e+07
1.171100000000000000e+04	6.630309294201960357e-01	2.052875003412327724e-03	1.000000000000000000e+00	9.157330600000000000e+07
1.172800000000000000e+04	6.638595963288805857e-01	2.051395316319180612e-03	1.000000000000000000e+00	9.157332300000000000e+07
1.174500000000000000e+04	6.646091739118011876e-01	2.053114052550401511e-03	1.000000000000000000e+00	9.157334000000000000e+07
1.176100000000000000e+04	6.605227199298097096e-01	2.045818330934087020e-03	1.000000000000000000e+00	9.157335600000000000e+07
1.184600000000000000e+04	6.669604845937642246e-01	2.064435619186691384e-03	1.000000000000000000e+00	9.157344100000000000e+07
1.186300000000000000e+04	6.631705637056717340e-01	2.053359441992151039e-03	1.000000000000000000e+00	9.157345800000000000e+07
1.188000000000000000e+04	6.670967080293550566e-01	2.208367171877518003e-03	1.000000000000000000e+00	9.157347500000000000e+07
1.189600000000000000e+04	6.677905596263711274e-01	2.313132929673748870e-03	1.000000000000000000e+00	9.157349100000000000e+07
1.191300000000000000e+04	6.633817169909386191e-01	2.046397225907895401e-03	1.000000000000000000e+00	9.157350800000000000e+07
1.193000000000000000e+04	6.684229537068469007e-01	2.060887733328606568e-03	1.000000000000000000e+00	9.157352500000000000e+07
1.194600000000000000e+04	6.636678095518697695e-01	2.044937527059581886e-03	1.000000000000000000e+00	9.157354100000000000e+07
1.196300000000000000e+04	6.670758596134162000e-01	2.056000908767675796e-03	1.000000000000000000e+00	9.157355800000000000e+07
1.198000000000000000e+04	6.624928363261838316e-01	2.043762843271100700e-03	1.000000000000000000e+00	9.157357500000000000e+07
1.199700000000000000e+04	6.635345696151403461e-01	2.284588467253360726e-03	1.000000000000000000e+00	9.157359200000000000e+07
1.201300000000000000e+04	6.635271760557145404e-01	2.046231197881352715e-03	1.000000000000000000e+00	9.157360800000000000e+07
1.203100000000000000e+04	6.656913151179695287e-01	2.300415238070742038e-03	1.000000000000000000e+00	9.157362600000000000e+07
1.204800000000000000e+04	6.654066846231955212e-01	2.046324144222928278e-03	1.000000000000000000e+00	9.157364300000000000e+07
1.206400000000000000e+04	6.669487793457796743e-01	2.200047798176207534e-03	1.000000000000000000e+00	9.157365900000000000e+07
1.208100000000000000e+04	6.666408219001875857e-01	2.503510254982604065e-03	1.000000000000000000e+00	9.157367600000000000e+07
1.209800000000000000e+04	6.637939367506381361e-01	2.039966601573103659e-03	1.000000000000000000e+00	9.157369300000000000e+07
1.211500000000000000e+04	6.657432891244492446e-01	2.045455879864530469e-03	1.000000000000000000e+00	9.157371000000000000e+07
1.213200000000000000e+04	6.631960777409887653e-01	2.034780195435093812e-03	1.000000000000000000e+00	9.157372700000000000e+07
1.214800000000000000e+04	6.652765188271033692e-01	2.042004955124835167e-03	1.000000000000000000e+00	9.157374300000000000e+07
1.216500000000000000e+04	6.648423435378151281e-01	2.035973149966259412e-03	1.000000000000000000e+00	9.157376000000000000e+07
1.218200000000000000e+04	6.657438541241927910e-01	2.041450856415267471e-03	1.000000000000000000e+00	9.157377700000000000e+07
1.219900000000000000e+04	6.637960306815198219e-01	2.037023179959878381e-03	1.000000000000000000e+00	9.157379400000000000e+07
1.221600000000000000e+04	6.639034013196464246e-01	2.036409829038564670e-03	1.000000000000000000e+00	9.157381100000000000e+07
1.223300000000000000e+04	6.682712248525388699e-01	2.046904391402888396e-03	1.000000000000000000e+00	9.157382800000000000e+07
1.225000000000000000e+04	6.650376703637177478e-01	2.188742418365422198e-03	1.000000000000000000e+00	9.157384500000000000e+07
1.226700000000000000e+04	6.664462201512061368e-01	2.295763500292192366e-03	1.000000000000000000e+00	9.157386200000000000e+07
1.228400000000000000e+04	6.588846514768517126e-01	2.023599201410453911e-03	1.000000000000000000e+00	9.157387900000000000e+07
1.230100000000000000e+04	6.661841550175372495e-01	2.041273254403107220e-03	1.000000000000000000e+00	9.157389600000000000e+07
1.231800000000000000e+04	6.660239663524267772e-01	2.035842710556002005e-03	1.000000000000000000e+00	9.157391300000000000e+07
1.233400000000000000e+04	6.644115454586400071e-01	2.251623490533321767e-03	1.000000000000000000e+00	9.157392900000000000e+07
1.235100000000000000e+04	6.650646556361979878e-01	2.033593649448995656e-03	1.000000000000000000e+00	9.157394600000000000e+07
1.236800000000000000e+04	6.648360790323192271e-01	2.248444435832230165e-03	1.000000000000000000e+00	9.157396300000000000e+07
1.238500000000000000e+04	6.668954575055305867e-01	2.040669789612712184e-03	1.000000000000000000e+00	9.157398000000000000e+07
1.240200000000000000e+04	6.643495897674943640e-01	2.040355180520451658e-03	1.000000000000000000e+00	9.157399700000000000e+07
1.241900000000000000e+04	6.652795958718097369e-01	2.034687783261441250e-03	1.000000000000000000e+00	9.157401400000000000e+07
1.243600000000000000e+04	6.646137131062727077e-01	2.188184834647070344e-03	1.000000000000000000e+00	9.157403100000000000e+07
1.245300000000000000e+04	6.661581479942872974e-01	2.292887043719417806e-03	1.000000000000000000e+00	9.157404800000000000e+07
1.247000000000000000e+04	6.637788313083698988e-01	2.033815339628317672e-03	1.000000000000000000e+00	9.157406500000000000e+07
1.248600000000000000e+04	6.659134810538709370e-01	2.037879040998902876e-03	1.000000000000000000e+00	9.157408100000000000e+07
1.250300000000000000e+04	6.646817094143057103e-01	2.035982695696150844e-03	1.000000000000000000e+00	9.157409800000000000e+07
1.252000000000000000e+04	6.638912722222717333e-01	2.037960751509685763e-03	1.000000000000000000e+00	9.157411500000000000e+07
1.253700000000000000e+04	6.658740718403050041e-01	2.040911411627889180e-03	1.000000000000000000e+00	9.157413200000000000e+07
1.255400000000000000e+04	6.631488360917771052e-01	2.040520886553414542e-03	1.000000000000000000e+00	9.157414900000000000e+07
1.257100000000000000e+04	6.660874997094115013e-01	2.043901899606775669e-03	1.000000000000000000e+00	9.157416600000000000e+07
1.258800000000000000e+04	6.633816463319427426e-01	2.041332491318972354e-03	1.000000000000000000e+00	9.157418300000000000e+07
1.260500000000000000e+04	6.652883671231677454e-01	2.043396721657325318e-03	1.000000000000000000e+00	9.157420000000000000e+07
1.262200000000000000e+04	6.683581142243137929e-01	2.199627969086074414e-03	1.000000000000000000e+00	9.157421700000000000e+07
1.263900000000000000e+04	6.636156321718187368e-01	2.288191421149025559e-03	1.000000000000000000e+00	9.157423400000000000e+07
1.265600000000000000e+04	6.615817063408263587e-01	2.031794671199721198e-03	1.000000000000000000e+00	9.157425100000000000e+07
1.267200000000000000e+04	6.632120068268509971e-01	2.314625949501593078e-03	1.000000000000000000e+00	9.157426700000000000e+07
1.268900000000000000e+04	6.649317736435723658e-01	2.033378620637851623e-03	1.000000000000000000e+00	9.157428400000000000e+07
1.270600000000000000e+04	6.667269212502219267e-01	2.040970645482675580e-03	1.000000000000000000e+00	9.157430100000000000e+07
1.272300000000000000e+04	6.611954908553189236e-01	2.030495331201858690e-03	1.000000000000000000e+00	9.157431800000000000e+07
1.274000000000000000e+04	6.709327748478702835e-01	2.049992715760774048e-03	1.000000000000000000e+00	9.157433500000000000e+07
1.275700000000000000e+04	6.660227073296832723e-01	2.038359652603186772e-03	1.000000000000000000e+00	9.157435200000000000e+07
1.284300000000000000e+04	6.638762711683725559e-01	2.041685980233511662e-03	1.000000000000000000e+00	9.157443800000000000e+07
1.286000000000000000e+04	6.648186956647477164e-01	2.040138802694519728e-03	1.000000000000000000e+00	9.157445500000000000e+07
1.287700000000000000e+04	6.627912248244717253e-01	2.187598867972092870e-03	1.000000000000000000e+00	9.157447200000000000e+07
1.289400000000000000e+04	6.629686783485235768e-01	2.284594140888961990e-03	1.000000000000000000e+00	9.157448900000000000e+07
1.291100000000000000e+04	6.651443119351913014e-01	2.032419870749852149e-03	1.000000000000000000e+00	9.157450600000000000e+07
1.292800000000000000e+04	6.684657811045827680e-01	2.049009984629794438e-03	1.000000000000000000e+00	9.157452300000000000e+07
1.294500000000000000e+04	6.643274592562011804e-01	2.033836723637977469e-03	1.000000000000000000e+00	9.157454000000000000e+07
1.296200000000000000e+04	6.640274797994258904e-01	2.042184797255079936e-03	1.000000000000000000e+00	9.157455700000000000e+07
1.297900000000000000e+04	6.662398477852414791e-01	2.041487197747672219e-03	1.000000000000000000e+00	9.157457400000000000e+07
1.299600000000000000e+04	6.638911069923885133e-01	2.037830864979671246e-03	1.000000000000000000e+00	9.157459100000000000e+07
1.301200000000000000e+04	6.647663338816717227e-01	2.041185471416701296e-03	1.000000000000000000e+00	9.157460700000000000e+07
1.303000000000000000e+04	6.680890168844060284e-01	2.058451509794620785e-03	1.000000000000000000e+00	9.157462500000000000e+07
1.304700000000000000e+04	6.696816242022184396e-01	2.047846065889123886e-03	1.000000000000000000e+00	9.157464200000000000e+07
1.306400000000000000e+04	6.640003798910218968e-01	2.462732259020637433e-03	1.000000000000000000e+00	9.157465900000000000e+07
1.308100000000000000e+04	6.662007894677508535e-01	2.295073077608115585e-03	1.000000000000000000e+00	9.157467600000000000e+07
1.309700000000000000e+04	6.648815328090209587e-01	2.033180540600014723e-03	1.000000000000000000e+00	9.157469200000000000e+07
1.311400000000000000e+04	6.663249590786468612e-01	2.043779402957360963e-03	1.000000000000000000e+00	9.157470900000000000e+07
1.313100000000000000e+04	6.632101710782847270e-01	2.032206732360804756e-03	1.000000000000000000e+00	9.157472600000000000e+07
1.314800000000000000e+04	6.665445590888378069e-01	2.044222710244718560e-03	1.000000000000000000e+00	9.157474300000000000e+07
1.316500000000000000e+04	6.687161819527766005e-01	2.054318902116626482e-03	1.000000000000000000e+00	9.157476000000000000e+07
1.318200000000000000e+04	6.642615382690969517e-01	2.040027384010321184e-03	1.000000000000000000e+00	9.157477700000000000e+07
1.319800000000000000e+04	6.628519760954151296e-01	2.038284106759594237e-03	1.000000000000000000e+00	9.157479300000000000e+07
1.321600000000000000e+04	6.609439141417403629e-01	2.041994484176727024e-03	1.000000000000000000e+00	9.157481100000000000e+07
1.323200000000000000e+04	6.649346529990645127e-01	4.240840128473790521e-02	1.000000000000000000e+00	9.157482700000000000e+07
1.572900000000000000e+04	6.637835942735300643e-01	2.362414248413129657e-03	1.000000000000000000e+00	9.157732400000000000e+07
1.574700000000000000e+04	6.627667490326424327e-01	2.450028799508023516e-03	1.000000000000000000e+00	9.157734200000000000e+07
1.576400000000000000e+04	6.584900133123291477e-01	2.237974865580481202e-03	1.000000000000000000e+00	9.157735900000000000e+07
1.578100000000000000e+04	6.618367788293627596e-01	2.360153133547165764e-03	1.000000000000000000e+00	9.157737600000000000e+07
1.579800000000000000e+04	6.628890626156176413e-01	2.213053092217625011e-03	1.000000000000000000e+00	9.157739300000000000e+07
1.581500000000000000e+04	6.662657121953603490e-01	2.235185649420975539e-03	1.000000000000000000e+00	9.157741000000000000e+07
1.583200000000000000e+04	6.640413485923781778e-01	2.220453911152151395e-03	1.000000000000000000e+00	9.157742700000000000e+07
1.584800000000000000e+04	6.627162107967191629e-01	2.372755780178249525e-03	1.000000000000000000e+00	9.157744300000000000e+07
1.586500000000000000e+04	6.634060542923698733e-01	2.229356963626194510e-03	1.000000000000000000e+00	9.157746000000000000e+07
1.588300000000000000e+04	6.579596382107547603e-01	2.212077898395832781e-03	1.000000000000000000e+00	9.157747800000000000e+07
1.590000000000000000e+04	6.613388915740349150e-01	2.229329415597960072e-03	1.000000000000000000e+00	9.157749500000000000e+07
1.591700000000000000e+04	6.621687420957023118e-01	2.350324738531550141e-03	1.000000000000000000e+00	9.157751200000000000e+07
1.593400000000000000e+04	6.628671066747430229e-01	2.460603493701210131e-03	1.000000000000000000e+00	9.157752900000000000e+07
1.595100000000000000e+04	6.595323964328326793e-01	2.210640850410464965e-03	1.000000000000000000e+00	9.157754600000000000e+07
1.596700000000000000e+04	6.636719598626027450e-01	2.228713964342062589e-03	1.000000000000000000e+00	9.157756200000000000e+07
1.598400000000000000e+04	6.666229432495659468e-01	2.236766799592949852e-03	1.000000000000000000e+00	9.157757900000000000e+07
1.600100000000000000e+04	6.621982095625745801e-01	2.245279980411461415e-03	1.000000000000000000e+00	9.157759600000000000e+07
1.601900000000000000e+04	6.615383076845128274e-01	2.234639593534707563e-03	1.000000000000000000e+00	9.157761400000000000e+07
1.603500000000000000e+04	6.621523977467216326e-01	2.232396656937991192e-03	1.000000000000000000e+00	9.157763000000000000e+07
1.605200000000000000e+04	6.678590663643716452e-01	2.268654696793914391e-03	1.000000000000000000e+00	9.157764700000000000e+07
1.607000000000000000e+04	6.592472527034741736e-01	2.262970563597803408e-03	1.000000000000000000e+00	9.157766500000000000e+07
1.608700000000000000e+04	6.613814177579823150e-01	2.232168906936657371e-03	1.000000000000000000e+00	9.157768200000000000e+07
1.610400000000000000e+04	6.639233689191169629e-01	2.552652625778978855e-03	1.000000000000000000e+00	9.157769900000000000e+07
1.612000000000000000e+04	6.609969329876986821e-01	2.471162149585430685e-03	1.000000000000000000e+00	9.157771500000000000e+07
1.613700000000000000e+04	6.630487048612160317e-01	2.249888582794858181e-03	1.000000000000000000e+00	9.157773200000000000e+07
1.615400000000000000e+04	6.639514082275951301e-01	2.256241188178341808e-03	1.000000000000000000e+00	9.157774900000000000e+07
1.617100000000000000e+04	6.648708260458835451e-01	2.256050716735496370e-03	1.000000000000000000e+00	9.157776600000000000e+07
1.618800000000000000e+04	6.640504714020635246e-01	2.246547817064728590e-03	1.000000000000000000e+00	9.157778300000000000e+07
1.620500000000000000e+04	6.586212456891240574e-01	2.233988419679015184e-03	1.000000000000000000e+00	9.157780000000000000e+07
1.622200000000000000e+04	6.643909314551221801e-01	2.257331970874979377e-03	1.000000000000000000e+00	9.157781700000000000e+07
1.623900000000000000e+04	6.592845335972481458e-01	2.255020141206731145e-03	1.000000000000000000e+00	9.157783400000000000e+07
1.632900000000000000e+04	6.598874399928925660e-01	2.026865492833900516e-03	1.000000000000000000e+00	9.157792400000000000e+07
1.634600000000000000e+04	6.640584007421088675e-01	2.039153015634011159e-03	1.000000000000000000e+00	9.157794100000000000e+07
1.636300000000000000e+04	6.625106415597072917e-01	2.178753003287615259e-03	1.000000000000000000e+00	9.157795800000000000e+07
1.638000000000000000e+04	6.604937821353359384e-01	2.279943199542014843e-03	1.000000000000000000e+00	9.157797500000000000e+07
1.639700000000000000e+04	6.621466050176140206e-01	2.037709321195224892e-03	1.000000000000000000e+00	9.157799200000000000e+07
1.641400000000000000e+04	6.647098863041087657e-01	2.041463365014660296e-03	1.000000000000000000e+00	9.157800900000000000e+07
1.643100000000000000e+04	6.594347737194461434e-01	2.030507308821094536e-03	1.000000000000000000e+00	9.157802600000000000e+07
1.644800000000000000e+04	6.606778088257667658e-01	2.035308178435928355e-03	1.000000000000000000e+00	9.157804300000000000e+07
1.646500000000000000e+04	6.623684636601754328e-01	2.035723159007300082e-03	1.000000000000000000e+00	9.157806000000000000e+07
1.648200000000000000e+04	6.662261387011044755e-01	2.046789153918391301e-03	1.000000000000000000e+00	9.157807700000000000e+07
1.649900000000000000e+04	6.606412544789006525e-01	2.031676529246068032e-03	1.000000000000000000e+00	9.157809400000000000e+07
1.651600000000000000e+04	6.591228801098520940e-01	2.033593411252634150e-03	1.000000000000000000e+00	9.157811100000000000e+07
1.653300000000000000e+04	6.662657146175537948e-01	2.047290562348856938e-03	1.000000000000000000e+00	9.157812800000000000e+07
1.655000000000000000e+04	6.625336568366321233e-01	2.184456533634336357e-03	1.000000000000000000e+00	9.157814500000000000e+07
1.656700000000000000e+04	6.593221882251716348e-01	2.278673549033275597e-03	1.000000000000000000e+00	9.157816200000000000e+07
1.658400000000000000e+04	6.607896871452956233e-01	2.287847812222883106e-03	1.000000000000000000e+00	9.157817900000000000e+07
1.660100000000000000e+04	6.606554069990558942e-01	2.030055143106049374e-03	1.000000000000000000e+00	9.157819600000000000e+07
1.661800000000000000e+04	6.614773875315871354e-01	2.031734273359195406e-03	1.000000000000000000e+00	9.157821300000000000e+07
1.663500000000000000e+04	6.627590202870528024e-01	2.030523004701201457e-03	1.000000000000000000e+00	9.157823000000000000e+07
1.665200000000000000e+04	6.639134213613550051e-01	2.034276338654075061e-03	1.000000000000000000e+00	9.157824700000000000e+07
1.666900000000000000e+04	6.609667311780028642e-01	2.029384901656961730e-03	1.000000000000000000e+00	9.157826400000000000e+07
1.668600000000000000e+04	6.605190564101746098e-01	2.031025593468225622e-03	1.000000000000000000e+00	9.157828100000000000e+07
1.670300000000000000e+04	6.659657031435404217e-01	2.048283981698143484e-03	1.000000000000000000e+00	9.157829800000000000e+07
1.672100000000000000e+04	6.621418665650548041e-01	2.031211812887284175e-03	1.000000000000000000e+00	9.157831600000000000e+07
1.673800000000000000e+04	6.618563648990535286e-01	2.179921454035990691e-03	1.000000000000000000e+00	9.157833300000000000e+07
1.675500000000000000e+04	6.625611356072895752e-01	2.282293650163241296e-03	1.000000000000000000e+00	9.157835000000000000e+07
1.677200000000000000e+04	6.612906937976233968e-01	2.025339129804331478e-03	1.000000000000000000e+00	9.157836700000000000e+07
1.678900000000000000e+04	6.640847237452729424e-01	2.035820420588641856e-03	1.000000000000000000e+00	9.157838400000000000e+07
1.680600000000000000e+04	6.584865137339378505e-01	2.295163564083076060e-03	1.000000000000000000e+00	9.157840100000000000e+07
1.682300000000000000e+04	6.663208778416144229e-01	2.033568121740408040e-03	1.000000000000000000e+00	9.157841800000000000e+07
1.684000000000000000e+04	6.624349124419981472e-01	2.025709625450928999e-03	1.000000000000000000e+00	9.157843500000000000e+07
1.685700000000000000e+04	6.613898084574746372e-01	2.028271205731018920e-03	1.000000000000000000e+00	9.157845200000000000e+07
1.687400000000000000e+04	6.637654462748880935e-01	2.026945082393994020e-03	1.000000000000000000e+00	9.157846900000000000e+07
1.689100000000000000e+04	6.625517883683579301e-01	2.029235259764403023e-03	1.000000000000000000e+00	9.157848600000000000e+07
1.690800000000000000e+04	6.621269753322562845e-01	2.023467369108410217e-03	1.000000000000000000e+00	9.157850300000000000e+07
1.692500000000000000e+04	6.600644024557161815e-01	2.171018428381047902e-03	1.000000000000000000e+00	9.157852000000000000e+07
1.694200000000000000e+04	6.653047963486059535e-01	2.285795185389643061e-03	1.000000000000000000e+00	9.157853700000000000e+07
1.695900000000000000e+04	6.603643702340260546e-01	2.018110393976049310e-03	1.000000000000000000e+00	9.157855400000000000e+07
1.697600000000000000e+04	6.640890818248548211e-01	2.029872160287942481e-03	1.000000000000000000e+00	9.157857100000000000e+07
1.699300000000000000e+04	6.622946612506925845e-01	2.022814651767849709e-03	1.000000000000000000e+00	9.157858800000000000e+07
1.701000000000000000e+04	6.668186374433781038e-01	2.275416232183358634e-03	1.000000000000000000e+00	9.157860500000000000e+07
1.702700000000000000e+04	6.602426779772451182e-01	2.018249274702474481e-03	1.000000000000000000e+00	9.157862200000000000e+07
1.704400000000000000e+04	6.601783470213509197e-01	2.019790971061164678e-03	1.000000000000000000e+00	9.157863900000000000e+07
1.706100000000000000e+04	6.628476644624919922e-01	2.022260200196069908e-03	1.000000000000000000e+00	9.157865600000000000e+07
1.707800000000000000e+04	6.603531097626174073e-01	2.031206093731856288e-03	1.000000000000000000e+00	9.157867300000000000e+07
1.709500000000000000e+04	6.626958176069248641e-01	2.023290317205416518e-03	1.000000000000000000e+00	9.157869000000000000e+07
1.711200000000000000e+04	6.629266393269076518e-01	2.179261781105558318e-03	1.000000000000000000e+00	9.157870700000000000e+07
1.712900000000000000e+04	6.623258227777575335e-01	2.283081490376655687e-03	1.000000000000000000e+00	9.157872400000000000e+07
1.714600000000000000e+04	6.597542619299529010e-01	2.016898045112679692e-03	1.000000000000000000e+00	9.157874100000000000e+07
1.716300000000000000e+04	6.609890628783718913e-01	2.027826117530062873e-03	1.000000000000000000e+00	9.157875800000000000e+07
1.718000000000000000e+04	6.627980457103140877e-01	2.025289140975192019e-03	1.000000000000000000e+00	9.157877500000000000e+07
1.719700000000000000e+04	6.654429552520740865e-01	2.034518074225311144e-03	1.000000000000000000e+00	9.157879200000000000e+07
1.721400000000000000e+04	6.608267122398626681e-01	2.022842650993826510e-03	1.000000000000000000e+00	9.157880900000000000e+07
1.723100000000000000e+04	6.639869847467978481e-01	2.260264031899739037e-03	1.000000000000000000e+00	9.157882600000000000e+07
1.724800000000000000e+04	6.645134854320660089e-01	2.028960515830288431e-03	1.000000000000000000e+00	9.157884300000000000e+07
1.733400000000000000e+04	6.607224646475655661e-01	2.031511305783252185e-03	1.000000000000000000e+00	9.157892900000000000e+07
1.735000000000000000e+04	6.637842192560542420e-01	2.263529910280318372e-03	1.000000000000000000e+00	9.157894500000000000e+07
1.736700000000000000e+04	6.638752972894159665e-01	2.185981646163856831e-03	1.000000000000000000e+00	9.157896200000000000e+07
1.738400000000000000e+04	6.613010586750717179e-01	2.279773655390623412e-03	1.000000000000000000e+00	9.157897900000000000e+07
1.740100000000000000e+04	6.604829278730208753e-01	2.022452929042731305e-03	1.000000000000000000e+00	9.157899600000000000e+07
1.741800000000000000e+04	6.632212387955203070e-01	2.036517841212537403e-03	1.000000000000000000e+00	9.157901300000000000e+07
1.743500000000000000e+04	6.655689895497571840e-01	2.259310487098647059e-03	1.000000000000000000e+00	9.157903000000000000e+07
1.745200000000000000e+04	6.653994218427752294e-01	2.037324429711370732e-03	1.000000000000000000e+00	9.157904700000000000e+07
1.746800000000000000e+04	6.648800009349916662e-01	2.257436060258887107e-03	1.000000000000000000e+00	9.157906300000000000e+07
1.748600000000000000e+04	6.657163336110437646e-01	2.031009810664765637e-03	1.000000000000000000e+00	9.157908100000000000e+07
1.750300000000000000e+04	6.619206482010382420e-01	2.022096639864482282e-03	1.000000000000000000e+00	9.157909800000000000e+07
1.752000000000000000e+04	6.610952036600782344e-01	2.023843823931596991e-03	1.000000000000000000e+00	9.157911500000000000e+07
1.753700000000000000e+04	6.620195776862843884e-01	2.023992200605285487e-03	1.000000000000000000e+00	9.157913200000000000e+07
1.755400000000000000e+04	6.691744201604136189e-01	2.194931516952951158e-03	1.000000000000000000e+00	9.157914900000000000e+07
1.757100000000000000e+04	6.641108444955703405e-01	2.282699225898405463e-03	1.000000000000000000e+00	9.157916600000000000e+07
1.758800000000000000e+04	6.582107545653466119e-01	2.012359427161923911e-03	1.000000000000000000e+00	9.157918300000000000e+07
1.760500000000000000e+04	6.665264068005722908e-01	2.037851987351028873e-03	1.000000000000000000e+00	9.157920000000000000e+07
1.762200000000000000e+04	6.585555967365562813e-01	2.013793151313213528e-03	1.000000000000000000e+00	9.157921700000000000e+07
1.763900000000000000e+04	6.595819259138592239e-01	2.017225017812584401e-03	1.000000000000000000e+00	9.157923400000000000e+07
1.765600000000000000e+04	6.628912041173441461e-01	2.032486957034493336e-03	1.000000000000000000e+00	9.157925100000000000e+07
1.767300000000000000e+04	6.647502052473087675e-01	2.032119271023378852e-03	1.000000000000000000e+00	9.157926800000000000e+07
1.768900000000000000e+04	6.632773994255543037e-01	2.304591226965141491e-03	1.000000000000000000e+00	9.157928400000000000e+07
1.770700000000000000e+04	6.642696702124936126e-01	2.040577304452891733e-03	1.000000000000000000e+00	9.157930200000000000e+07
1.772400000000000000e+04	6.628203656288951251e-01	2.024521060832777664e-03	1.000000000000000000e+00	9.157931900000000000e+07
1.774000000000000000e+04	6.627678370608891534e-01	2.174026505799039281e-03	1.000000000000000000e+00	9.157933500000000000e+07
1.775800000000000000e+04	6.603008821203739664e-01	2.271966329447777915e-03	1.000000000000000000e+00	9.157935300000000000e+07
1.777500000000000000e+04	6.610299775321526461e-01	2.026116554723881528e-03	1.000000000000000000e+00	9.157937000000000000e+07
1.779200000000000000e+04	6.649469856788918776e-01	2.030156946397056184e-03	1.000000000000000000e+00	9.157938700000000000e+07
1.780900000000000000e+04	6.601403218905056436e-01	2.020853232907226463e-03	1.000000000000000000e+00	9.157940400000000000e+07
1.782500000000000000e+04	6.612119162413583329e-01	2.020492609634611490e-03	1.000000000000000000e+00	9.157942000000000000e+07
1.784300000000000000e+04	6.624236458144349138e-01	2.024200249120206973e-03	1.000000000000000000e+00	9.157943800000000000e+07
1.786000000000000000e+04	6.637571625447086232e-01	2.033943885398075465e-03	1.000000000000000000e+00	9.157945500000000000e+07
1.787700000000000000e+04	6.628656127019176836e-01	2.025981055573522829e-03	1.000000000000000000e+00	9.157947200000000000e+07
1.789500000000000000e+04	6.596868369576608382e-01	2.028333934572636079e-03	1.000000000000000000e+00	9.157949000000000000e+07
1.791200000000000000e+04	6.644610097429777262e-01	2.033376825302044954e-03	1.000000000000000000e+00	9.157950700000000000e+07
1.792900000000000000e+04	6.643948879223312565e-01	2.186249850073631196e-03	1.000000000000000000e+00	9.157952400000000000e+07
1.794600000000000000e+04	6.621000856574705828e-01	2.289213910849947561e-03	1.000000000000000000e+00	9.157954100000000000e+07
1.796300000000000000e+04	6.618127916381906228e-01	2.021980753985264025e-03	1.000000000000000000e+00	9.157955800000000000e+07
1.798000000000000000e+04	6.614588283374837063e-01	2.263346221619025930e-03	1.000000000000000000e+00	9.157957500000000000e+07
1.799700000000000000e+04	6.609083431842912582e-01	2.017139423897847637e-03	1.000000000000000000e+00	9.157959200000000000e+07
1.801500000000000000e+04	6.618835598654928543e-01	2.024828358456762321e-03	1.000000000000000000e+00	9.157961000000000000e+07
1.803100000000000000e+04	6.664944409890442012e-01	2.029885427123997565e-03	1.000000000000000000e+00	9.157962600000000000e+07
1.804800000000000000e+04	6.634929595957154147e-01	2.031233434846883672e-03	1.000000000000000000e+00	9.157964300000000000e+07
1.806500000000000000e+04	6.622785826818173849e-01	2.028470588631908073e-03	1.000000000000000000e+00	9.157966000000000000e+07
1.808300000000000000e+04	6.629798166444601515e-01	2.032766255217123563e-03	1.000000000000000000e+00	9.157967800000000000e+07
1.810000000000000000e+04	6.615855132530966687e-01	2.024897669536592729e-03	1.000000000000000000e+00	9.157969500000000000e+07
1.811700000000000000e+04	6.637877620469507800e-01	2.184748158332032193e-03	1.000000000000000000e+00	9.157971200000000000e+07
1.813400000000000000e+04	6.632393414764817807e-01	2.285764567404073404e-03	1.000000000000000000e+00	9.157972900000000000e+07
1.815100000000000000e+04	6.615773099173006822e-01	2.023604923383332498e-03	1.000000000000000000e+00	9.157974600000000000e+07
1.816800000000000000e+04	6.628762555199371187e-01	2.032411579628700966e-03	1.000000000000000000e+00	9.157976300000000000e+07
1.818400000000000000e+04	6.647836855336162198e-01	2.036000753554309713e-03	1.000000000000000000e+00	9.157977900000000000e+07
1.820100000000000000e+04	6.636038495452047936e-01	2.277042508774591856e-03	1.000000000000000000e+00	9.157979600000000000e+07
1.821800000000000000e+04	6.629351964154472920e-01	2.032354610795168021e-03	1.000000000000000000e+00	9.157981300000000000e+07
1.823500000000000000e+04	6.603492418434028233e-01	2.022883631118851250e-03	1.000000000000000000e+00	9.157983000000000000e+07
1.825200000000000000e+04	6.613954740714207414e-01	2.026670127051080975e-03	1.000000000000000000e+00	9.157984700000000000e+07
1.833800000000000000e+04	6.668988739141824551e-01	2.046065762114004840e-03	1.000000000000000000e+00	9.157993300000000000e+07
1.835500000000000000e+04	6.645872049404425441e-01	2.041877034145135605e-03	1.000000000000000000e+00	9.157995000000000000e+07
1.837200000000000000e+04	6.635164199787321193e-01	2.183128503314847157e-03	1.000000000000000000e+00	9.157996700000000000e+07
1.838900000000000000e+04	6.676380929762950611e-01	2.298849349317440369e-03	1.000000000000000000e+00	9.157998400000000000e+07
1.840600000000000000e+04	6.630996654297754977e-01	2.029195873078242646e-03	1.000000000000000000e+00	9.158000100000000000e+07
1.842300000000000000e+04	6.604071950929653045e-01	2.036560817363127461e-03	1.000000000000000000e+00	9.158001800000000000e+07
1.843900000000000000e+04	6.591031539723195554e-01	2.020130069696621494e-03	1.000000000000000000e+00	9.158003400000000000e+07
1.845600000000000000e+04	6.643390844319636557e-01	2.039938043944577398e-03	1.000000000000000000e+00	9.158005100000000000e+07
1.847300000000000000e+04	6.603266090676561673e-01	2.022842204280639235e-03	1.000000000000000000e+00	9.158006800000000000e+07
1.849000000000000000e+04	6.618674898632891379e-01	2.033290021614090389e-03	1.000000000000000000e+00	9.158008500000000000e+07
1.850700000000000000e+04	6.650306924125812813e-01	2.037400390551582369e-03	1.000000000000000000e+00	9.158010200000000000e+07
1.852400000000000000e+04	6.612180471726083475e-01	2.041328204036882248e-03	1.000000000000000000e+00	9.158011900000000000e+07
1.854100000000000000e+04	6.596546776041914972e-01	2.023526508007106751e-03	1.000000000000000000e+00	9.158013600000000000e+07
1.855700000000000000e+04	6.627778862039532815e-01	2.187246593860554811e-03	1.000000000000000000e+00	9.158015200000000000e+07
1.857400000000000000e+04	6.633924792380481161e-01	2.287181101754178977e-03	1.000000000000000000e+00	9.158016900000000000e+07
1.859100000000000000e+04	6.614123739004361680e-01	2.032935632756331309e-03	1.000000000000000000e+00	9.158018600000000000e+07
1.860800000000000000e+04	6.643101698191236082e-01	2.041581159723907489e-03	1.000000000000000000e+00	9.158020300000000000e+07
1.862500000000000000e+04	6.655568737841088822e-01	2.041144839500569699e-03	1.000000000000000000e+00	9.158022000000000000e+07
1.864200000000000000e+04	6.613002252620965304e-01	2.032350580947959052e-03	1.000000000000000000e+00	9.158023700000000000e+07
1.865900000000000000e+04	6.656441336092530081e-01	2.047966387758432157e-03	1.000000000000000000e+00	9.158025400000000000e+07
1.867600000000000000e+04	6.627382505794032763e-01	2.295276067565579607e-03	1.000000000000000000e+00	9.158027100000000000e+07
1.869300000000000000e+04	6.630466459595570905e-01	2.028368665373925673e-03	1.000000000000000000e+00	9.158028800000000000e+07
1.871000000000000000e+04	6.612660445153620836e-01	2.034527441700016790e-03	1.000000000000000000e+00	9.158030500000000000e+07
1.872700000000000000e+04	6.616872675033290685e-01	2.028644900268616186e-03	1.000000000000000000e+00	9.158032200000000000e+07
1.874400000000000000e+04	6.670707971811917769e-01	2.193278149972078921e-03	1.000000000000000000e+00	9.158033900000000000e+07
1.876100000000000000e+04	6.632886795153345449e-01	2.291847121580981028e-03	1.000000000000000000e+00	9.158035600000000000e+07
1.877700000000000000e+04	6.606877160310015151e-01	2.032012011463725509e-03	1.000000000000000000e+00	9.158037200000000000e+07
1.879500000000000000e+04	6.644320129524368124e-01	2.042117651545887966e-03	1.000000000000000000e+00	9.158039000000000000e+07
1.881200000000000000e+04	6.634313968655644045e-01	2.043364561903029085e-03	1.000000000000000000e+00	9.158040700000000000e+07
1.882900000000000000e+04	6.620068791566923183e-01	2.038645137660756012e-03	1.000000000000000000e+00	9.158042400000000000e+07
1.884600000000000000e+04	6.591175528954144047e-01	2.021870652759559777e-03	1.000000000000000000e+00	9.158044100000000000e+07
1.886300000000000000e+04	6.662810987945213537e-01	2.046959741198933064e-03	1.000000000000000000e+00	9.158045800000000000e+07
1.888000000000000000e+04	6.609599709430942216e-01	2.040527389633030580e-03	1.000000000000000000e+00	9.158047500000000000e+07
1.889800000000000000e+04	6.629457657662003456e-01	2.265561012679036344e-03	1.000000000000000000e+00	9.158049300000000000e+07
1.891500000000000000e+04	6.621978619588698711e-01	2.042097452213889695e-03	1.000000000000000000e+00	9.158051000000000000e+07
1.893100000000000000e+04	6.663521754093842953e-01	2.195150160166401288e-03	1.000000000000000000e+00	9.158052600000000000e+07
1.894900000000000000e+04	6.608617903513251957e-01	2.287835195726894977e-03	1.000000000000000000e+00	9.158054400000000000e+07
1.896600000000000000e+04	6.568491397538078758e-01	2.229965485786433201e-03	1.000000000000000000e+00	9.158056100000000000e+07
1.898300000000000000e+04	6.640541070861817330e-01	2.041221485780453804e-03	1.000000000000000000e+00	9.158057800000000000e+07
1.900000000000000000e+04	6.616461936625450679e-01	2.212716335556375643e-03	1.000000000000000000e+00	9.158059500000000000e+07
1.901600000000000000e+04	6.581433918871418820e-01	2.028275402481170744e-03	1.000000000000000000e+00	9.158061100000000000e+07
1.903400000000000000e+04	6.603502524408476626e-01	2.035044233670439944e-03	1.000000000000000000e+00	9.158062900000000000e+07
1.905100000000000000e+04	6.632128466736537664e-01	2.037670621912476051e-03	1.000000000000000000e+00	9.158064600000000000e+07
1.906800000000000000e+04	6.600632848516361229e-01	2.025628700732282766e-03	1.000000000000000000e+00	9.158066300000000000e+07
1.908500000000000000e+04	6.570713225871704921e-01	2.025982493050106342e-03	1.000000000000000000e+00	9.158068000000000000e+07
1.910200000000000000e+04	6.631200373795567149e-01	2.034819854892628687e-03	1.000000000000000000e+00	9.158069700000000000e+07
1.911900000000000000e+04	6.648561525681337958e-01	2.196116505475251193e-03	1.000000000000000000e+00	9.158071400000000000e+07
1.913600000000000000e+04	6.599556097604517557e-01	2.281782442376372073e-03	1.000000000000000000e+00	9.158073100000000000e+07
1.915300000000000000e+04	6.606518515737941355e-01	2.034289483518440019e-03	1.000000000000000000e+00	9.158074800000000000e+07
1.917000000000000000e+04	6.648395566871041495e-01	2.043892227785180753e-03	1.000000000000000000e+00	9.158076500000000000e+07
1.918700000000000000e+04	6.575662814235950782e-01	2.024731628849996048e-03	1.000000000000000000e+00	9.158078200000000000e+07
1.920400000000000000e+04	6.580827193421796562e-01	2.033812070409289369e-03	1.000000000000000000e+00	9.158079900000000000e+07
1.922100000000000000e+04	6.607730416822669151e-01	2.239025572785836946e-03	1.000000000000000000e+00	9.158081600000000000e+07
1.923800000000000000e+04	6.586186784258478699e-01	2.022447206930295949e-03	1.000000000000000000e+00	9.158083300000000000e+07
1.925500000000000000e+04	6.580713774162973984e-01	2.022393586497029695e-03	1.000000000000000000e+00	9.158085000000000000e+07
1.934100000000000000e+04	6.625475931901604332e-01	2.032116430753412584e-03	1.000000000000000000e+00	9.158093600000000000e+07
1.935800000000000000e+04	6.592700719774188256e-01	2.228282064108042491e-03	1.000000000000000000e+00	9.158095300000000000e+07
1.937400000000000000e+04	6.610595429128625078e-01	2.179312602903810733e-03	1.000000000000000000e+00	9.158096900000000000e+07
1.939100000000000000e+04	6.629022070129535482e-01	2.278487782085026996e-03	1.000000000000000000e+00	9.158098600000000000e+07
1.940800000000000000e+04	6.598250175530483430e-01	2.019492027923043120e-03	1.000000000000000000e+00	9.158100300000000000e+07
1.942500000000000000e+04	6.559008599137391426e-01	2.019763667579541067e-03	1.000000000000000000e+00	9.158102000000000000e+07
1.944200000000000000e+04	6.592997618645329849e-01	2.019630531195954100e-03	1.000000000000000000e+00	9.158103700000000000e+07
1.945900000000000000e+04	6.581731962283045023e-01	2.025922621006186024e-03	1.000000000000000000e+00	9.158105400000000000e+07
1.947600000000000000e+04	6.610338389539939241e-01	2.026952827154178752e-03	1.000000000000000000e+00	9.158107100000000000e+07
1.949300000000000000e+04	6.604173521336986763e-01	2.030403764652143755e-03	1.000000000000000000e+00	9.158108800000000000e+07
1.951000000000000000e+04	6.568336106223044979e-01	2.028177493386405014e-03	1.000000000000000000e+00	9.158110500000000000e+07
1.952700000000000000e+04	6.580464400237541200e-01	2.034261828481628235e-03	1.000000000000000000e+00	9.158112200000000000e+07
1.954500000000000000e+04	6.601017511505377078e-01	2.035207959603768223e-03	1.000000000000000000e+00	9.158114000000000000e+07
1.956200000000000000e+04	6.588112878538883166e-01	2.383660261468508856e-03	1.000000000000000000e+00	9.158115700000000000e+07
1.957800000000000000e+04	6.592005222410544096e-01	2.279187030106339523e-03	1.000000000000000000e+00	9.158117300000000000e+07
1.959600000000000000e+04	6.594032588074385526e-01	2.036390610070207795e-03	1.000000000000000000e+00	9.158119100000000000e+07
1.961200000000000000e+04	6.575766743751961796e-01	2.029175500946828973e-03	1.000000000000000000e+00	9.158120700000000000e+07
1.962900000000000000e+04	6.574919746953630240e-01	2.027975136177747034e-03	1.000000000000000000e+00	9.158122400000000000e+07
1.964600000000000000e+04	6.582258862816304790e-01	2.033136335259398426e-03	1.000000000000000000e+00	9.158124100000000000e+07
1.966200000000000000e+04	6.597967404599390795e-01	2.030769118583328897e-03	1.000000000000000000e+00	9.158125700000000000e+07
1.967900000000000000e+04	6.596734542415391145e-01	2.041489649449737542e-03	1.000000000000000000e+00	9.158127400000000000e+07
1.969700000000000000e+04	6.583711072346386528e-01	2.028353314190909501e-03	1.000000000000000000e+00	9.158129200000000000e+07
1.971400000000000000e+04	6.563401757373821255e-01	2.040561366460458097e-03	1.000000000000000000e+00	9.158130900000000000e+07
1.973100000000000000e+04	6.614419491701204468e-01	2.036868507221494245e-03	1.000000000000000000e+00	9.158132600000000000e+07
1.974700000000000000e+04	6.587980047147824481e-01	2.175936486469384149e-03	1.000000000000000000e+00	9.158134200000000000e+07
1.976400000000000000e+04	6.590546045577725387e-01	2.278188808257906352e-03	1.000000000000000000e+00	9.158135900000000000e+07
1.978100000000000000e+04	6.593879392239485604e-01	2.029224492342300654e-03	1.000000000000000000e+00	9.158137600000000000e+07
1.979800000000000000e+04	6.563057715449489571e-01	2.023259792912345933e-03	1.000000000000000000e+00	9.158139300000000000e+07
1.981400000000000000e+04	6.580226554149982698e-01	2.020812505530507949e-03	1.000000000000000000e+00	9.158140900000000000e+07
1.983100000000000000e+04	6.558163250082160722e-01	2.016985360576293435e-03	1.000000000000000000e+00	9.158142600000000000e+07
1.984800000000000000e+04	6.593852199146038595e-01	2.024979718491241431e-03	1.000000000000000000e+00	9.158144300000000000e+07
1.986500000000000000e+04	6.584944543897939262e-01	2.024893327349296373e-03	1.000000000000000000e+00	9.158146000000000000e+07
1.988200000000000000e+04	6.604665060336911697e-01	2.022639025232704502e-03	1.000000000000000000e+00	9.158147700000000000e+07
1.990000000000000000e+04	6.589077760891860480e-01	2.025792225657690668e-03	1.000000000000000000e+00	9.158149500000000000e+07
1.991700000000000000e+04	6.595540956582260916e-01	2.025041778936349877e-03	1.000000000000000000e+00	9.158151200000000000e+07
1.993400000000000000e+04	6.569132634012486704e-01	2.163621779290180683e-03	1.000000000000000000e+00	9.158152900000000000e+07
1.995100000000000000e+04	6.581407505614756959e-01	2.271445900586817768e-03	1.000000000000000000e+00	9.158154600000000000e+07
1.996700000000000000e+04	6.530812409903506977e-01	2.005049448510079838e-03	1.000000000000000000e+00	9.158156200000000000e+07
1.998500000000000000e+04	6.593941188144906151e-01	2.024989997291296463e-03	1.000000000000000000e+00	9.158158000000000000e+07
2.000100000000000000e+04	6.552469458117914369e-01	2.006116517572712182e-03	1.000000000000000000e+00	9.158159600000000000e+07
2.001800000000000000e+04	6.575476726284384954e-01	2.019127379175274413e-03	1.000000000000000000e+00	9.158161300000000000e+07
2.003500000000000000e+04	6.540647976634639260e-01	2.005924008947321691e-03	1.000000000000000000e+00	9.158163000000000000e+07
2.005200000000000000e+04	6.569828988581348783e-01	2.009282082926408617e-03	1.000000000000000000e+00	9.158164700000000000e+07
2.006900000000000000e+04	6.563685480724390509e-01	2.008223548376987869e-03	1.000000000000000000e+00	9.158166400000000000e+07
2.008600000000000000e+04	6.548542267569399389e-01	2.009095118661690087e-03	1.000000000000000000e+00	9.158168100000000000e+07
2.010300000000000000e+04	6.594218791152584025e-01	2.011889950070678158e-03	1.000000000000000000e+00	9.158169800000000000e+07
2.012000000000000000e+04	6.588542805626613763e-01	2.165771596853637623e-03	1.000000000000000000e+00	9.158171500000000000e+07
2.013600000000000000e+04	6.608686044194107545e-01	2.272421406751254803e-03	1.000000000000000000e+00	9.158173100000000000e+07
2.015300000000000000e+04	6.545900975905997177e-01	2.004178675325588108e-03	1.000000000000000000e+00	9.158174800000000000e+07
2.017100000000000000e+04	6.537571895627652951e-01	2.002598548793880964e-03	1.000000000000000000e+00	9.158176600000000000e+07
2.018700000000000000e+04	6.581876414282695764e-01	2.010724214684630074e-03	1.000000000000000000e+00	9.158178200000000000e+07
2.020400000000000000e+04	6.565351783197054258e-01	2.014799828519958213e-03	1.000000000000000000e+00	9.158179900000000000e+07
2.022100000000000000e+04	6.561593043212654575e-01	2.013248677255990472e-03	1.000000000000000000e+00	9.158181600000000000e+07
2.023800000000000000e+04	6.581660201403309873e-01	2.015863021863227491e-03	1.000000000000000000e+00	9.158183300000000000e+07
2.025500000000000000e+04	6.552789058668972988e-01	2.258321771958441814e-03	1.000000000000000000e+00	9.158185000000000000e+07
2.034100000000000000e+04	6.580360498441857331e-01	2.018670439577510863e-03	1.000000000000000000e+00	9.158193600000000000e+07
2.035800000000000000e+04	6.588199435139738824e-01	2.014089266936968346e-03	1.000000000000000000e+00	9.158195300000000000e+07
2.037400000000000000e+04	6.561459275888587017e-01	2.157768421250301147e-03	1.000000000000000000e+00	9.158196900000000000e+07
2.039100000000000000e+04	6.565816083262731029e-01	2.265148788310640104e-03	1.000000000000000000e+00	9.158198600000000000e+07
2.040800000000000000e+04	6.559358842160606384e-01	2.009466114317963632e-03	1.000000000000000000e+00	9.158200300000000000e+07
2.042400000000000000e+04	6.582182678818792043e-01	2.019306675276017621e-03	1.000000000000000000e+00	9.158201900000000000e+07
2.044200000000000000e+04	6.546326330740281918e-01	2.002730664446786095e-03	1.000000000000000000e+00	9.158203700000000000e+07
2.045800000000000000e+04	6.592565183052861988e-01	2.227812486567881493e-03	1.000000000000000000e+00	9.158205300000000000e+07
2.047500000000000000e+04	6.554380577966730792e-01	2.005446092700085160e-03	1.000000000000000000e+00	9.158207000000000000e+07
2.049200000000000000e+04	6.558894376514091684e-01	2.010491124677550069e-03	1.000000000000000000e+00	9.158208700000000000e+07
2.050900000000000000e+04	6.537987201347537081e-01	2.005788485895825413e-03	1.000000000000000000e+00	9.158210400000000000e+07
2.052600000000000000e+04	6.534027607762931122e-01	2.016459028968024120e-03	1.000000000000000000e+00	9.158212100000000000e+07
2.054300000000000000e+04	6.555548559275021780e-01	2.006633550489934741e-03	1.000000000000000000e+00	9.158213800000000000e+07
2.055900000000000000e+04	6.559956406183456989e-01	2.160182505764250867e-03	1.000000000000000000e+00	9.158215400000000000e+07
2.057600000000000000e+04	6.576396773282401353e-01	2.271555733536810909e-03	1.000000000000000000e+00	9.158217100000000000e+07
2.059300000000000000e+04	6.548584114087276919e-01	2.232175233679352649e-03	1.000000000000000000e+00	9.158218800000000000e+07
2.061000000000000000e+04	6.574118642204307417e-01	2.018385411269613995e-03	1.000000000000000000e+00	9.158220500000000000e+07
2.062600000000000000e+04	6.553011551557453851e-01	2.008476561128705925e-03	1.000000000000000000e+00	9.158222100000000000e+07
2.064400000000000000e+04	6.599853776640588476e-01	2.022405133123664992e-03	1.000000000000000000e+00	9.158223900000000000e+07
2.066000000000000000e+04	6.537304647011034087e-01	2.007422931120178815e-03	1.000000000000000000e+00	9.158225500000000000e+07
2.067700000000000000e+04	6.576504027295042576e-01	2.016815714226312135e-03	1.000000000000000000e+00	9.158227200000000000e+07
2.069400000000000000e+04	6.580620927477857096e-01	2.016283971184888810e-03	1.000000000000000000e+00	9.158228900000000000e+07
2.071100000000000000e+04	6.542070261600818615e-01	2.013534692717761174e-03	1.000000000000000000e+00	9.158230600000000000e+07
2.072800000000000000e+04	6.542959627689671764e-01	2.012172301047929213e-03	1.000000000000000000e+00	9.158232300000000000e+07
2.074500000000000000e+04	6.587463292368270773e-01	2.166839521574581099e-03	1.000000000000000000e+00	9.158234000000000000e+07
2.076100000000000000e+04	6.559318067019597187e-01	2.261926577504410653e-03	1.000000000000000000e+00	9.158235600000000000e+07
2.077800000000000000e+04	6.545967157534150482e-01	2.200969809686200568e-03	1.000000000000000000e+00	9.158237300000000000e+07
2.079500000000000000e+04	6.557204493085124763e-01	2.006744281769820559e-03	1.000000000000000000e+00	9.158239000000000000e+07
2.081200000000000000e+04	6.592668438126775277e-01	2.239071611222011402e-03	1.000000000000000000e+00	9.158240700000000000e+07
2.082800000000000000e+04	6.548872147519981812e-01	2.014844572429846156e-03	1.000000000000000000e+00	9.158242300000000000e+07
2.084500000000000000e+04	6.544480824189574664e-01	2.253947578513212230e-03	1.000000000000000000e+00	9.158244000000000000e+07
2.086200000000000000e+04	6.586889375610874842e-01	2.016557477362511917e-03	1.000000000000000000e+00	9.158245700000000000e+07
2.087900000000000000e+04	6.562911096974262115e-01	2.010562133875102003e-03	1.000000000000000000e+00	9.158247400000000000e+07
2.089700000000000000e+04	6.550890692892886724e-01	2.015302232829236425e-03	1.000000000000000000e+00	9.158249200000000000e+07
2.091300000000000000e+04	6.559151669324501110e-01	2.010362769945945455e-03	1.000000000000000000e+00	9.158250800000000000e+07
2.093000000000000000e+04	6.559435217191130763e-01	2.157077074205183097e-03	1.000000000000000000e+00	9.158252500000000000e+07
2.094700000000000000e+04	6.557910881827726524e-01	2.261168936355931192e-03	1.000000000000000000e+00	9.158254200000000000e+07
2.096400000000000000e+04	6.563591456213746511e-01	2.008314078650061049e-03	1.000000000000000000e+00	9.158255900000000000e+07
2.098000000000000000e+04	6.571973396507807541e-01	2.011741085292953306e-03	1.000000000000000000e+00	9.158257500000000000e+07
2.099700000000000000e+04	6.565337445930234939e-01	2.006620239226242740e-03	1.000000000000000000e+00	9.158259200000000000e+07
2.101400000000000000e+04	6.544785575184842719e-01	2.004884397038345523e-03	1.000000000000000000e+00	9.158260900000000000e+07
2.103100000000000000e+04	6.556406657572869667e-01	2.013964746216428091e-03	1.000000000000000000e+00	9.158262600000000000e+07
2.104800000000000000e+04	6.574732378638176167e-01	2.016053523810393353e-03	1.000000000000000000e+00	9.158264300000000000e+07
2.106400000000000000e+04	6.562755309136907300e-01	2.246723326243788010e-03	1.000000000000000000e+00	9.158265900000000000e+07
2.108200000000000000e+04	6.570527338555097741e-01	2.014688379625076756e-03	1.000000000000000000e+00	9.158267700000000000e+07
2.109800000000000000e+04	6.556237056434743860e-01	2.001728059240621884e-03	1.000000000000000000e+00	9.158269300000000000e+07
2.111500000000000000e+04	6.537007232159688375e-01	2.348806901078851882e-03	1.000000000000000000e+00	9.158271000000000000e+07
2.113200000000000000e+04	6.575817617660134617e-01	2.259447035204749637e-03	1.000000000000000000e+00	9.158272700000000000e+07
2.114900000000000000e+04	6.555924138325831541e-01	1.998677186308048335e-03	1.000000000000000000e+00	9.158274400000000000e+07
2.116600000000000000e+04	6.591369214419255940e-01	2.012838415230704288e-03	1.000000000000000000e+00	9.158276100000000000e+07
2.118300000000000000e+04	6.555808291602094329e-01	2.004174790967540656e-03	1.000000000000000000e+00	9.158277800000000000e+07
2.120000000000000000e+04	6.581453903805668526e-01	2.009643899325295850e-03	1.000000000000000000e+00	9.158279500000000000e+07
2.121600000000000000e+04	6.541547544997474706e-01	1.998307040611441241e-03	1.000000000000000000e+00	9.158281100000000000e+07
2.123300000000000000e+04	6.582854537486223512e-01	2.013047971079344120e-03	1.000000000000000000e+00	9.158282800000000000e+07
2.125000000000000000e+04	6.574214019627331318e-01	2.007043366632042455e-03	1.000000000000000000e+00	9.158284500000000000e+07
2.133700000000000000e+04	6.556603391417598070e-01	2.008148372110401050e-03	1.000000000000000000e+00	9.158293200000000000e+07
2.135400000000000000e+04	6.570493164621320492e-01	2.010154223436046682e-03	1.000000000000000000e+00	9.158294900000000000e+07
2.137000000000000000e+04	6.537645754184081559e-01	2.221283827722315713e-03	1.000000000000000000e+00	9.158296500000000000e+07
2.138700000000000000e+04	6.581273456488018203e-01	2.262378572891550390e-03	1.000000000000000000e+00	9.158298200000000000e+07
2.140400000000000000e+04	6.547911814471042424e-01	2.002588823676713665e-03	1.000000000000000000e+00	9.158299900000000000e+07
2.142100000000000000e+04	6.564181965847346589e-01	2.010116268492605045e-03	1.000000000000000000e+00	9.158301600000000000e+07
2.143700000000000000e+04	6.550068235501073088e-01	2.000677838673148908e-03	1.000000000000000000e+00	9.158303200000000000e+07
2.145400000000000000e+04	6.568639511645674167e-01	2.010612737263569368e-03	1.000000000000000000e+00	9.158304900000000000e+07
2.147100000000000000e+04	6.567110841269890864e-01	2.009533779686050077e-03	1.000000000000000000e+00	9.158306600000000000e+07
2.148700000000000000e+04	6.539201413673179086e-01	2.009983886304699680e-03	1.000000000000000000e+00	9.158308200000000000e+07
2.150400000000000000e+04	6.543770932427424025e-01	2.006886581004027267e-03	1.000000000000000000e+00	9.158309900000000000e+07
2.152100000000000000e+04	6.543954045693792798e-01	2.012562304062364554e-03	1.000000000000000000e+00	9.158311600000000000e+07
2.153800000000000000e+04	6.562422274133753453e-01	2.016008782604196848e-03	1.000000000000000000e+00	9.158313300000000000e+07
2.155500000000000000e+04	6.588551142679542894e-01	2.166273274355660829e-03	1.000000000000000000e+00	9.158315000000000000e+07
2.157200000000000000e+04	6.546475018699782211e-01	2.256750317701367459e-03	1.000000000000000000e+00	9.158316700000000000e+07
2.158800000000000000e+04	6.561290356609739138e-01	2.007258207953275305e-03	1.000000000000000000e+00	9.158318300000000000e+07
2.160500000000000000e+04	6.566268799288810243e-01	2.012824303605378982e-03	1.000000000000000000e+00	9.158320000000000000e+07
2.162200000000000000e+04	6.561338980923168140e-01	2.006414734554840765e-03	1.000000000000000000e+00	9.158321700000000000e+07
2.163900000000000000e+04	6.579671760520376944e-01	2.013082525844917762e-03	1.000000000000000000e+00	9.158323400000000000e+07
2.165600000000000000e+04	6.529912208188017875e-01	2.003357523647472486e-03	1.000000000000000000e+00	9.158325100000000000e+07
2.167200000000000000e+04	6.550135497389329986e-01	2.005513795922049189e-03	1.000000000000000000e+00	9.158326700000000000e+07
2.168900000000000000e+04	6.545309223802160403e-01	2.005055570183741746e-03	1.000000000000000000e+00	9.158328400000000000e+07
2.170600000000000000e+04	6.557608678092482490e-01	2.012696174645307780e-03	1.000000000000000000e+00	9.158330100000000000e+07
2.172300000000000000e+04	6.569896369431641459e-01	2.006877610100798667e-03	1.000000000000000000e+00	9.158331800000000000e+07
2.174000000000000000e+04	6.578045540310849537e-01	2.160820017774645399e-03	1.000000000000000000e+00	9.158333500000000000e+07
2.175700000000000000e+04	6.590992818487331206e-01	2.269797375492853004e-03	1.000000000000000000e+00	9.158335200000000000e+07
2.177400000000000000e+04	6.562560384079917375e-01	2.004456106538454220e-03	1.000000000000000000e+00	9.158336900000000000e+07
2.179000000000000000e+04	6.563625029428598046e-01	2.034672623320101219e-03	1.000000000000000000e+00	9.158338500000000000e+07
2.180700000000000000e+04	6.533414363914563650e-01	2.001163175044071499e-03	1.000000000000000000e+00	9.158340200000000000e+07
2.182400000000000000e+04	6.562894951081494899e-01	2.012436843770947469e-03	1.000000000000000000e+00	9.158341900000000000e+07
2.184100000000000000e+04	6.531827128088127932e-01	2.000417509802715228e-03	1.000000000000000000e+00	9.158343600000000000e+07
2.185700000000000000e+04	6.566876452304855061e-01	2.012554466816507057e-03	1.000000000000000000e+00	9.158345200000000000e+07
2.187400000000000000e+04	6.582099089766519917e-01	2.011843796297228381e-03	1.000000000000000000e+00	9.158346900000000000e+07
2.189100000000000000e+04	6.544072687011932565e-01	2.013234315364802445e-03	1.000000000000000000e+00	9.158348600000000000e+07
2.190800000000000000e+04	6.592280686692156833e-01	2.023544944630170910e-03	1.000000000000000000e+00	9.158350300000000000e+07
2.192500000000000000e+04	6.535708551720075254e-01	2.151748422365552457e-03	1.000000000000000000e+00	9.158352000000000000e+07
2.194200000000000000e+04	6.587199475356281253e-01	2.266357122139618391e-03	1.000000000000000000e+00	9.158353700000000000e+07
2.195800000000000000e+04	6.529987200864088015e-01	2.006225616340447365e-03	1.000000000000000000e+00	9.158355300000000000e+07
2.197500000000000000e+04	6.535395316127867726e-01	2.003620458808955465e-03	1.000000000000000000e+00	9.158357000000000000e+07
2.199200000000000000e+04	6.547086641000327001e-01	2.006586665132066051e-03	1.000000000000000000e+00	9.158358700000000000e+07
2.200900000000000000e+04	6.545470975163408811e-01	2.005998217996782240e-03	1.000000000000000000e+00	9.158360400000000000e+07
2.202600000000000000e+04	6.570494120434881014e-01	2.010574317595647479e-03	1.000000000000000000e+00	9.158362100000000000e+07
2.204200000000000000e+04	6.562245387782357220e-01	2.018894255848713553e-03	1.000000000000000000e+00	9.158363700000000000e+07
2.205900000000000000e+04	6.564926810085326414e-01	2.013457004025678843e-03	1.000000000000000000e+00	9.158365400000000000e+07
2.207600000000000000e+04	6.547639007704199043e-01	2.013538007979866380e-03	1.000000000000000000e+00	9.158367100000000000e+07
2.209300000000000000e+04	6.559181115388704741e-01	2.014798589162454870e-03	1.000000000000000000e+00	9.158368800000000000e+07
2.210900000000000000e+04	6.557021938570007924e-01	2.156691236769332515e-03	1.000000000000000000e+00	9.158370400000000000e+07
2.212700000000000000e+04	6.568151951098956109e-01	2.262737905610677936e-03	1.000000000000000000e+00	9.158372200000000000e+07
2.214400000000000000e+04	6.551105759163305953e-01	2.010177479573373779e-03	1.000000000000000000e+00	9.158373900000000000e+07
2.216000000000000000e+04	6.603697341264211929e-01	2.027243940719137758e-03	1.000000000000000000e+00	9.158375500000000000e+07
2.217700000000000000e+04	6.563650033953649654e-01	2.013251066851227868e-03	1.000000000000000000e+00	9.158377200000000000e+07
2.219400000000000000e+04	6.546716486140732316e-01	2.006501927070283332e-03	1.000000000000000000e+00	9.158378900000000000e+07
2.221000000000000000e+04	6.557778009477107650e-01	2.007528279265806403e-03	1.000000000000000000e+00	9.158380500000000000e+07
2.222700000000000000e+04	6.581637872105725595e-01	2.032870737836884028e-03	1.000000000000000000e+00	9.158382200000000000e+07
2.224400000000000000e+04	6.544785791706508871e-01	2.006905010930357981e-03	1.000000000000000000e+00	9.158383900000000000e+07
2.233100000000000000e+04	6.563640642490389254e-01	2.010733374128206071e-03	1.000000000000000000e+00	9.158392600000000000e+07
2.234800000000000000e+04	6.582797370378977719e-01	2.012888512897677458e-03	1.000000000000000000e+00	9.158394300000000000e+07
2.236500000000000000e+04	6.565324124860797417e-01	2.153096948621468446e-03	1.000000000000000000e+00	9.158396000000000000e+07
2.238100000000000000e+04	6.558506594493916930e-01	2.258947616213833297e-03	1.000000000000000000e+00	9.158397600000000000e+07
2.239800000000000000e+04	6.535533963846507088e-01	1.995026591226985776e-03	1.000000000000000000e+00	9.158399300000000000e+07
2.241500000000000000e+04	6.588851727810596248e-01	2.010337273119340139e-03	1.000000000000000000e+00	9.158401000000000000e+07
2.243200000000000000e+04	6.554515183321977245e-01	2.005584486203317116e-03	1.000000000000000000e+00	9.158402700000000000e+07
2.244900000000000000e+04	6.524896064051818323e-01	1.995614752924252614e-03	1.000000000000000000e+00	9.158404400000000000e+07
2.246600000000000000e+04	6.554154786855074244e-01	2.003149558145379816e-03	1.000000000000000000e+00	9.158406100000000000e+07
2.248200000000000000e+04	6.555765808260952676e-01	2.006993634546195421e-03	1.000000000000000000e+00	9.158407700000000000e+07
2.249900000000000000e+04	6.524297184545222450e-01	1.994464479597581313e-03	1.000000000000000000e+00	9.158409400000000000e+07
2.251600000000000000e+04	6.542136769140476371e-01	2.003265134064465859e-03	1.000000000000000000e+00	9.158411100000000000e+07
2.253300000000000000e+04	6.552867374460183969e-01	2.002341104430981587e-03	1.000000000000000000e+00	9.158412800000000000e+07
2.255000000000000000e+04	6.581663544632352369e-01	2.158587147044261322e-03	1.000000000000000000e+00	9.158414500000000000e+07
2.256700000000000000e+04	6.538104771191587394e-01	2.248758233002110668e-03	1.000000000000000000e+00	9.158416200000000000e+07
2.258400000000000000e+04	6.555711739684426664e-01	1.992679501695601100e-03	1.000000000000000000e+00	9.158417900000000000e+07
2.260100000000000000e+04	6.577206993276502045e-01	2.008183089003629310e-03	1.000000000000000000e+00	9.158419600000000000e+07
2.261800000000000000e+04	6.549440240956704296e-01	1.999089562067252017e-03	1.000000000000000000e+00	9.158421300000000000e+07
2.263400000000000000e+04	6.577787827940981824e-01	2.001388844326557233e-03	1.000000000000000000e+00	9.158422900000000000e+07
2.265100000000000000e+04	6.539224914675941802e-01	2.002400567589724886e-03	1.000000000000000000e+00	9.158424600000000000e+07
2.266800000000000000e+04	6.567183939893008748e-01	2.011810551842489834e-03	1.000000000000000000e+00	9.158426300000000000e+07
2.268500000000000000e+04	6.542284338690017576e-01	1.997413148714028471e-03	1.000000000000000000e+00	9.158428000000000000e+07
2.270200000000000000e+04	6.569232770998130189e-01	2.011856960058375481e-03	1.000000000000000000e+00	9.158429700000000000e+07
2.271900000000000000e+04	6.575924179505601153e-01	2.007012743214792953e-03	1.000000000000000000e+00	9.158431400000000000e+07
2.273600000000000000e+04	6.573597738489551645e-01	2.160688353627298903e-03	1.000000000000000000e+00	9.158433100000000000e+07
2.275300000000000000e+04	6.548468405383223168e-01	2.256374856237001233e-03	1.000000000000000000e+00	9.158434800000000000e+07
2.277000000000000000e+04	6.540508981686014023e-01	1.995466622356852678e-03	1.000000000000000000e+00	9.158436500000000000e+07
2.278600000000000000e+04	6.563385489237517634e-01	2.018960713794631674e-03	1.000000000000000000e+00	9.158438100000000000e+07
2.280300000000000000e+04	6.543861013217374678e-01	1.998473065507609062e-03	1.000000000000000000e+00	9.158439800000000000e+07
2.282000000000000000e+04	6.536116596727170602e-01	2.004014478648345927e-03	1.000000000000000000e+00	9.158441500000000000e+07
2.283700000000000000e+04	6.558193722178788931e-01	2.000889992909699825e-03	1.000000000000000000e+00	9.158443200000000000e+07
2.285400000000000000e+04	6.552528526179922652e-01	2.007009707892765810e-03	1.000000000000000000e+00	9.158444900000000000e+07
2.287100000000000000e+04	6.577564052526342353e-01	2.005886585934719708e-03	1.000000000000000000e+00	9.158446600000000000e+07
2.288900000000000000e+04	6.563336467454994327e-01	2.018242685698514848e-03	1.000000000000000000e+00	9.158448400000000000e+07
2.290500000000000000e+04	6.543186658569285497e-01	2.002046803426880094e-03	1.000000000000000000e+00	9.158450000000000000e+07
2.292200000000000000e+04	6.568322982204151117e-01	2.157494303604756171e-03	1.000000000000000000e+00	9.158451700000000000e+07
2.293900000000000000e+04	6.551611678941495764e-01	2.253079990374140182e-03	1.000000000000000000e+00	9.158453400000000000e+07
2.295600000000000000e+04	6.536485278490493656e-01	1.997407463913507090e-03	1.000000000000000000e+00	9.158455100000000000e+07
2.297300000000000000e+04	6.578381312265051406e-01	2.015994516569872500e-03	1.000000000000000000e+00	9.158456800000000000e+07
2.299000000000000000e+04	6.547022168157361488e-01	2.008942818229787850e-03	1.000000000000000000e+00	9.158458500000000000e+07
2.300700000000000000e+04	6.557861855245269433e-01	2.007409712284426249e-03	1.000000000000000000e+00	9.158460200000000000e+07
2.302400000000000000e+04	6.555075746801707348e-01	2.006864111245501223e-03	1.000000000000000000e+00	9.158461900000000000e+07
2.304000000000000000e+04	6.568269358296002780e-01	2.025192194141169164e-03	1.000000000000000000e+00	9.158463500000000000e+07
2.305700000000000000e+04	6.550219214177422922e-01	2.006637042277395911e-03	1.000000000000000000e+00	9.158465200000000000e+07
2.307500000000000000e+04	6.571054377266776214e-01	2.022159430728535674e-03	1.000000000000000000e+00	9.158467000000000000e+07
2.309200000000000000e+04	6.544403888397847258e-01	2.002800398831276925e-03	1.000000000000000000e+00	9.158468700000000000e+07
2.310900000000000000e+04	6.533770909873828359e-01	2.153661171663068166e-03	1.000000000000000000e+00	9.158470400000000000e+07
2.312500000000000000e+04	6.554815269588764037e-01	2.266253172559184580e-03	1.000000000000000000e+00	9.158472000000000000e+07
2.314200000000000000e+04	6.522859587763559786e-01	1.999871886666299264e-03	1.000000000000000000e+00	9.158473700000000000e+07
2.315900000000000000e+04	6.583712116542258519e-01	2.019710956598275500e-03	1.000000000000000000e+00	9.158475400000000000e+07
2.317600000000000000e+04	6.558122485187213302e-01	2.005146071438086101e-03	1.000000000000000000e+00	9.158477100000000000e+07
2.319500000000000000e+04	6.555950356670821044e-01	2.014484873693412302e-03	1.000000000000000000e+00	9.158479000000000000e+07
2.321100000000000000e+04	6.540238539260142536e-01	2.005866316903064800e-03	1.000000000000000000e+00	9.158480600000000000e+07
2.322800000000000000e+04	6.556942519975180739e-01	2.012828564586757914e-03	1.000000000000000000e+00	9.158482300000000000e+07
2.324500000000000000e+04	6.543707665559556075e-01	2.035622398611545633e-03	1.000000000000000000e+00	9.158484000000000000e+07
2.333200000000000000e+04	6.533370961415683187e-01	2.006606758336504891e-03	1.000000000000000000e+00	9.158492700000000000e+07
2.334900000000000000e+04	6.566488499238878340e-01	2.007932048854367199e-03	1.000000000000000000e+00	9.158494400000000000e+07
2.336600000000000000e+04	6.565253517469482603e-01	2.158323668498296401e-03	1.000000000000000000e+00	9.158496100000000000e+07
2.338300000000000000e+04	6.545199785666343528e-01	2.253141442262884906e-03	1.000000000000000000e+00	9.158497800000000000e+07
2.339900000000000000e+04	6.544072606506350365e-01	2.003488475403260045e-03	1.000000000000000000e+00	9.158499400000000000e+07
2.341600000000000000e+04	6.563510799442550114e-01	2.014386560206933314e-03	1.000000000000000000e+00	9.158501100000000000e+07
2.343300000000000000e+04	6.553898575037485630e-01	2.004327508775373586e-03	1.000000000000000000e+00	9.158502800000000000e+07
2.345000000000000000e+04	6.559403368968272918e-01	2.008486618639513180e-03	1.000000000000000000e+00	9.158504500000000000e+07
2.346700000000000000e+04	6.578858590798221107e-01	2.009476670520130796e-03	1.000000000000000000e+00	9.158506200000000000e+07
2.348400000000000000e+04	6.572825722116882874e-01	2.012717254624063392e-03	1.000000000000000000e+00	9.158507900000000000e+07
2.350100000000000000e+04	6.549692671798510446e-01	2.005038438372661741e-03	1.000000000000000000e+00	9.158509600000000000e+07
2.351800000000000000e+04	6.546704611899731852e-01	2.011745310544582350e-03	1.000000000000000000e+00	9.158511300000000000e+07
2.353500000000000000e+04	6.547232121355107681e-01	2.006944853472609515e-03	1.000000000000000000e+00	9.158513000000000000e+07
2.355200000000000000e+04	6.559309055586036719e-01	2.156456743889252885e-03	1.000000000000000000e+00	9.158514700000000000e+07
2.356900000000000000e+04	6.557240441328309188e-01	2.257331355885397982e-03	1.000000000000000000e+00	9.158516400000000000e+07
2.358600000000000000e+04	6.513044668976855078e-01	1.999888749829830618e-03	1.000000000000000000e+00	9.158518100000000000e+07
2.360300000000000000e+04	6.563101210154649312e-01	2.007005034388120897e-03	1.000000000000000000e+00	9.158519800000000000e+07
2.362000000000000000e+04	6.541603817069605586e-01	2.003134244519111720e-03	1.000000000000000000e+00	9.158521500000000000e+07
2.363700000000000000e+04	6.564780485841700264e-01	2.005619716258196569e-03	1.000000000000000000e+00	9.158523200000000000e+07
2.365400000000000000e+04	6.532323675699229781e-01	1.997559122542688550e-03	1.000000000000000000e+00	9.158524900000000000e+07
2.367100000000000000e+04	6.559248885893772529e-01	2.006059928357751491e-03	1.000000000000000000e+00	9.158526600000000000e+07
2.368800000000000000e+04	6.562392846110258748e-01	2.004597344097867710e-03	1.000000000000000000e+00	9.158528300000000000e+07
2.370500000000000000e+04	6.544334244515408461e-01	2.008547554484148550e-03	1.000000000000000000e+00	9.158530000000000000e+07
2.372200000000000000e+04	6.547466635842534854e-01	2.005081338833784952e-03	1.000000000000000000e+00	9.158531700000000000e+07
2.373900000000000000e+04	6.583688971305233784e-01	2.163240191035535349e-03	1.000000000000000000e+00	9.158533400000000000e+07
2.375600000000000000e+04	6.549083909408620618e-01	2.254359348168795060e-03	1.000000000000000000e+00	9.158535100000000000e+07
2.377200000000000000e+04	6.523262667310627538e-01	1.995873142257564240e-03	1.000000000000000000e+00	9.158536700000000000e+07
2.378900000000000000e+04	6.566349358968336380e-01	2.009769451867903130e-03	1.000000000000000000e+00	9.158538400000000000e+07
2.380600000000000000e+04	6.542285147852830995e-01	2.009651462155332118e-03	1.000000000000000000e+00	9.158540100000000000e+07
2.382300000000000000e+04	6.531385486971816867e-01	1.999729505652028498e-03	1.000000000000000000e+00	9.158541800000000000e+07
2.384000000000000000e+04	6.543497793199050117e-01	2.004195341181107520e-03	1.000000000000000000e+00	9.158543500000000000e+07
2.385700000000000000e+04	6.541466136936932019e-01	2.005175246882540552e-03	1.000000000000000000e+00	9.158545200000000000e+07
2.387400000000000000e+04	6.537492104645631352e-01	2.005238027384322139e-03	1.000000000000000000e+00	9.158546900000000000e+07
2.389100000000000000e+04	6.538739809345287535e-01	2.010737498021352310e-03	1.000000000000000000e+00	9.158548600000000000e+07
2.390800000000000000e+04	6.540511004682856289e-01	2.003838051002167740e-03	1.000000000000000000e+00	9.158550300000000000e+07
2.392500000000000000e+04	6.564256043544123287e-01	2.159046596856181201e-03	1.000000000000000000e+00	9.158552000000000000e+07
2.394200000000000000e+04	6.528997874088164899e-01	2.253398413952019570e-03	1.000000000000000000e+00	9.158553700000000000e+07
2.395900000000000000e+04	6.538974363010719992e-01	2.003982017268999671e-03	1.000000000000000000e+00	9.158555400000000000e+07
2.397600000000000000e+04	6.557998848868877850e-01	2.010191903977238265e-03	1.000000000000000000e+00	9.158557100000000000e+07
2.399300000000000000e+04	6.574486951631354215e-01	2.012348964079881206e-03	1.000000000000000000e+00	9.158558800000000000e+07
2.401000000000000000e+04	6.535871602976710548e-01	2.009195913250772826e-03	1.000000000000000000e+00	9.158560500000000000e+07
2.402600000000000000e+04	6.578890061539266476e-01	2.013470981257792312e-03	1.000000000000000000e+00	9.158562100000000000e+07
2.404300000000000000e+04	6.531598979253415704e-01	2.002781965725853805e-03	1.000000000000000000e+00	9.158563800000000000e+07
2.406000000000000000e+04	6.551632701212080079e-01	2.005932870701087820e-03	1.000000000000000000e+00	9.158565500000000000e+07
2.407800000000000000e+04	6.586057225542040205e-01	2.022622264128430894e-03	1.000000000000000000e+00	9.158567300000000000e+07
2.409500000000000000e+04	6.565667481643313597e-01	2.009288853984799676e-03	1.000000000000000000e+00	9.158569000000000000e+07
2.411100000000000000e+04	6.577929226038355948e-01	2.164014185092999216e-03	1.000000000000000000e+00	9.158570600000000000e+07
2.412800000000000000e+04	6.554918856114297920e-01	2.258038777793464156e-03	1.000000000000000000e+00	9.158572300000000000e+07
2.414500000000000000e+04	6.576113096474385245e-01	2.005424737700293655e-03	1.000000000000000000e+00	9.158574000000000000e+07
2.416200000000000000e+04	6.581872811037321469e-01	2.016748272912931034e-03	1.000000000000000000e+00	9.158575700000000000e+07
2.417900000000000000e+04	6.550584608168857903e-01	2.000369226333771275e-03	1.000000000000000000e+00	9.158577400000000000e+07
2.419600000000000000e+04	6.589693194141776900e-01	2.015895288378791953e-03	1.000000000000000000e+00	9.158579100000000000e+07
2.421300000000000000e+04	6.570722396918183827e-01	2.008058457183425297e-03	1.000000000000000000e+00	9.158580800000000000e+07
2.422900000000000000e+04	6.560276582699926529e-01	2.011807325789650470e-03	1.000000000000000000e+00	9.158582400000000000e+07
2.424600000000000000e+04	6.541798157534526315e-01	2.011533783865155755e-03	1.000000000000000000e+00	9.158584100000000000e+07
2.433300000000000000e+04	6.577670204179478786e-01	2.030220801227575287e-03	1.000000000000000000e+00	9.158592800000000000e+07
2.435000000000000000e+04	6.545936408657355710e-01	2.007680715716407549e-03	1.000000000000000000e+00	9.158594500000000000e+07
2.436600000000000000e+04	6.571856002889353565e-01	2.165104127178075957e-03	1.000000000000000000e+00	9.158596100000000000e+07
2.438300000000000000e+04	6.565055900371263853e-01	2.269310200008066176e-03	1.000000000000000000e+00	9.158597800000000000e+07
2.440000000000000000e+04	6.529822962814657572e-01	2.006343907866445925e-03	1.000000000000000000e+00	9.158599500000000000e+07
2.441700000000000000e+04	6.560780266783056147e-01	2.009284015666110406e-03	1.000000000000000000e+00	9.158601200000000000e+07
2.443400000000000000e+04	6.544825589820333356e-01	2.006747482850211334e-03	1.000000000000000000e+00	9.158602900000000000e+07
2.445100000000000000e+04	6.571287715464622092e-01	2.008977063287270722e-03	1.000000000000000000e+00	9.158604600000000000e+07
2.446700000000000000e+04	6.545618694210773025e-01	2.006550449460200135e-03	1.000000000000000000e+00	9.158606200000000000e+07
2.448400000000000000e+04	6.526016166504239324e-01	2.000753164746068864e-03	1.000000000000000000e+00	9.158607900000000000e+07
2.450100000000000000e+04	6.557856987625966250e-01	2.011459095871973284e-03	1.000000000000000000e+00	9.158609600000000000e+07
2.451800000000000000e+04	6.561574935483582838e-01	2.021137087989405366e-03	1.000000000000000000e+00	9.158611300000000000e+07
2.453500000000000000e+04	6.570204454568765451e-01	2.016001450220196965e-03	1.000000000000000000e+00	9.158613000000000000e+07
2.455200000000000000e+04	6.553503374521735259e-01	2.157711283831116253e-03	1.000000000000000000e+00	9.158614700000000000e+07
2.456900000000000000e+04	6.500260839557487902e-01	2.242489117100386099e-03	1.000000000000000000e+00	9.158616400000000000e+07
2.458500000000000000e+04	6.536103901118168746e-01	2.006376181269530021e-03	1.000000000000000000e+00	9.158618000000000000e+07
2.460200000000000000e+04	6.570425083549447098e-01	2.015823183293791523e-03	1.000000000000000000e+00	9.158619700000000000e+07
2.461900000000000000e+04	6.578705994317551875e-01	2.017743776970969127e-03	1.000000000000000000e+00	9.158621400000000000e+07
2.463600000000000000e+04	6.575005931497106548e-01	2.026397483285946079e-03	1.000000000000000000e+00	9.158623100000000000e+07
2.465300000000000000e+04	6.546493793436227726e-01	2.006016185874277564e-03	1.000000000000000000e+00	9.158624800000000000e+07
2.467000000000000000e+04	6.577337313201054858e-01	2.012781833335012052e-03	1.000000000000000000e+00	9.158626500000000000e+07
2.468700000000000000e+04	6.536381696928841301e-01	2.009362807169942644e-03	1.000000000000000000e+00	9.158628200000000000e+07
2.470400000000000000e+04	6.571498254973109354e-01	2.022822889671691861e-03	1.000000000000000000e+00	9.158629900000000000e+07
2.472100000000000000e+04	6.543445756299763882e-01	2.008359674149623637e-03	1.000000000000000000e+00	9.158631600000000000e+07
2.473800000000000000e+04	6.549237825690269466e-01	2.158892157536529324e-03	1.000000000000000000e+00	9.158633300000000000e+07
2.475500000000000000e+04	6.521658511440846517e-01	2.253007244393337612e-03	1.000000000000000000e+00	9.158635000000000000e+07
2.477200000000000000e+04	6.570985496929668823e-01	2.011986158501681294e-03	1.000000000000000000e+00	9.158636700000000000e+07
2.478900000000000000e+04	6.556334319601020422e-01	2.010666100687452228e-03	1.000000000000000000e+00	9.158638400000000000e+07
2.480600000000000000e+04	6.552374704773492597e-01	2.008138177097097427e-03	1.000000000000000000e+00	9.158640100000000000e+07
2.482300000000000000e+04	6.539425404117392704e-01	2.009603102795972252e-03	1.000000000000000000e+00	9.158641800000000000e+07
2.484000000000000000e+04	6.530086921986910653e-01	2.006244944771368686e-03	1.000000000000000000e+00	9.158643500000000000e+07
2.485600000000000000e+04	6.560432518929255608e-01	2.016623614591403317e-03	1.000000000000000000e+00	9.158645100000000000e+07
2.487300000000000000e+04	6.525330882371817021e-01	2.003281401154577857e-03	1.000000000000000000e+00	9.158646800000000000e+07
2.489100000000000000e+04	6.564725598783200944e-01	2.019662064948764876e-03	1.000000000000000000e+00	9.158648600000000000e+07
2.490800000000000000e+04	6.527837744786959551e-01	2.004268025868873905e-03	1.000000000000000000e+00	9.158650300000000000e+07
2.492400000000000000e+04	6.569081785387068662e-01	2.161209572543937047e-03	1.000000000000000000e+00	9.158651900000000000e+07
2.494100000000000000e+04	6.561970119288932368e-01	2.262540208468132898e-03	1.000000000000000000e+00	9.158653600000000000e+07
2.495800000000000000e+04	6.525023430482178588e-01	2.004757717229642671e-03	1.000000000000000000e+00	9.158655300000000000e+07
2.497500000000000000e+04	6.586912782168881098e-01	2.019548629074104356e-03	1.000000000000000000e+00	9.158657000000000000e+07
2.499200000000000000e+04	6.569642893156645291e-01	2.012266416185690479e-03	1.000000000000000000e+00	9.158658700000000000e+07
2.500800000000000000e+04	6.537226714327774024e-01	2.008921307077239388e-03	1.000000000000000000e+00	9.158660300000000000e+07
2.502600000000000000e+04	6.578913408112527783e-01	2.015476055825784520e-03	1.000000000000000000e+00	9.158662100000000000e+07
2.504200000000000000e+04	6.558438578798208018e-01	2.018508133941617367e-03	1.000000000000000000e+00	9.158663700000000000e+07
2.505900000000000000e+04	6.537909482072492562e-01	2.024178738864746471e-03	1.000000000000000000e+00	9.158665400000000000e+07
2.507600000000000000e+04	6.531863590423580002e-01	2.010180432915215261e-03	1.000000000000000000e+00	9.158667100000000000e+07
2.509300000000000000e+04	6.587022678993323943e-01	2.016796486229698385e-03	1.000000000000000000e+00	9.158668800000000000e+07
2.511000000000000000e+04	6.567694324771787828e-01	2.161502421679395002e-03	1.000000000000000000e+00	9.158670500000000000e+07
2.512700000000000000e+04	6.568170093356409112e-01	2.263992033884481420e-03	1.000000000000000000e+00	9.158672200000000000e+07
2.514400000000000000e+04	6.505825449953307471e-01	2.000271546087581918e-03	1.000000000000000000e+00	9.158673900000000000e+07
2.516100000000000000e+04	6.566564282812834552e-01	2.017454369322973368e-03	1.000000000000000000e+00	9.158675600000000000e+07
2.517800000000000000e+04	6.532325877694593608e-01	2.003478624896981759e-03	1.000000000000000000e+00	9.158677300000000000e+07
2.519500000000000000e+04	6.579477597237771702e-01	2.019964952753439905e-03	1.000000000000000000e+00	9.158679000000000000e+07
2.521200000000000000e+04	6.537729468626642948e-01	2.014084690376991005e-03	1.000000000000000000e+00	9.158680700000000000e+07
2.522900000000000000e+04	6.576803237687489645e-01	2.026640264084497885e-03	1.000000000000000000e+00	9.158682400000000000e+07
2.524500000000000000e+04	6.568369941037416337e-01	2.024578293779533654e-03	1.000000000000000000e+00	9.158684000000000000e+07
2.533300000000000000e+04	6.565268544086260150e-01	2.019766580236700797e-03	1.000000000000000000e+00	9.158692800000000000e+07
2.535000000000000000e+04	6.537222042727939275e-01	2.019720578240006247e-03	1.000000000000000000e+00	9.158694500000000000e+07
2.536700000000000000e+04	6.530324416597791393e-01	2.157655885095831338e-03	1.000000000000000000e+00	9.158696200000000000e+07
2.538400000000000000e+04	6.529699176071224187e-01	2.258340555561398275e-03	1.000000000000000000e+00	9.158697900000000000e+07
2.540000000000000000e+04	6.531146780752926650e-01	2.024166624466206162e-03	1.000000000000000000e+00	9.158699500000000000e+07
2.541700000000000000e+04	6.572957819187792428e-01	2.017761243069095094e-03	1.000000000000000000e+00	9.158701200000000000e+07
2.543400000000000000e+04	6.522538048774569885e-01	2.005739401973812182e-03	1.000000000000000000e+00	9.158702900000000000e+07
2.545100000000000000e+04	6.530656959591626398e-01	2.011005280694107451e-03	1.000000000000000000e+00	9.158704600000000000e+07
2.546700000000000000e+04	6.543236055865462308e-01	2.011741797185117881e-03	1.000000000000000000e+00	9.158706200000000000e+07
2.548400000000000000e+04	6.573937152491949876e-01	2.017088840542174705e-03	1.000000000000000000e+00	9.158707900000000000e+07
2.550100000000000000e+04	6.547563220763632508e-01	2.005789489388953850e-03	1.000000000000000000e+00	9.158709600000000000e+07
2.551900000000000000e+04	6.554914139747010093e-01	2.020582757747843138e-03	1.000000000000000000e+00	9.158711400000000000e+07
2.553600000000000000e+04	6.553866086601319862e-01	2.007862154474556859e-03	1.000000000000000000e+00	9.158713100000000000e+07
2.555300000000000000e+04	6.590478698078172659e-01	2.170977380743519761e-03	1.000000000000000000e+00	9.158714800000000000e+07
2.556900000000000000e+04	6.551712716919141366e-01	2.266246965139542477e-03	1.000000000000000000e+00	9.158716400000000000e+07
2.558600000000000000e+04	6.527906225831272558e-01	2.004407939298293376e-03	1.000000000000000000e+00	9.158718100000000000e+07
2.560300000000000000e+04	6.584513228319550660e-01	2.025146601890120881e-03	1.000000000000000000e+00	9.158719800000000000e+07
2.562000000000000000e+04	6.537284221434241926e-01	2.027199348342511448e-03	1.000000000000000000e+00	9.158721500000000000e+07
2.563700000000000000e+04	6.562518132906538515e-01	2.015313123121430499e-03	1.000000000000000000e+00	9.158723200000000000e+07
2.565400000000000000e+04	6.561581699767137232e-01	2.014692690713993165e-03	1.000000000000000000e+00	9.158724900000000000e+07
2.567100000000000000e+04	6.569562078778405922e-01	2.011476586248339693e-03	1.000000000000000000e+00	9.158726600000000000e+07
2.568700000000000000e+04	6.549224683413873427e-01	2.013891416438230546e-03	1.000000000000000000e+00	9.158728200000000000e+07
2.570500000000000000e+04	6.537420604649385458e-01	2.008535502086815795e-03	1.000000000000000000e+00	9.158730000000000000e+07
2.572200000000000000e+04	6.560788301888643703e-01	2.016457744496460286e-03	1.000000000000000000e+00	9.158731700000000000e+07
2.573800000000000000e+04	6.561198305021030963e-01	2.164407888658187538e-03	1.000000000000000000e+00	9.158733300000000000e+07
2.575500000000000000e+04	6.531622830821440795e-01	2.254085870380873567e-03	1.000000000000000000e+00	9.158735000000000000e+07
2.577200000000000000e+04	6.512112960145078899e-01	2.003079978578109661e-03	1.000000000000000000e+00	9.158736700000000000e+07
2.578900000000000000e+04	6.562835367744774828e-01	2.009855809084496077e-03	1.000000000000000000e+00	9.158738400000000000e+07
2.580600000000000000e+04	6.526455403065101191e-01	2.005635122945582938e-03	1.000000000000000000e+00	9.158740100000000000e+07
2.582300000000000000e+04	6.568814996626224367e-01	2.013009589197718024e-03	1.000000000000000000e+00	9.158741800000000000e+07
2.584100000000000000e+04	6.548777423718490365e-01	2.016470468672938374e-03	1.000000000000000000e+00	9.158743600000000000e+07
2.585800000000000000e+04	6.548765908688621851e-01	2.018788843624501946e-03	1.000000000000000000e+00	9.158745300000000000e+07
2.587500000000000000e+04	6.528666200674542175e-01	1.999003800898399314e-03	1.000000000000000000e+00	9.158747000000000000e+07
2.589200000000000000e+04	6.531494641482183949e-01	2.009772740520803045e-03	1.000000000000000000e+00	9.158748700000000000e+07
2.590900000000000000e+04	6.575486254167302036e-01	2.014131018446717412e-03	1.000000000000000000e+00	9.158750400000000000e+07
2.592600000000000000e+04	6.572425833338351175e-01	2.167604289000745702e-03	1.000000000000000000e+00	9.158752100000000000e+07
2.594300000000000000e+04	6.525086955111371045e-01	2.252130221427059171e-03	1.000000000000000000e+00	9.158753800000000000e+07
2.596000000000000000e+04	6.534691506012118012e-01	2.002765874402549599e-03	1.000000000000000000e+00	9.158755500000000000e+07
2.597700000000000000e+04	6.551735050850143738e-01	2.017982886687592903e-03	1.000000000000000000e+00	9.158757200000000000e+07
2.599400000000000000e+04	6.546468947574352049e-01	2.007849217801827273e-03	1.000000000000000000e+00	9.158758900000000000e+07
2.601000000000000000e+04	6.561602185086079508e-01	2.018630823874982549e-03	1.000000000000000000e+00	9.158760500000000000e+07
2.602800000000000000e+04	6.549391424810002693e-01	2.009641724329148255e-03	1.000000000000000000e+00	9.158762300000000000e+07
2.604500000000000000e+04	6.539846720602265906e-01	2.012380834126641701e-03	1.000000000000000000e+00	9.158764000000000000e+07
2.606100000000000000e+04	6.564559220242308646e-01	2.017228574801249383e-03	1.000000000000000000e+00	9.158765600000000000e+07
2.607900000000000000e+04	6.553095771672375891e-01	2.024566752890743452e-03	1.000000000000000000e+00	9.158767400000000000e+07
2.609600000000000000e+04	6.582151172102157499e-01	2.018859984176418331e-03	1.000000000000000000e+00	9.158769100000000000e+07
2.611300000000000000e+04	6.601367237257581566e-01	2.175721401300362550e-03	1.000000000000000000e+00	9.158770800000000000e+07
2.613000000000000000e+04	6.549339522107839873e-01	2.287907896557331896e-03	1.000000000000000000e+00	9.158772500000000000e+07
2.614700000000000000e+04	6.521085815120856166e-01	2.003031375644957583e-03	1.000000000000000000e+00	9.158774200000000000e+07
2.616400000000000000e+04	6.552347293554505736e-01	2.017566667636894271e-03	1.000000000000000000e+00	9.158775900000000000e+07
2.618100000000000000e+04	6.513511411182936195e-01	2.006076014320094889e-03	1.000000000000000000e+00	9.158777600000000000e+07
2.619800000000000000e+04	6.549977012177731206e-01	2.019660252893129559e-03	1.000000000000000000e+00	9.158779300000000000e+07
2.621500000000000000e+04	6.505873806805764215e-01	2.003849806667480464e-03	1.000000000000000000e+00	9.158781000000000000e+07
2.623200000000000000e+04	6.551129084339949449e-01	2.025924137562504484e-03	1.000000000000000000e+00	9.158782700000000000e+07
2.624900000000000000e+04	6.540717877753066123e-01	2.011454057385821548e-03	1.000000000000000000e+00	9.158784400000000000e+07
2.633700000000000000e+04	6.563803213420308369e-01	2.022672760134832347e-03	1.000000000000000000e+00	9.158793200000000000e+07
2.635300000000000000e+04	6.544355256873699567e-01	2.011977285406144327e-03	1.000000000000000000e+00	9.158794800000000000e+07
2.637000000000000000e+04	6.547602510285812638e-01	2.162636842653141607e-03	1.000000000000000000e+00	9.158796500000000000e+07
2.638700000000000000e+04	6.543191982709319898e-01	2.269869472691504741e-03	1.000000000000000000e+00	9.158798200000000000e+07
2.640400000000000000e+04	6.524950052336657702e-01	2.008200184637052525e-03	1.000000000000000000e+00	9.158799900000000000e+07
2.642100000000000000e+04	6.569377996446140733e-01	2.021725404826509379e-03	1.000000000000000000e+00	9.158801600000000000e+07
2.643800000000000000e+04	6.518635862946781101e-01	2.007341862567161087e-03	1.000000000000000000e+00	9.158803300000000000e+07
2.645500000000000000e+04	6.560442377807084169e-01	2.024708510390569715e-03	1.000000000000000000e+00	9.158805000000000000e+07
2.647200000000000000e+04	6.543221786015583907e-01	2.008611397203076410e-03	1.000000000000000000e+00	9.158806700000000000e+07
2.648900000000000000e+04	6.530656311361910937e-01	2.006776151663850795e-03	1.000000000000000000e+00	9.158808400000000000e+07
2.650600000000000000e+04	6.551436441461720994e-01	2.017697072165185006e-03	1.000000000000000000e+00	9.158810100000000000e+07
2.652400000000000000e+04	6.538516267796335990e-01	2.016407108683746906e-03	1.000000000000000000e+00	9.158811900000000000e+07
2.654100000000000000e+04	6.552867731937054296e-01	2.021061166434434155e-03	1.000000000000000000e+00	9.158813600000000000e+07
2.655800000000000000e+04	6.590352203367839667e-01	2.183530826728132066e-03	1.000000000000000000e+00	9.158815300000000000e+07
2.657500000000000000e+04	6.536181037048375275e-01	2.264271777547552378e-03	1.000000000000000000e+00	9.158817000000000000e+07
2.659200000000000000e+04	6.540802008639469145e-01	2.043062392601679902e-03	1.000000000000000000e+00	9.158818700000000000e+07
2.660900000000000000e+04	6.579834959848794851e-01	2.026011917111228411e-03	1.000000000000000000e+00	9.158820400000000000e+07
2.662500000000000000e+04	6.550241188024585881e-01	2.005896774576425203e-03	1.000000000000000000e+00	9.158822000000000000e+07
2.664200000000000000e+04	6.559344067160751690e-01	2.014861526992491481e-03	1.000000000000000000e+00	9.158823700000000000e+07
2.665900000000000000e+04	6.543329710453341663e-01	2.006785825318158079e-03	1.000000000000000000e+00	9.158825400000000000e+07
2.667600000000000000e+04	6.541176646434745390e-01	2.017203068927503427e-03	1.000000000000000000e+00	9.158827100000000000e+07
2.669300000000000000e+04	6.547416790564150046e-01	2.028177331018785664e-03	1.000000000000000000e+00	9.158828800000000000e+07
2.671100000000000000e+04	6.542589026634106908e-01	2.023050694905219934e-03	1.000000000000000000e+00	9.158830600000000000e+07
2.672800000000000000e+04	6.558482919346803053e-01	2.038809043533437206e-03	1.000000000000000000e+00	9.158832300000000000e+07
2.674500000000000000e+04	6.582066661596581714e-01	2.167262943290996623e-03	1.000000000000000000e+00	9.158834000000000000e+07
2.676200000000000000e+04	6.563877518721904503e-01	2.267809424774451695e-03	1.000000000000000000e+00	9.158835700000000000e+07
2.677900000000000000e+04	6.544997132209674495e-01	2.013255629633228187e-03	1.000000000000000000e+00	9.158837400000000000e+07
2.679600000000000000e+04	6.569333588613530672e-01	2.018200331911678205e-03	1.000000000000000000e+00	9.158839100000000000e+07
2.681300000000000000e+04	6.546946460441139815e-01	2.008315784849592535e-03	1.000000000000000000e+00	9.158840800000000000e+07
2.683000000000000000e+04	6.560101311562455129e-01	2.016262220750084880e-03	1.000000000000000000e+00	9.158842500000000000e+07
2.684700000000000000e+04	6.555790381844015524e-01	2.021577876209194706e-03	1.000000000000000000e+00	9.158844200000000000e+07
2.686400000000000000e+04	6.581934899567939423e-01	2.034126062466723884e-03	1.000000000000000000e+00	9.158845900000000000e+07
2.688100000000000000e+04	6.590716333630258772e-01	2.018978030211805979e-03	1.000000000000000000e+00	9.158847600000000000e+07
2.689800000000000000e+04	6.580079052561865760e-01	2.029789764156848201e-03	1.000000000000000000e+00	9.158849300000000000e+07
2.691500000000000000e+04	6.544731940663236491e-01	2.010192966297760613e-03	1.000000000000000000e+00	9.158851000000000000e+07
2.693200000000000000e+04	6.548095167356632329e-01	2.166559941845589993e-03	1.000000000000000000e+00	9.158852700000000000e+07
2.694900000000000000e+04	6.529340979650862797e-01	2.268541716690980221e-03	1.000000000000000000e+00	9.158854400000000000e+07
2.696600000000000000e+04	6.539348609330400963e-01	2.024622125821546985e-03	1.000000000000000000e+00	9.158856100000000000e+07
2.698300000000000000e+04	6.575150370552941270e-01	2.021782498539512370e-03	1.000000000000000000e+00	9.158857800000000000e+07
2.700100000000000000e+04	6.528772349907447925e-01	2.006567806435985597e-03	1.000000000000000000e+00	9.158859600000000000e+07
2.701800000000000000e+04	6.573319659667689052e-01	2.014606147864933788e-03	1.000000000000000000e+00	9.158861300000000000e+07
2.703500000000000000e+04	6.543957400108307843e-01	2.017418211754377910e-03	1.000000000000000000e+00	9.158863000000000000e+07
2.705200000000000000e+04	6.543392039333597587e-01	2.017538528980572163e-03	1.000000000000000000e+00	9.158864700000000000e+07
2.706900000000000000e+04	6.532580518175330475e-01	2.011436130738630118e-03	1.000000000000000000e+00	9.158866400000000000e+07
2.708600000000000000e+04	6.540003413090221818e-01	2.025313610653858582e-03	1.000000000000000000e+00	9.158868100000000000e+07
2.710300000000000000e+04	6.542520672306745277e-01	2.022443801410294100e-03	1.000000000000000000e+00	9.158869800000000000e+07
2.712000000000000000e+04	6.535134652110716758e-01	2.153667133225458611e-03	1.000000000000000000e+00	9.158871500000000000e+07
2.713700000000000000e+04	6.533485442322575221e-01	2.257095914544660683e-03	1.000000000000000000e+00	9.158873200000000000e+07
2.715400000000000000e+04	6.529736776907668627e-01	2.003415536682138110e-03	1.000000000000000000e+00	9.158874900000000000e+07
2.717100000000000000e+04	6.546357379555616252e-01	2.009044486371769009e-03	1.000000000000000000e+00	9.158876600000000000e+07
2.718800000000000000e+04	6.570135045819445185e-01	2.015247860119737545e-03	1.000000000000000000e+00	9.158878300000000000e+07
2.720500000000000000e+04	6.560786635918011145e-01	2.015024639367528781e-03	1.000000000000000000e+00	9.158880000000000000e+07
2.722200000000000000e+04	6.535521785671452033e-01	2.012054503536798728e-03	1.000000000000000000e+00	9.158881700000000000e+07
2.723900000000000000e+04	6.555904927301201557e-01	2.018895002183379063e-03	1.000000000000000000e+00	9.158883400000000000e+07
2.725600000000000000e+04	6.533455382432308278e-01	2.012724892795630851e-03	1.000000000000000000e+00	9.158885100000000000e+07
2.734400000000000000e+04	6.583594496116031980e-01	2.023296609480031930e-03	1.000000000000000000e+00	9.158893900000000000e+07
2.736100000000000000e+04	6.544604477659793362e-01	2.072169024787202246e-03	1.000000000000000000e+00	9.158895600000000000e+07
2.737800000000000000e+04	6.534845417513572841e-01	2.157274766137349566e-03	1.000000000000000000e+00	9.158897300000000000e+07
2.739500000000000000e+04	6.545071467499947726e-01	2.264975655202488853e-03	1.000000000000000000e+00	9.158899000000000000e+07
2.741200000000000000e+04	6.559104141268868871e-01	2.012477897161894184e-03	1.000000000000000000e+00	9.158900700000000000e+07
2.743000000000000000e+04	6.570272782380581766e-01	2.027367619413751598e-03	1.000000000000000000e+00	9.158902500000000000e+07
2.744700000000000000e+04	6.544116326774261916e-01	2.012497580679403677e-03	1.000000000000000000e+00	9.158904200000000000e+07
2.746400000000000000e+04	6.520501864815063664e-01	2.017559057388427276e-03	1.000000000000000000e+00	9.158905900000000000e+07
2.748100000000000000e+04	6.543304857093236171e-01	2.015485452068851990e-03	1.000000000000000000e+00	9.158907600000000000e+07
2.749800000000000000e+04	6.535916322044558191e-01	2.026045922781055750e-03	1.000000000000000000e+00	9.158909300000000000e+07
2.751500000000000000e+04	6.522627879344220503e-01	2.010981319510106100e-03	1.000000000000000000e+00	9.158911000000000000e+07
2.753200000000000000e+04	6.586421090734345674e-01	2.027843542039577812e-03	1.000000000000000000e+00	9.158912700000000000e+07
2.755000000000000000e+04	6.528977760244234485e-01	2.020882443662662484e-03	1.000000000000000000e+00	9.158914500000000000e+07
2.756700000000000000e+04	6.559860172353416674e-01	2.173647843945164526e-03	1.000000000000000000e+00	9.158916200000000000e+07
2.758400000000000000e+04	6.551524884390433900e-01	2.268848849270088241e-03	1.000000000000000000e+00	9.158917900000000000e+07
2.760100000000000000e+04	6.521797096757294687e-01	2.008822780066684809e-03	1.000000000000000000e+00	9.158919600000000000e+07
2.761800000000000000e+04	6.564558514739048389e-01	2.025643528569893298e-03	1.000000000000000000e+00	9.158921300000000000e+07
2.763500000000000000e+04	6.537559949936725401e-01	2.017115034720650714e-03	1.000000000000000000e+00	9.158923000000000000e+07
2.765200000000000000e+04	6.549902285345013953e-01	2.023029804034275330e-03	1.000000000000000000e+00	9.158924700000000000e+07
2.766900000000000000e+04	6.533017445249112987e-01	2.020012198569857455e-03	1.000000000000000000e+00	9.158926400000000000e+07
2.768600000000000000e+04	6.563625320363699611e-01	2.022529045465089065e-03	1.000000000000000000e+00	9.158928100000000000e+07
2.770300000000000000e+04	6.542828367345528973e-01	2.008933702199454472e-03	1.000000000000000000e+00	9.158929800000000000e+07
2.772100000000000000e+04	6.551071203665975728e-01	2.029913473696950531e-03	1.000000000000000000e+00	9.158931600000000000e+07
2.773800000000000000e+04	6.555878638433824124e-01	2.011219197479748120e-03	1.000000000000000000e+00	9.158933300000000000e+07
2.775500000000000000e+04	6.566186180665455341e-01	2.167378520197431324e-03	1.000000000000000000e+00	9.158935000000000000e+07
2.777200000000000000e+04	6.586949280050797828e-01	2.272307034523636873e-03	1.000000000000000000e+00	9.158936700000000000e+07
2.778900000000000000e+04	6.542242795199013639e-01	2.010414522557940793e-03	1.000000000000000000e+00	9.158938400000000000e+07
2.780600000000000000e+04	6.555905455297675877e-01	2.010644278633050459e-03	1.000000000000000000e+00	9.158940100000000000e+07
2.782300000000000000e+04	6.523428935309459886e-01	2.011502926299148144e-03	1.000000000000000000e+00	9.158941800000000000e+07
2.784000000000000000e+04	6.551879701828716707e-01	2.010935121706482285e-03	1.000000000000000000e+00	9.158943500000000000e+07
2.785700000000000000e+04	6.548179107018039513e-01	2.006815876578184939e-03	1.000000000000000000e+00	9.158945200000000000e+07
2.787400000000000000e+04	6.539901554678525519e-01	2.012207602072839299e-03	1.000000000000000000e+00	9.158946900000000000e+07
2.789100000000000000e+04	6.519833367099439059e-01	2.008414213204654918e-03	1.000000000000000000e+00	9.158948600000000000e+07
2.790800000000000000e+04	6.549646896606549085e-01	2.014999921836836422e-03	1.000000000000000000e+00	9.158950300000000000e+07
2.792500000000000000e+04	6.532000305814369412e-01	2.006541815411549187e-03	1.000000000000000000e+00	9.158952000000000000e+07
2.794300000000000000e+04	6.558426613555475848e-01	2.166599202347260431e-03	1.000000000000000000e+00	9.158953800000000000e+07
2.796000000000000000e+04	6.551459211836760943e-01	2.263480526753107284e-03	1.000000000000000000e+00	9.158955500000000000e+07
2.797700000000000000e+04	6.550347205942140816e-01	2.006258950124512400e-03	1.000000000000000000e+00	9.158957200000000000e+07
2.799400000000000000e+04	6.554669760794523681e-01	2.012922940203485268e-03	1.000000000000000000e+00	9.158958900000000000e+07
2.801100000000000000e+04	6.583801652664185156e-01	2.012973192992375919e-03	1.000000000000000000e+00	9.158960600000000000e+07
2.802800000000000000e+04	6.535103422380535987e-01	2.003149870727818915e-03	1.000000000000000000e+00	9.158962300000000000e+07
2.804500000000000000e+04	6.576200520097581492e-01	2.013075560213533136e-03	1.000000000000000000e+00	9.158964000000000000e+07
2.806200000000000000e+04	6.538177916790459676e-01	2.009570819391932363e-03	1.000000000000000000e+00	9.158965700000000000e+07
2.807900000000000000e+04	6.518524439981691065e-01	2.002924358423615551e-03	1.000000000000000000e+00	9.158967400000000000e+07
2.809600000000000000e+04	6.554706237902063748e-01	2.019388295861961231e-03	1.000000000000000000e+00	9.158969100000000000e+07
2.811300000000000000e+04	6.548089359596815928e-01	2.010023199591185698e-03	1.000000000000000000e+00	9.158970800000000000e+07
2.813000000000000000e+04	6.560453185053167768e-01	2.158579357536426126e-03	1.000000000000000000e+00	9.158972500000000000e+07
2.814700000000000000e+04	6.556037860583227017e-01	2.258777898543017342e-03	1.000000000000000000e+00	9.158974200000000000e+07
2.816500000000000000e+04	6.542544825588040291e-01	2.007540591622722966e-03	1.000000000000000000e+00	9.158976000000000000e+07
2.818200000000000000e+04	6.547396311763777899e-01	2.037023819520931370e-03	1.000000000000000000e+00	9.158977700000000000e+07
2.819900000000000000e+04	6.556995623131696149e-01	2.008012465882336173e-03	1.000000000000000000e+00	9.158979400000000000e+07
2.821600000000000000e+04	6.545297985941930241e-01	2.012039630838063399e-03	1.000000000000000000e+00	9.158981100000000000e+07
2.823300000000000000e+04	6.546979640046581839e-01	2.005058148854060255e-03	1.000000000000000000e+00	9.158982800000000000e+07
2.825000000000000000e+04	6.535645259975678689e-01	2.009259114983362460e-03	1.000000000000000000e+00	9.158984500000000000e+07
2.826600000000000000e+04	6.565801273789794168e-01	2.013073463746903064e-03	1.000000000000000000e+00	9.158986100000000000e+07
2.835400000000000000e+04	6.558387784846225754e-01	2.022521128426415116e-03	1.000000000000000000e+00	9.158994900000000000e+07
2.837100000000000000e+04	6.536575888410141033e-01	2.008839668527914995e-03	1.000000000000000000e+00	9.158996600000000000e+07
2.838800000000000000e+04	6.540953196858038110e-01	2.158057345597578017e-03	1.000000000000000000e+00	9.158998300000000000e+07
2.840500000000000000e+04	6.527433901610263378e-01	2.273193698759515269e-03	1.000000000000000000e+00	9.159000000000000000e+07
2.842300000000000000e+04	6.552955531014444945e-01	2.016283293746809653e-03	1.000000000000000000e+00	9.159001800000000000e+07
2.844000000000000000e+04	6.565780932960676441e-01	2.015052265740505371e-03	1.000000000000000000e+00	9.159003500000000000e+07
2.845700000000000000e+04	6.546469671861094852e-01	2.023338971571539760e-03	1.000000000000000000e+00	9.159005200000000000e+07
2.847400000000000000e+04	6.550977110741208476e-01	2.021262773804096986e-03	1.000000000000000000e+00	9.159006900000000000e+07
2.849100000000000000e+04	6.542651467839533108e-01	2.014744689031774949e-03	1.000000000000000000e+00	9.159008600000000000e+07
2.850800000000000000e+04	6.560777369676991100e-01	2.021260277768977074e-03	1.000000000000000000e+00	9.159010300000000000e+07
2.852500000000000000e+04	6.544725739584121849e-01	2.017638517211456373e-03	1.000000000000000000e+00	9.159012000000000000e+07
2.854300000000000000e+04	6.543229280302415019e-01	2.046806895362982947e-03	1.000000000000000000e+00	9.159013800000000000e+07
2.856000000000000000e+04	6.525261757539245755e-01	2.013450566623089123e-03	1.000000000000000000e+00	9.159015500000000000e+07
2.857700000000000000e+04	6.566942949855922862e-01	2.172213565067592639e-03	1.000000000000000000e+00	9.159017200000000000e+07
2.859400000000000000e+04	6.543223463742396939e-01	2.264495345820886300e-03	1.000000000000000000e+00	9.159018900000000000e+07
2.861100000000000000e+04	6.528567071945007294e-01	2.008138176391771005e-03	1.000000000000000000e+00	9.159020600000000000e+07
2.862800000000000000e+04	6.560118872906615106e-01	2.017738704790554300e-03	1.000000000000000000e+00	9.159022300000000000e+07
2.864500000000000000e+04	6.534328104371733836e-01	2.009372307106071631e-03	1.000000000000000000e+00	9.159024000000000000e+07
2.866200000000000000e+04	6.549003065235458054e-01	2.018838320926184295e-03	1.000000000000000000e+00	9.159025700000000000e+07
2.867900000000000000e+04	6.568553913118803100e-01	2.019667510555875518e-03	1.000000000000000000e+00	9.159027400000000000e+07
2.869600000000000000e+04	6.533395352855958516e-01	2.014865961796796952e-03	1.000000000000000000e+00	9.159029100000000000e+07
2.871400000000000000e+04	6.557673212646636385e-01	2.014856264043294373e-03	1.000000000000000000e+00	9.159030900000000000e+07
2.873100000000000000e+04	6.542612767597529855e-01	2.015786723539791762e-03	1.000000000000000000e+00	9.159032600000000000e+07
2.874800000000000000e+04	6.585681606454717452e-01	2.017726501466236225e-03	1.000000000000000000e+00	9.159034300000000000e+07
2.876500000000000000e+04	6.568971110782626521e-01	2.164626522270413338e-03	1.000000000000000000e+00	9.159036000000000000e+07
2.878200000000000000e+04	6.599035228511480611e-01	2.278473352839926590e-03	1.000000000000000000e+00	9.159037700000000000e+07
2.880000000000000000e+04	6.536627945785499216e-01	2.004932037618786193e-03	1.000000000000000000e+00	9.159039500000000000e+07
2.881700000000000000e+04	6.575154596869295931e-01	2.020271107558985289e-03	1.000000000000000000e+00	9.159041200000000000e+07
2.883400000000000000e+04	6.557611182343972001e-01	2.017183301987380498e-03	1.000000000000000000e+00	9.159042900000000000e+07
2.885100000000000000e+04	6.558882735303986911e-01	2.022723151947011973e-03	1.000000000000000000e+00	9.159044600000000000e+07
2.886800000000000000e+04	6.551616763859700043e-01	2.022200670591418805e-03	1.000000000000000000e+00	9.159046300000000000e+07
2.888500000000000000e+04	6.545617313817126970e-01	2.018301087420715755e-03	1.000000000000000000e+00	9.159048000000000000e+07
2.890200000000000000e+04	6.543434853147022112e-01	2.012743144009242029e-03	1.000000000000000000e+00	9.159049700000000000e+07
2.892000000000000000e+04	6.546979508588050001e-01	2.034208471625681240e-03	1.000000000000000000e+00	9.159051500000000000e+07
2.893700000000000000e+04	6.512859177336770555e-01	2.010285630923944709e-03	1.000000000000000000e+00	9.159053200000000000e+07
2.895400000000000000e+04	6.540620506604808426e-01	2.161794178583996417e-03	1.000000000000000000e+00	9.159054900000000000e+07
2.897100000000000000e+04	6.556571857669067915e-01	2.264643542852665375e-03	1.000000000000000000e+00	9.159056600000000000e+07
2.898800000000000000e+04	6.523179121728589491e-01	2.009913285440659714e-03	1.000000000000000000e+00	9.159058300000000000e+07
2.900500000000000000e+04	6.530581550369217725e-01	2.010713999041198637e-03	1.000000000000000000e+00	9.159060000000000000e+07
2.902200000000000000e+04	6.521810244043251270e-01	2.010316493615323368e-03	1.000000000000000000e+00	9.159061700000000000e+07
2.903900000000000000e+04	6.547400710061901385e-01	2.013282973203210646e-03	1.000000000000000000e+00	9.159063400000000000e+07
2.905600000000000000e+04	6.551222396283049587e-01	2.013637235228202781e-03	1.000000000000000000e+00	9.159065100000000000e+07
2.907300000000000000e+04	6.547393859658194870e-01	2.016379651414590239e-03	1.000000000000000000e+00	9.159066800000000000e+07
2.909000000000000000e+04	6.554367823396733961e-01	2.019899519586907700e-03	1.000000000000000000e+00	9.159068500000000000e+07
2.910800000000000000e+04	6.568949191177235747e-01	2.026645802693151626e-03	1.000000000000000000e+00	9.159070300000000000e+07
2.912500000000000000e+04	6.542390839058533913e-01	2.018276818121872603e-03	1.000000000000000000e+00	9.159072000000000000e+07
2.914200000000000000e+04	6.560679395420803139e-01	2.169855180933012110e-03	1.000000000000000000e+00	9.159073700000000000e+07
2.915900000000000000e+04	6.554789603998869563e-01	2.273580497610473532e-03	1.000000000000000000e+00	9.159075400000000000e+07
2.917600000000000000e+04	6.530482413812409570e-01	2.017589250514781850e-03	1.000000000000000000e+00	9.159077100000000000e+07
2.919400000000000000e+04	6.575782589594083571e-01	2.030886333793422132e-03	1.000000000000000000e+00	9.159078900000000000e+07
2.921100000000000000e+04	6.531740963410691547e-01	2.017992369470502506e-03	1.000000000000000000e+00	9.159080600000000000e+07
2.922800000000000000e+04	6.536219728773283721e-01	2.023411079742103678e-03	1.000000000000000000e+00	9.159082300000000000e+07
2.924500000000000000e+04	6.559480937176066506e-01	2.042164788390192498e-03	1.000000000000000000e+00	9.159084000000000000e+07
2.926200000000000000e+04	6.567121084898404071e-01	2.027711200990382941e-03	1.000000000000000000e+00	9.159085700000000000e+07
2.927900000000000000e+04	6.525081750064485320e-01	2.014527017599752282e-03	1.000000000000000000e+00	9.159087400000000000e+07
2.936800000000000000e+04	6.543930537660722635e-01	2.023482037705699732e-03	1.000000000000000000e+00	9.159096300000000000e+07
2.938500000000000000e+04	6.595630905231874008e-01	2.028399298816681642e-03	1.000000000000000000e+00	9.159098000000000000e+07
2.940200000000000000e+04	6.584290411154214429e-01	2.174818301097847413e-03	1.000000000000000000e+00	9.159099700000000000e+07
2.941900000000000000e+04	6.560260869858157706e-01	2.269029610844447604e-03	1.000000000000000000e+00	9.159101400000000000e+07
2.943600000000000000e+04	6.526200742184610215e-01	2.007491700991854543e-03	1.000000000000000000e+00	9.159103100000000000e+07
2.945300000000000000e+04	6.560118317441557823e-01	2.020134064691165004e-03	1.000000000000000000e+00	9.159104800000000000e+07
2.947000000000000000e+04	6.560608012278753565e-01	2.015605794410736586e-03	1.000000000000000000e+00	9.159106500000000000e+07
2.948800000000000000e+04	6.547943435096232889e-01	2.021895918405409564e-03	1.000000000000000000e+00	9.159108300000000000e+07
2.950500000000000000e+04	6.548784105234567443e-01	2.014661264251430255e-03	1.000000000000000000e+00	9.159110000000000000e+07
2.952200000000000000e+04	6.549275859781016340e-01	2.020471641276019078e-03	1.000000000000000000e+00	9.159111700000000000e+07
2.953900000000000000e+04	6.544662575907308488e-01	2.014110661821745356e-03	1.000000000000000000e+00	9.159113400000000000e+07
2.955700000000000000e+04	6.544412907188055240e-01	2.022611994363901228e-03	1.000000000000000000e+00	9.159115200000000000e+07
2.957400000000000000e+04	6.558841217881800079e-01	2.016615139736068017e-03	1.000000000000000000e+00	9.159116900000000000e+07
2.959100000000000000e+04	6.543779929868164258e-01	2.162289612955939442e-03	1.000000000000000000e+00	9.159118600000000000e+07
2.960800000000000000e+04	6.553516396642178332e-01	2.263871260234879852e-03	1.000000000000000000e+00	9.159120300000000000e+07
2.962500000000000000e+04	6.513753812261036114e-01	2.004891936627423588e-03	1.000000000000000000e+00	9.159122000000000000e+07
2.964200000000000000e+04	6.550248938095409867e-01	2.021969981831137422e-03	1.000000000000000000e+00	9.159123700000000000e+07
2.965900000000000000e+04	6.506137627138278701e-01	2.006760128884835324e-03	1.000000000000000000e+00	9.159125400000000000e+07
2.967600000000000000e+04	6.563934600258428675e-01	2.020972310109265310e-03	1.000000000000000000e+00	9.159127100000000000e+07
2.969300000000000000e+04	6.562115146316224168e-01	2.020310780093851916e-03	1.000000000000000000e+00	9.159128800000000000e+07
2.971000000000000000e+04	6.567809257448071758e-01	2.020335378884793170e-03	1.000000000000000000e+00	9.159130500000000000e+07
2.972800000000000000e+04	6.566759231036545241e-01	2.020066075489498816e-03	1.000000000000000000e+00	9.159132300000000000e+07
2.974600000000000000e+04	6.530024011464180544e-01	2.015048707828357311e-03	1.000000000000000000e+00	9.159134100000000000e+07
2.976300000000000000e+04	6.573747370176348248e-01	2.021835885091299769e-03	1.000000000000000000e+00	9.159135800000000000e+07
2.977900000000000000e+04	6.556852742572262249e-01	2.163312643595229328e-03	1.000000000000000000e+00	9.159137400000000000e+07
2.979600000000000000e+04	6.567409894228661837e-01	2.269878263350151495e-03	1.000000000000000000e+00	9.159139100000000000e+07
2.981400000000000000e+04	6.524487387268290695e-01	2.040258637135089134e-03	1.000000000000000000e+00	9.159140900000000000e+07
2.983100000000000000e+04	6.567698702258840671e-01	2.023400503230940711e-03	1.000000000000000000e+00	9.159142600000000000e+07
2.984800000000000000e+04	6.530204970488664440e-01	2.005320703260756593e-03	1.000000000000000000e+00	9.159144300000000000e+07
2.986500000000000000e+04	6.548693589769682966e-01	2.016165062263952992e-03	1.000000000000000000e+00	9.159146000000000000e+07
2.988200000000000000e+04	6.559471604489922614e-01	2.016694947522207262e-03	1.000000000000000000e+00	9.159147700000000000e+07
2.990000000000000000e+04	6.556095377509392197e-01	2.012522740741549791e-03	1.000000000000000000e+00	9.159149500000000000e+07
2.991700000000000000e+04	6.544761959107824323e-01	2.011790626777087976e-03	1.000000000000000000e+00	9.159151200000000000e+07
2.993400000000000000e+04	6.536368319024342677e-01	2.016266335209999146e-03	1.000000000000000000e+00	9.159152900000000000e+07
2.995200000000000000e+04	6.554223309762136074e-01	2.014264852966721111e-03	1.000000000000000000e+00	9.159154700000000000e+07
2.996900000000000000e+04	6.555450942604043041e-01	2.166392327992109224e-03	1.000000000000000000e+00	9.159156400000000000e+07
2.998600000000000000e+04	6.562818323678284438e-01	2.268574066861306186e-03	1.000000000000000000e+00	9.159158100000000000e+07
3.000300000000000000e+04	6.502497238383150302e-01	2.003640242930119272e-03	1.000000000000000000e+00	9.159159800000000000e+07
3.002000000000000000e+04	6.563656781309950006e-01	2.040593461283731098e-03	1.000000000000000000e+00	9.159161500000000000e+07
3.003700000000000000e+04	6.537964831006209954e-01	2.012906584059780644e-03	1.000000000000000000e+00	9.159163200000000000e+07
3.005400000000000000e+04	6.566486639701551997e-01	2.018062782844689401e-03	1.000000000000000000e+00	9.159164900000000000e+07
3.007200000000000000e+04	6.549440636769821023e-01	2.016600839408665743e-03	1.000000000000000000e+00	9.159166700000000000e+07
3.008900000000000000e+04	6.533720888510190505e-01	2.014863234827186326e-03	1.000000000000000000e+00	9.159168400000000000e+07
3.010600000000000000e+04	6.548972487792703578e-01	2.021048460807017659e-03	1.000000000000000000e+00	9.159170100000000000e+07
3.012400000000000000e+04	6.557400848087073797e-01	2.027253267460226403e-03	1.000000000000000000e+00	9.159171900000000000e+07
3.014100000000000000e+04	6.546686215259076569e-01	2.022310540639952765e-03	1.000000000000000000e+00	9.159173600000000000e+07
3.015800000000000000e+04	6.578052696776334196e-01	2.175319855667856225e-03	1.000000000000000000e+00	9.159175300000000000e+07
3.017600000000000000e+04	6.563816353400715453e-01	2.275225170852711830e-03	1.000000000000000000e+00	9.159177100000000000e+07
3.019200000000000000e+04	6.548171458607787709e-01	2.016686887419871267e-03	1.000000000000000000e+00	9.159178700000000000e+07
3.020900000000000000e+04	6.554877859111203353e-01	2.018511044022804676e-03	1.000000000000000000e+00	9.159180400000000000e+07
3.022700000000000000e+04	6.545864704738751927e-01	2.016360435017916248e-03	1.000000000000000000e+00	9.159182200000000000e+07
3.024300000000000000e+04	6.555296117266905531e-01	2.028357569812063149e-03	1.000000000000000000e+00	9.159183800000000000e+07
3.026100000000000000e+04	6.547896304354656749e-01	2.018128983754295148e-03	1.000000000000000000e+00	9.159185600000000000e+07
3.027800000000000000e+04	6.562954230450059878e-01	2.020724528116218076e-03	1.000000000000000000e+00	9.159187300000000000e+07
3.029500000000000000e+04	6.542312084154211504e-01	2.017831660013726276e-03	1.000000000000000000e+00	9.159189000000000000e+07
3.038400000000000000e+04	6.544896877049211081e-01	2.018499737412879878e-03	1.000000000000000000e+00	9.159197900000000000e+07
3.040100000000000000e+04	6.579589401462624387e-01	2.016659673333605959e-03	1.000000000000000000e+00	9.159199600000000000e+07
3.041800000000000000e+04	6.579497213967888669e-01	2.165723490939410259e-03	1.000000000000000000e+00	9.159201300000000000e+07
3.043500000000000000e+04	6.566493563057453908e-01	2.266138792333091505e-03	1.000000000000000000e+00	9.159203000000000000e+07
3.045200000000000000e+04	6.552735989118831927e-01	2.008389914347547944e-03	1.000000000000000000e+00	9.159204700000000000e+07
3.046900000000000000e+04	6.573018010322929650e-01	2.015143461106056605e-03	1.000000000000000000e+00	9.159206400000000000e+07
3.048600000000000000e+04	6.570533737342719727e-01	2.016388064013895347e-03	1.000000000000000000e+00	9.159208100000000000e+07
3.050400000000000000e+04	6.537649884055919403e-01	2.016631959015950919e-03	1.000000000000000000e+00	9.159209900000000000e+07
3.052100000000000000e+04	6.573406054522265007e-01	2.020598647420538373e-03	1.000000000000000000e+00	9.159211600000000000e+07
3.053700000000000000e+04	6.563350504762145432e-01	2.017788466577394302e-03	1.000000000000000000e+00	9.159213200000000000e+07
3.055500000000000000e+04	6.564374084472468507e-01	2.019169004690323996e-03	1.000000000000000000e+00	9.159215000000000000e+07
3.057200000000000000e+04	6.565867232906716922e-01	2.023010475323977226e-03	1.000000000000000000e+00	9.159216700000000000e+07
3.059000000000000000e+04	6.568631805863129891e-01	2.018209746767562259e-03	1.000000000000000000e+00	9.159218500000000000e+07
3.060700000000000000e+04	6.608237548137790851e-01	2.173753466949637433e-03	1.000000000000000000e+00	9.159220200000000000e+07
3.062400000000000000e+04	6.539257514398360005e-01	2.258411265744178498e-03	1.000000000000000000e+00	9.159221900000000000e+07
3.064100000000000000e+04	6.546015920705245961e-01	2.006058729832517571e-03	1.000000000000000000e+00	9.159223600000000000e+07
3.065800000000000000e+04	6.581713614252701072e-01	2.021331448431496272e-03	1.000000000000000000e+00	9.159225300000000000e+07
3.067500000000000000e+04	6.566468080100911209e-01	2.018779986597306515e-03	1.000000000000000000e+00	9.159227000000000000e+07
3.069200000000000000e+04	6.582924558134786164e-01	2.023387958028160030e-03	1.000000000000000000e+00	9.159228700000000000e+07
3.070900000000000000e+04	6.558723517395053104e-01	2.011051419547863275e-03	1.000000000000000000e+00	9.159230400000000000e+07
3.072700000000000000e+04	6.584525786328176977e-01	2.019350408123404481e-03	1.000000000000000000e+00	9.159232200000000000e+07
3.074400000000000000e+04	6.548502958282573783e-01	2.012375983448850408e-03	1.000000000000000000e+00	9.159233900000000000e+07
3.076100000000000000e+04	6.556655497642024377e-01	2.035581930674285316e-03	1.000000000000000000e+00	9.159235600000000000e+07
3.077800000000000000e+04	6.560922239065581918e-01	2.024690362763671529e-03	1.000000000000000000e+00	9.159237300000000000e+07
3.079500000000000000e+04	6.606734979208073177e-01	2.174357666610962202e-03	1.000000000000000000e+00	9.159239000000000000e+07
3.081100000000000000e+04	6.564615285298112113e-01	2.266755212777965458e-03	1.000000000000000000e+00	9.159240600000000000e+07
3.082800000000000000e+04	6.541614081574419481e-01	2.008831180539137444e-03	1.000000000000000000e+00	9.159242300000000000e+07
3.084500000000000000e+04	6.569796493104819168e-01	2.029277785001629576e-03	1.000000000000000000e+00	9.159244000000000000e+07
3.086300000000000000e+04	6.550193021977465113e-01	2.011534990343988392e-03	1.000000000000000000e+00	9.159245800000000000e+07
3.088000000000000000e+04	6.573514287720519933e-01	2.025152671438874667e-03	1.000000000000000000e+00	9.159247500000000000e+07
3.089600000000000000e+04	6.545824275944220894e-01	2.014352896243175230e-03	1.000000000000000000e+00	9.159249100000000000e+07
3.091400000000000000e+04	6.609104318270193623e-01	2.034225375160650124e-03	1.000000000000000000e+00	9.159250900000000000e+07
3.093100000000000000e+04	6.561388300530652806e-01	2.019729066990725522e-03	1.000000000000000000e+00	9.159252600000000000e+07
3.094900000000000000e+04	6.567248826045075649e-01	2.026126648671268231e-03	1.000000000000000000e+00	9.159254400000000000e+07
3.096600000000000000e+04	6.561974341457583737e-01	2.019361344628268096e-03	1.000000000000000000e+00	9.159256100000000000e+07
3.098300000000000000e+04	6.545895554062145516e-01	2.168122299863340513e-03	1.000000000000000000e+00	9.159257800000000000e+07
3.100000000000000000e+04	6.563043189192132587e-01	2.285245894944202064e-03	1.000000000000000000e+00	9.159259500000000000e+07
3.101700000000000000e+04	6.541215639554669448e-01	2.018140534833080466e-03	1.000000000000000000e+00	9.159261200000000000e+07
3.103500000000000000e+04	6.527533079510939862e-01	2.009451890281834571e-03	1.000000000000000000e+00	9.159263000000000000e+07
3.105200000000000000e+04	6.556599554303701449e-01	2.012652188241785198e-03	1.000000000000000000e+00	9.159264700000000000e+07
3.106900000000000000e+04	6.578430291350878534e-01	2.024157359415208052e-03	1.000000000000000000e+00	9.159266400000000000e+07
3.108600000000000000e+04	6.561240957178839928e-01	2.023913300586709617e-03	1.000000000000000000e+00	9.159268100000000000e+07
3.110400000000000000e+04	6.589571908225521080e-01	2.023735678733300930e-03	1.000000000000000000e+00	9.159269900000000000e+07
3.112100000000000000e+04	6.537229381951599194e-01	2.013964407785507216e-03	1.000000000000000000e+00	9.159271600000000000e+07
3.113800000000000000e+04	6.531663884132100639e-01	2.018553096299884487e-03	1.000000000000000000e+00	9.159273300000000000e+07
3.115600000000000000e+04	6.561014700492491247e-01	2.013322808369896744e-03	1.000000000000000000e+00	9.159275100000000000e+07
3.117300000000000000e+04	6.581003806819617497e-01	2.170051277143410749e-03	1.000000000000000000e+00	9.159276800000000000e+07
3.119000000000000000e+04	6.562756539903759068e-01	2.266296021834330460e-03	1.000000000000000000e+00	9.159278500000000000e+07
3.120700000000000000e+04	6.547518957051309263e-01	2.017539237920026179e-03	1.000000000000000000e+00	9.159280200000000000e+07
3.122500000000000000e+04	6.550483182375992364e-01	2.045106903737625194e-03	1.000000000000000000e+00	9.159282000000000000e+07
3.124200000000000000e+04	6.535310453179701273e-01	2.009953620262726684e-03	1.000000000000000000e+00	9.159283700000000000e+07
3.125900000000000000e+04	6.550207344700178513e-01	2.014642787347798586e-03	1.000000000000000000e+00	9.159285400000000000e+07
3.127600000000000000e+04	6.544757763599324818e-01	2.015543697584872961e-03	1.000000000000000000e+00	9.159287100000000000e+07
3.129300000000000000e+04	6.528246992263524451e-01	2.005611518629744645e-03	1.000000000000000000e+00	9.159288800000000000e+07
3.131000000000000000e+04	6.548317209563047081e-01	2.009310173635942259e-03	1.000000000000000000e+00	9.159290500000000000e+07
3.139900000000000000e+04	6.545582685187217864e-01	2.021225288646746887e-03	1.000000000000000000e+00	9.159299400000000000e+07
3.141600000000000000e+04	6.565049045891007129e-01	2.003603135401612733e-03	1.000000000000000000e+00	9.159301100000000000e+07
3.143300000000000000e+04	6.544037315893450613e-01	2.147916855966589857e-03	1.000000000000000000e+00	9.159302800000000000e+07
3.145100000000000000e+04	6.586201916683447344e-01	2.264361271621383263e-03	1.000000000000000000e+00	9.159304600000000000e+07
3.146800000000000000e+04	6.543672266012878769e-01	1.998317237889639733e-03	1.000000000000000000e+00	9.159306300000000000e+07
3.148500000000000000e+04	6.575259183490061998e-01	2.011467682977806978e-03	1.000000000000000000e+00	9.159308000000000000e+07
3.150200000000000000e+04	6.566440370298334273e-01	2.004983453985238837e-03	1.000000000000000000e+00	9.159309700000000000e+07
3.151900000000000000e+04	6.587259367253962550e-01	2.014314384723485830e-03	1.000000000000000000e+00	9.159311400000000000e+07
3.153600000000000000e+04	6.569464616638824861e-01	2.007902925389796686e-03	1.000000000000000000e+00	9.159313100000000000e+07
3.155300000000000000e+04	6.572613689801041215e-01	2.008939167551666936e-03	1.000000000000000000e+00	9.159314800000000000e+07
3.157000000000000000e+04	6.541274589853679489e-01	2.001225901769823883e-03	1.000000000000000000e+00	9.159316500000000000e+07
3.158800000000000000e+04	6.555689621141108647e-01	2.012267669769294588e-03	1.000000000000000000e+00	9.159318300000000000e+07
3.160500000000000000e+04	6.570849379216286978e-01	2.012115755412810948e-03	1.000000000000000000e+00	9.159320000000000000e+07
3.162100000000000000e+04	6.575550406350556543e-01	2.162808960240401087e-03	1.000000000000000000e+00	9.159321600000000000e+07
3.163900000000000000e+04	6.547723259834045129e-01	2.252803493142413460e-03	1.000000000000000000e+00	9.159323400000000000e+07
3.165600000000000000e+04	6.565330685603947281e-01	2.008675652295729280e-03	1.000000000000000000e+00	9.159325100000000000e+07
3.167300000000000000e+04	6.602765913575725509e-01	2.023098046796282211e-03	1.000000000000000000e+00	9.159326800000000000e+07
3.168900000000000000e+04	6.526669439695443886e-01	1.998681599888791835e-03	1.000000000000000000e+00	9.159328400000000000e+07
3.170700000000000000e+04	6.535958532083958605e-01	2.003442334162323056e-03	1.000000000000000000e+00	9.159330200000000000e+07
3.172400000000000000e+04	6.567077237636785858e-01	2.006794729784621735e-03	1.000000000000000000e+00	9.159331900000000000e+07
3.174100000000000000e+04	6.518748551737011399e-01	1.997638122382471276e-03	1.000000000000000000e+00	9.159333600000000000e+07
3.175800000000000000e+04	6.534694091003256933e-01	2.007539391816576171e-03	1.000000000000000000e+00	9.159335300000000000e+07
3.177500000000000000e+04	6.562267095246523407e-01	2.010418933797028344e-03	1.000000000000000000e+00	9.159337000000000000e+07
3.179200000000000000e+04	6.542796090063682790e-01	2.002519955395245903e-03	1.000000000000000000e+00	9.159338700000000000e+07
3.181000000000000000e+04	6.558919336330906180e-01	2.206748107654022111e-03	1.000000000000000000e+00	9.159340500000000000e+07
3.182600000000000000e+04	6.578223411402969178e-01	2.264861839972300440e-03	1.000000000000000000e+00	9.159342100000000000e+07
3.184300000000000000e+04	6.535255328783545758e-01	1.996052478889277521e-03	1.000000000000000000e+00	9.159343800000000000e+07
3.186000000000000000e+04	6.571772991704231126e-01	2.010374002644936455e-03	1.000000000000000000e+00	9.159345500000000000e+07
3.187800000000000000e+04	6.546449083812664327e-01	2.006011841583487613e-03	1.000000000000000000e+00	9.159347300000000000e+07
3.189500000000000000e+04	6.580082932282945718e-01	2.016647814706514809e-03	1.000000000000000000e+00	9.159349000000000000e+07
3.191200000000000000e+04	6.550983360915625386e-01	2.003754974163920923e-03	1.000000000000000000e+00	9.159350700000000000e+07
3.192900000000000000e+04	6.544014271170807140e-01	2.006883197973077706e-03	1.000000000000000000e+00	9.159352400000000000e+07
3.194600000000000000e+04	6.554087200906090205e-01	2.012594508809072927e-03	1.000000000000000000e+00	9.159354100000000000e+07
3.196400000000000000e+04	6.549411444765140811e-01	2.015740041168970383e-03	1.000000000000000000e+00	9.159355900000000000e+07
3.198100000000000000e+04	6.587339087076015121e-01	2.019219097001617724e-03	1.000000000000000000e+00	9.159357600000000000e+07
3.199900000000000000e+04	6.561540719458188731e-01	2.159928871583206410e-03	1.000000000000000000e+00	9.159359400000000000e+07
3.201600000000000000e+04	6.581047674752806831e-01	2.270048903349820065e-03	1.000000000000000000e+00	9.159361100000000000e+07
3.203300000000000000e+04	6.549948227529687195e-01	2.012262594329124882e-03	1.000000000000000000e+00	9.159362800000000000e+07
3.205100000000000000e+04	6.548516838341984503e-01	2.016643068405192356e-03	1.000000000000000000e+00	9.159364600000000000e+07
3.206800000000000000e+04	6.568390478485105488e-01	2.018952248509711580e-03	1.000000000000000000e+00	9.159366300000000000e+07
3.208500000000000000e+04	6.575827281672381730e-01	2.024189243630408405e-03	1.000000000000000000e+00	9.159368000000000000e+07
3.210300000000000000e+04	6.547710859946649364e-01	2.014146944180803932e-03	1.000000000000000000e+00	9.159369800000000000e+07
3.212000000000000000e+04	6.570116575901732148e-01	2.018758866008957958e-03	1.000000000000000000e+00	9.159371500000000000e+07
3.213700000000000000e+04	6.544268190100775984e-01	2.017842023535313615e-03	1.000000000000000000e+00	9.159373200000000000e+07
3.215400000000000000e+04	6.526032233632063084e-01	2.015132821483031980e-03	1.000000000000000000e+00	9.159374900000000000e+07
3.217100000000000000e+04	6.568926262635575997e-01	2.023217855726067160e-03	1.000000000000000000e+00	9.159376600000000000e+07
3.218800000000000000e+04	6.561553882350211753e-01	2.168026411219737930e-03	1.000000000000000000e+00	9.159378300000000000e+07
3.220500000000000000e+04	6.565122443662859686e-01	2.274354062181996230e-03	1.000000000000000000e+00	9.159380000000000000e+07
3.222300000000000000e+04	6.537623281131701436e-01	2.019791762956995706e-03	1.000000000000000000e+00	9.159381800000000000e+07
3.224000000000000000e+04	6.570717325061271596e-01	2.020842214460985987e-03	1.000000000000000000e+00	9.159383500000000000e+07
3.225700000000000000e+04	6.579990006220686194e-01	2.023116500175921664e-03	1.000000000000000000e+00	9.159385200000000000e+07
3.227400000000000000e+04	6.560012016164455950e-01	2.024223027844254154e-03	1.000000000000000000e+00	9.159386900000000000e+07
3.229100000000000000e+04	6.559320148343213974e-01	2.029396547907247501e-03	1.000000000000000000e+00	9.159388600000000000e+07
3.230800000000000000e+04	6.557757538482036352e-01	2.022526924893598525e-03	1.000000000000000000e+00	9.159390300000000000e+07
3.232500000000000000e+04	6.535225680946988858e-01	2.201779552403729159e-03	1.000000000000000000e+00	9.159392000000000000e+07
3.241800000000000000e+04	6.558747437782205258e-01	2.018787450019851864e-03	1.000000000000000000e+00	9.159401300000000000e+07
3.243500000000000000e+04	6.600074140450575833e-01	2.024899697553966121e-03	1.000000000000000000e+00	9.159403000000000000e+07
3.245200000000000000e+04	6.547952849329256031e-01	2.165364362249869775e-03	1.000000000000000000e+00	9.159404700000000000e+07
3.246900000000000000e+04	6.572584038922640870e-01	2.267323999247693612e-03	1.000000000000000000e+00	9.159406400000000000e+07
3.248600000000000000e+04	6.531008514428903178e-01	2.005197379074816905e-03	1.000000000000000000e+00	9.159408100000000000e+07
3.250300000000000000e+04	6.587026959859716424e-01	2.024610706908097635e-03	1.000000000000000000e+00	9.159409800000000000e+07
3.252000000000000000e+04	6.568695562390268750e-01	2.015907166629052078e-03	1.000000000000000000e+00	9.159411500000000000e+07
3.253700000000000000e+04	6.559679232862802856e-01	2.021843077271587730e-03	1.000000000000000000e+00	9.159413200000000000e+07
3.255400000000000000e+04	6.569577444575073200e-01	2.019167026189527207e-03	1.000000000000000000e+00	9.159414900000000000e+07
3.257000000000000000e+04	6.551615647020359035e-01	2.017236363901910717e-03	1.000000000000000000e+00	9.159416500000000000e+07
3.258800000000000000e+04	6.531719957305219815e-01	2.019423678795066388e-03	1.000000000000000000e+00	9.159418300000000000e+07
3.260500000000000000e+04	6.538397180069969172e-01	2.015689954463687102e-03	1.000000000000000000e+00	9.159420000000000000e+07
3.262300000000000000e+04	6.560915836453241612e-01	2.021019212377103084e-03	1.000000000000000000e+00	9.159421800000000000e+07
3.264000000000000000e+04	6.584421305770480348e-01	2.172664438018447400e-03	1.000000000000000000e+00	9.159423500000000000e+07
3.265700000000000000e+04	6.584454318449803889e-01	2.291555094208562633e-03	1.000000000000000000e+00	9.159425200000000000e+07
3.267500000000000000e+04	6.560043923290483914e-01	2.020909493023090656e-03	1.000000000000000000e+00	9.159427000000000000e+07
3.269100000000000000e+04	6.580082460655867216e-01	2.028229942291689437e-03	1.000000000000000000e+00	9.159428600000000000e+07
3.270800000000000000e+04	6.575020019876764987e-01	2.023507997396697261e-03	1.000000000000000000e+00	9.159430300000000000e+07
3.272500000000000000e+04	6.548635455287875606e-01	2.035055242691909128e-03	1.000000000000000000e+00	9.159432000000000000e+07
3.274200000000000000e+04	6.539458457253567447e-01	2.206895540937256310e-03	1.000000000000000000e+00	9.159433700000000000e+07
3.275900000000000000e+04	6.543686919682097924e-01	2.018610178215496289e-03	1.000000000000000000e+00	9.159435400000000000e+07
3.277600000000000000e+04	6.568373975303195555e-01	2.026245014284182213e-03	1.000000000000000000e+00	9.159437100000000000e+07
3.279300000000000000e+04	6.552028737781806500e-01	2.023877433852309428e-03	1.000000000000000000e+00	9.159438800000000000e+07
3.281100000000000000e+04	6.567112700824572213e-01	2.031767339081649339e-03	1.000000000000000000e+00	9.159440600000000000e+07
3.282800000000000000e+04	6.566163487038897406e-01	2.173590997778692552e-03	1.000000000000000000e+00	9.159442300000000000e+07
3.284500000000000000e+04	6.576401156300218931e-01	2.271098364524637078e-03	1.000000000000000000e+00	9.159444000000000000e+07
3.286300000000000000e+04	6.555756892739753594e-01	2.020910289925821092e-03	1.000000000000000000e+00	9.159445800000000000e+07
3.288000000000000000e+04	6.601532304819416330e-01	2.029037298759021890e-03	1.000000000000000000e+00	9.159447500000000000e+07
3.289700000000000000e+04	6.540755348733128249e-01	2.010004108565301411e-03	1.000000000000000000e+00	9.159449200000000000e+07
3.291400000000000000e+04	6.551520803822092898e-01	2.014202702207217813e-03	1.000000000000000000e+00	9.159450900000000000e+07
3.293100000000000000e+04	6.578324836281318477e-01	2.023549544245681862e-03	1.000000000000000000e+00	9.159452600000000000e+07
3.294800000000000000e+04	6.558393992399079719e-01	2.297625085539926025e-03	1.000000000000000000e+00	9.159454300000000000e+07
3.296500000000000000e+04	6.549761827204497733e-01	2.014160487147122636e-03	1.000000000000000000e+00	9.159456000000000000e+07
3.298200000000000000e+04	6.580120214466069761e-01	2.020279079629203230e-03	1.000000000000000000e+00	9.159457700000000000e+07
3.300000000000000000e+04	6.565043106068836343e-01	2.016170249853668859e-03	1.000000000000000000e+00	9.159459500000000000e+07
3.301700000000000000e+04	6.561384738003191996e-01	2.161146891199055165e-03	1.000000000000000000e+00	9.159461200000000000e+07
3.303400000000000000e+04	6.569361802369703129e-01	2.277339143285312187e-03	1.000000000000000000e+00	9.159462900000000000e+07
3.305000000000000000e+04	6.588080014933030970e-01	2.026182065780602389e-03	1.000000000000000000e+00	9.159464500000000000e+07
3.306800000000000000e+04	6.568572794697101758e-01	2.023226085686196784e-03	1.000000000000000000e+00	9.159466300000000000e+07
3.308500000000000000e+04	6.538274394568749370e-01	2.013299724636779912e-03	1.000000000000000000e+00	9.159468000000000000e+07
3.310200000000000000e+04	6.573965601280961080e-01	2.027037545059963940e-03	1.000000000000000000e+00	9.159469700000000000e+07
3.311900000000000000e+04	6.543171797191996708e-01	2.222450836095823164e-03	1.000000000000000000e+00	9.159471400000000000e+07
3.313600000000000000e+04	6.558328091880832877e-01	2.014501041189867628e-03	1.000000000000000000e+00	9.159473100000000000e+07
3.315300000000000000e+04	6.533814364639796146e-01	2.015652702716180539e-03	1.000000000000000000e+00	9.159474800000000000e+07
3.317100000000000000e+04	6.548696157367364101e-01	2.023915953209887153e-03	1.000000000000000000e+00	9.159476600000000000e+07
3.318800000000000000e+04	6.569119166268750920e-01	2.022392987269010928e-03	1.000000000000000000e+00	9.159478300000000000e+07
3.320600000000000000e+04	6.580180057871863886e-01	2.176466624003033437e-03	1.000000000000000000e+00	9.159480100000000000e+07
3.322300000000000000e+04	6.584507304852178500e-01	2.273630758251421295e-03	1.000000000000000000e+00	9.159481800000000000e+07
3.324000000000000000e+04	6.550280470508755837e-01	2.011019687604718564e-03	1.000000000000000000e+00	9.159483500000000000e+07
3.325800000000000000e+04	6.556678335270317293e-01	2.018822394284761502e-03	1.000000000000000000e+00	9.159485300000000000e+07
3.327400000000000000e+04	6.566761865600774239e-01	2.232029236383539436e-03	1.000000000000000000e+00	9.159486900000000000e+07
3.329100000000000000e+04	6.576116914296769034e-01	2.023930721903147243e-03	1.000000000000000000e+00	9.159488600000000000e+07
3.330800000000000000e+04	6.553031845270240741e-01	2.265157067332143181e-03	1.000000000000000000e+00	9.159490300000000000e+07
3.332500000000000000e+04	6.584192087537558136e-01	2.026484879862805715e-03	1.000000000000000000e+00	9.159492000000000000e+07
3.334300000000000000e+04	6.553754456509912618e-01	2.032639347630265433e-03	1.000000000000000000e+00	9.159493800000000000e+07
3.343100000000000000e+04	6.564767631234367240e-01	2.025591789270587452e-03	1.000000000000000000e+00	9.159502600000000000e+07
3.344800000000000000e+04	6.582433669689937705e-01	2.019438379398327994e-03	1.000000000000000000e+00	9.159504300000000000e+07
3.346500000000000000e+04	6.566461224046702405e-01	2.171599941220721339e-03	1.000000000000000000e+00	9.159506000000000000e+07
3.348300000000000000e+04	6.560501680397834434e-01	2.268736056564474388e-03	1.000000000000000000e+00	9.159507800000000000e+07
3.350000000000000000e+04	6.522459416389855269e-01	2.008151401746531128e-03	1.000000000000000000e+00	9.159509500000000000e+07
3.351700000000000000e+04	6.582697557272605415e-01	2.027926609017421337e-03	1.000000000000000000e+00	9.159511200000000000e+07
3.353400000000000000e+04	6.546055202100258263e-01	2.018003411212299873e-03	1.000000000000000000e+00	9.159512900000000000e+07
3.355100000000000000e+04	6.571962125784148734e-01	2.035043151031046445e-03	1.000000000000000000e+00	9.159514600000000000e+07
3.356700000000000000e+04	6.554115802608504460e-01	2.265335275134156608e-03	1.000000000000000000e+00	9.159516200000000000e+07
3.358500000000000000e+04	6.543764980131503428e-01	2.014770924831529430e-03	1.000000000000000000e+00	9.159518000000000000e+07
3.360200000000000000e+04	6.543174442108656841e-01	2.020192144153200309e-03	1.000000000000000000e+00	9.159519700000000000e+07
3.362000000000000000e+04	6.548310123945412231e-01	2.023960625316369860e-03	1.000000000000000000e+00	9.159521500000000000e+07
3.363600000000000000e+04	6.529001363140582992e-01	2.016502469332390104e-03	1.000000000000000000e+00	9.159523100000000000e+07
3.365300000000000000e+04	6.611441630718927209e-01	2.177135970689008521e-03	1.000000000000000000e+00	9.159524800000000000e+07
3.367100000000000000e+04	6.561893251182805420e-01	2.269000136199219621e-03	1.000000000000000000e+00	9.159526600000000000e+07
3.368800000000000000e+04	6.547880611335779033e-01	2.014665542142757022e-03	1.000000000000000000e+00	9.159528300000000000e+07
3.370500000000000000e+04	6.556463098642590914e-01	2.019781193298126644e-03	1.000000000000000000e+00	9.159530000000000000e+07
3.372200000000000000e+04	6.579393243859921192e-01	2.028586916965831582e-03	1.000000000000000000e+00	9.159531700000000000e+07
3.373900000000000000e+04	6.564819438031570531e-01	2.019392257497295683e-03	1.000000000000000000e+00	9.159533400000000000e+07
3.375600000000000000e+04	6.532905349685408369e-01	2.024464887119898065e-03	1.000000000000000000e+00	9.159535100000000000e+07
3.377300000000000000e+04	6.558260901842933865e-01	2.023171460440995918e-03	1.000000000000000000e+00	9.159536800000000000e+07
3.379000000000000000e+04	6.537394372708351664e-01	2.015287540541648922e-03	1.000000000000000000e+00	9.159538500000000000e+07
3.380700000000000000e+04	6.590064765440104555e-01	2.030208050293819816e-03	1.000000000000000000e+00	9.159540200000000000e+07
3.382400000000000000e+04	6.578891855106425712e-01	2.259067599629372650e-03	1.000000000000000000e+00	9.159541900000000000e+07
3.384100000000000000e+04	6.577480283946102180e-01	2.173874616415372423e-03	1.000000000000000000e+00	9.159543600000000000e+07
3.385800000000000000e+04	6.556493442464810251e-01	2.509642296782692468e-03	1.000000000000000000e+00	9.159545300000000000e+07
3.387500000000000000e+04	6.525331539498417932e-01	2.012125249226513150e-03	1.000000000000000000e+00	9.159547000000000000e+07
3.389200000000000000e+04	6.593064871243602409e-01	2.026490738568498609e-03	1.000000000000000000e+00	9.159548700000000000e+07
3.390900000000000000e+04	6.552588967033242673e-01	2.016637698765035361e-03	1.000000000000000000e+00	9.159550400000000000e+07
3.392600000000000000e+04	6.573242582053707705e-01	2.025217868415361486e-03	1.000000000000000000e+00	9.159552100000000000e+07
3.394300000000000000e+04	6.561037532741783584e-01	2.024101829014874048e-03	1.000000000000000000e+00	9.159553800000000000e+07
3.396000000000000000e+04	6.529537248187100573e-01	2.022488626994828689e-03	1.000000000000000000e+00	9.159555500000000000e+07
3.397800000000000000e+04	6.522971683378571139e-01	2.019665072927154682e-03	1.000000000000000000e+00	9.159557300000000000e+07
3.399500000000000000e+04	6.551321902340427883e-01	2.025547181505453834e-03	1.000000000000000000e+00	9.159559000000000000e+07
3.401200000000000000e+04	6.577184696250296669e-01	2.028474879818383241e-03	1.000000000000000000e+00	9.159560700000000000e+07
3.403000000000000000e+04	6.590282773573745700e-01	2.438181131521268471e-03	1.000000000000000000e+00	9.159562500000000000e+07
3.404600000000000000e+04	6.548398817744011113e-01	2.277828190655736829e-03	1.000000000000000000e+00	9.159564100000000000e+07
3.406300000000000000e+04	6.580026973068547891e-01	2.027029840185801644e-03	1.000000000000000000e+00	9.159565800000000000e+07
3.408100000000000000e+04	6.589868836366896687e-01	2.028365099625060661e-03	1.000000000000000000e+00	9.159567600000000000e+07
3.409800000000000000e+04	6.576875681732134993e-01	2.024913571687828300e-03	1.000000000000000000e+00	9.159569300000000000e+07
3.411400000000000000e+04	6.556184735761743099e-01	2.312556436652760290e-03	1.000000000000000000e+00	9.159570900000000000e+07
3.413200000000000000e+04	6.567271615481383717e-01	2.018701571307574948e-03	1.000000000000000000e+00	9.159572700000000000e+07
3.414900000000000000e+04	6.573498458617866858e-01	2.020321695414728676e-03	1.000000000000000000e+00	9.159574400000000000e+07
3.416600000000000000e+04	6.573025167550851089e-01	2.019454047529651176e-03	1.000000000000000000e+00	9.159576100000000000e+07
3.418400000000000000e+04	6.576071631217240698e-01	2.024086031861701239e-03	1.000000000000000000e+00	9.159577900000000000e+07
3.420200000000000000e+04	6.604301433631496465e-01	2.023756583589413592e-03	1.000000000000000000e+00	9.159579700000000000e+07
3.421900000000000000e+04	6.565363326040846159e-01	2.167304242619206515e-03	1.000000000000000000e+00	9.159581400000000000e+07
3.423500000000000000e+04	6.560254239861664782e-01	2.270027927935180066e-03	1.000000000000000000e+00	9.159583000000000000e+07
3.425200000000000000e+04	6.568580773313742460e-01	2.018492113768825293e-03	1.000000000000000000e+00	9.159584700000000000e+07
3.427000000000000000e+04	6.584093546166273070e-01	2.023700685886065630e-03	1.000000000000000000e+00	9.159586500000000000e+07
3.428600000000000000e+04	6.577902197244691607e-01	2.022573905067842452e-03	1.000000000000000000e+00	9.159588100000000000e+07
3.430300000000000000e+04	6.587227307889272909e-01	2.025312387413615110e-03	1.000000000000000000e+00	9.159589800000000000e+07
3.432000000000000000e+04	6.568974786302012037e-01	2.019309576554229654e-03	1.000000000000000000e+00	9.159591500000000000e+07
3.433700000000000000e+04	6.564397473383483117e-01	2.235502708545237562e-03	1.000000000000000000e+00	9.159593200000000000e+07
3.435400000000000000e+04	6.565578085654167895e-01	2.024488586984247301e-03	1.000000000000000000e+00	9.159594900000000000e+07
3.444200000000000000e+04	6.571048766763095683e-01	2.015142157095220661e-03	1.000000000000000000e+00	9.159603700000000000e+07
3.445900000000000000e+04	6.551979095665337871e-01	2.011104578536055103e-03	1.000000000000000000e+00	9.159605400000000000e+07
3.447600000000000000e+04	6.587694246193867009e-01	2.158410404066574400e-03	1.000000000000000000e+00	9.159607100000000000e+07
3.449300000000000000e+04	6.578426470226208522e-01	2.261044417438252616e-03	1.000000000000000000e+00	9.159608800000000000e+07
3.451000000000000000e+04	6.585451490569848021e-01	2.019659017385042662e-03	1.000000000000000000e+00	9.159610500000000000e+07
3.452700000000000000e+04	6.582933660030212408e-01	2.020633198365298124e-03	1.000000000000000000e+00	9.159612200000000000e+07
3.454400000000000000e+04	6.518165467030203608e-01	1.999704687958474628e-03	1.000000000000000000e+00	9.159613900000000000e+07
3.456100000000000000e+04	6.574937382098406946e-01	2.016339932160305347e-03	1.000000000000000000e+00	9.159615600000000000e+07
3.457800000000000000e+04	6.570361848170878094e-01	2.010866838284148736e-03	1.000000000000000000e+00	9.159617300000000000e+07
3.459500000000000000e+04	6.589670208233900928e-01	2.265650229158546435e-03	1.000000000000000000e+00	9.159619000000000000e+07
3.461300000000000000e+04	6.543318342939375976e-01	2.007579546109650344e-03	1.000000000000000000e+00	9.159620800000000000e+07
3.463100000000000000e+04	6.549981623402901798e-01	2.018557828588501881e-03	1.000000000000000000e+00	9.159622600000000000e+07
3.464700000000000000e+04	6.569524321305447723e-01	2.010582199024534174e-03	1.000000000000000000e+00	9.159624200000000000e+07
3.466400000000000000e+04	6.557550499010651457e-01	2.161953055011290540e-03	1.000000000000000000e+00	9.159625900000000000e+07
3.468200000000000000e+04	6.559830838027724820e-01	2.263655621512489311e-03	1.000000000000000000e+00	9.159627700000000000e+07
3.469800000000000000e+04	6.543356207791620749e-01	2.007698040375806899e-03	1.000000000000000000e+00	9.159629300000000000e+07
3.471500000000000000e+04	6.565760304245040757e-01	2.025504731641352557e-03	1.000000000000000000e+00	9.159631000000000000e+07
3.473200000000000000e+04	6.549843648828215237e-01	2.009285116287795776e-03	1.000000000000000000e+00	9.159632700000000000e+07
3.475000000000000000e+04	6.582861621410788233e-01	2.023132039954406939e-03	1.000000000000000000e+00	9.159634500000000000e+07
3.476700000000000000e+04	6.540779715829895258e-01	2.017679071160164220e-03	1.000000000000000000e+00	9.159636200000000000e+07
3.478400000000000000e+04	6.584720378307795663e-01	2.055302260164480407e-03	1.000000000000000000e+00	9.159637900000000000e+07
3.480100000000000000e+04	6.553784433749015870e-01	2.025649501045492882e-03	1.000000000000000000e+00	9.159639600000000000e+07
3.481900000000000000e+04	6.579864970721424067e-01	2.025257891965893432e-03	1.000000000000000000e+00	9.159641400000000000e+07
3.483600000000000000e+04	6.554090491410456965e-01	2.019535265713842676e-03	1.000000000000000000e+00	9.159643100000000000e+07
3.485400000000000000e+04	6.572000259087910079e-01	2.168204913060601917e-03	1.000000000000000000e+00	9.159644900000000000e+07
3.487000000000000000e+04	6.563421673745281071e-01	2.269948730846870367e-03	1.000000000000000000e+00	9.159646500000000000e+07
3.488700000000000000e+04	6.543507537581123579e-01	2.015086198807351792e-03	1.000000000000000000e+00	9.159648200000000000e+07
3.490400000000000000e+04	6.561649146492312124e-01	2.017920362704208551e-03	1.000000000000000000e+00	9.159649900000000000e+07
3.492100000000000000e+04	6.549049167481960643e-01	2.021627533020382405e-03	1.000000000000000000e+00	9.159651600000000000e+07
3.493800000000000000e+04	6.556744839330104213e-01	2.016245582829831549e-03	1.000000000000000000e+00	9.159653300000000000e+07
3.495500000000000000e+04	6.543646665310625110e-01	2.014943929957739664e-03	1.000000000000000000e+00	9.159655000000000000e+07
3.497200000000000000e+04	6.573736655294226683e-01	2.026842944451745596e-03	1.000000000000000000e+00	9.159656700000000000e+07
3.498900000000000000e+04	6.528707475756639900e-01	2.015901723022328271e-03	1.000000000000000000e+00	9.159658400000000000e+07
3.500700000000000000e+04	6.561056322068178348e-01	2.029657022436507762e-03	1.000000000000000000e+00	9.159660200000000000e+07
3.502400000000000000e+04	6.572002464359046892e-01	2.024538072280084901e-03	1.000000000000000000e+00	9.159661900000000000e+07
3.504100000000000000e+04	6.564141722204394069e-01	2.181814405898738034e-03	1.000000000000000000e+00	9.159663600000000000e+07
3.505800000000000000e+04	6.530651751126405058e-01	2.489482741390415532e-03	1.000000000000000000e+00	9.159665300000000000e+07
3.507500000000000000e+04	6.550989030473328700e-01	2.016502445510377599e-03	1.000000000000000000e+00	9.159667000000000000e+07
3.509200000000000000e+04	6.541841328494879537e-01	2.027270592142283410e-03	1.000000000000000000e+00	9.159668700000000000e+07
3.510800000000000000e+04	6.566878327353473654e-01	2.248231948009410397e-03	1.000000000000000000e+00	9.159670300000000000e+07
3.512500000000000000e+04	6.581618731098805020e-01	2.025110089216669313e-03	1.000000000000000000e+00	9.159672000000000000e+07
3.514200000000000000e+04	6.550711409986770262e-01	2.023148872056586452e-03	1.000000000000000000e+00	9.159673700000000000e+07
3.515900000000000000e+04	6.557065556975557596e-01	2.022590368014480760e-03	1.000000000000000000e+00	9.159675400000000000e+07
3.517600000000000000e+04	6.567327782953028548e-01	2.020353316087388808e-03	1.000000000000000000e+00	9.159677100000000000e+07
3.519300000000000000e+04	6.540278641004956262e-01	2.023620860646696985e-03	1.000000000000000000e+00	9.159678800000000000e+07
3.521000000000000000e+04	6.572511400896782208e-01	2.027769917163850088e-03	1.000000000000000000e+00	9.159680500000000000e+07
3.522700000000000000e+04	6.575887760442308272e-01	2.173907680664049959e-03	1.000000000000000000e+00	9.159682200000000000e+07
3.524300000000000000e+04	6.558494397606927651e-01	2.272525305190988432e-03	1.000000000000000000e+00	9.159683800000000000e+07
3.526000000000000000e+04	6.558177656433354930e-01	2.017283649186594596e-03	1.000000000000000000e+00	9.159685500000000000e+07
3.527800000000000000e+04	6.562785676448464889e-01	2.023035304475940838e-03	1.000000000000000000e+00	9.159687300000000000e+07
3.529400000000000000e+04	6.559404826511828768e-01	2.017813645037464226e-03	1.000000000000000000e+00	9.159688900000000000e+07
3.531100000000000000e+04	6.546186866323213671e-01	2.023569732515358068e-03	1.000000000000000000e+00	9.159690600000000000e+07
3.532800000000000000e+04	6.572315603323874988e-01	2.283366042190869936e-03	1.000000000000000000e+00	9.159692300000000000e+07
3.534500000000000000e+04	6.562212629712378398e-01	2.024800408035916464e-03	1.000000000000000000e+00	9.159694000000000000e+07
3.536200000000000000e+04	6.555485312249547114e-01	2.289478824866906289e-03	1.000000000000000000e+00	9.159695700000000000e+07
3.545500000000000000e+04	6.570750087348943280e-01	2.286192404098576908e-03	1.000000000000000000e+00	9.159705000000000000e+07
3.547200000000000000e+04	6.595238796995763764e-01	2.023816682751383104e-03	1.000000000000000000e+00	9.159706700000000000e+07
3.548800000000000000e+04	6.582641938313944507e-01	2.173988788775782933e-03	1.000000000000000000e+00	9.159708300000000000e+07
3.550500000000000000e+04	6.564559557613949270e-01	2.547200226325936623e-03	1.000000000000000000e+00	9.159710000000000000e+07
3.552200000000000000e+04	6.569209574183609845e-01	2.011579302657327470e-03	1.000000000000000000e+00	9.159711700000000000e+07
3.553900000000000000e+04	6.562881053251994334e-01	2.017443327685036931e-03	1.000000000000000000e+00	9.159713400000000000e+07
3.849100000000000000e+04	8.738069103226967504e-01	2.532577139899671106e-03	1.000000000000000000e+00	9.160008600000000000e+07
3.850800000000000000e+04	6.738305843505850712e-01	2.060496380582016191e-03	1.000000000000000000e+00	9.160010300000000000e+07
3.852500000000000000e+04	6.763049785592577523e-01	2.061495195462147330e-03	1.000000000000000000e+00	9.160012000000000000e+07
3.854200000000000000e+04	6.757169473130286708e-01	2.066394113640364089e-03	1.000000000000000000e+00	9.160013700000000000e+07
3.855900000000000000e+04	6.749849172956552401e-01	2.070126502614124189e-03	1.000000000000000000e+00	9.160015400000000000e+07
3.857600000000000000e+04	6.715189513853632164e-01	2.063796496951164367e-03	1.000000000000000000e+00	9.160017100000000000e+07
3.859300000000000000e+04	6.707465726409498341e-01	2.257651440175226839e-03	1.000000000000000000e+00	9.160018800000000000e+07
3.861000000000000000e+04	6.740263731977164108e-01	2.209071742708018302e-03	1.000000000000000000e+00	9.160020500000000000e+07
3.862700000000000000e+04	6.739907735829401281e-01	2.318856465614069218e-03	1.000000000000000000e+00	9.160022200000000000e+07
3.864400000000000000e+04	6.744485484844999768e-01	2.058056140713868890e-03	1.000000000000000000e+00	9.160023900000000000e+07
3.866100000000000000e+04	6.752183248732821497e-01	2.065284022347140327e-03	1.000000000000000000e+00	9.160025600000000000e+07
3.867700000000000000e+04	6.749768149020589636e-01	2.267265725212776195e-03	1.000000000000000000e+00	9.160027200000000000e+07
3.869400000000000000e+04	6.758358796164495308e-01	2.064210178449886728e-03	1.000000000000000000e+00	9.160028900000000000e+07
3.871200000000000000e+04	6.773728748912736242e-01	2.279783928138868349e-03	1.000000000000000000e+00	9.160030700000000000e+07
3.872900000000000000e+04	6.762933453127861760e-01	2.061249415158649019e-03	1.000000000000000000e+00	9.160032400000000000e+07
3.874500000000000000e+04	6.738602611268126319e-01	2.062074807750995976e-03	1.000000000000000000e+00	9.160034000000000000e+07
3.876300000000000000e+04	6.780655463772096159e-01	2.071810374585711725e-03	1.000000000000000000e+00	9.160035800000000000e+07
3.877900000000000000e+04	6.794308340185368777e-01	2.064419075720283839e-03	1.000000000000000000e+00	9.160037400000000000e+07
3.879600000000000000e+04	6.804126514024039230e-01	2.224132183314964963e-03	1.000000000000000000e+00	9.160039100000000000e+07
3.881300000000000000e+04	6.756085933001111377e-01	2.322482477943886136e-03	1.000000000000000000e+00	9.160040800000000000e+07
3.883000000000000000e+04	6.789496974666179296e-01	2.062761672380120526e-03	1.000000000000000000e+00	9.160042500000000000e+07
3.884700000000000000e+04	6.774700591872087063e-01	2.067076398944917622e-03	1.000000000000000000e+00	9.160044200000000000e+07
3.886500000000000000e+04	6.786417564417692727e-01	2.061558039421063429e-03	1.000000000000000000e+00	9.160046000000000000e+07
3.888100000000000000e+04	6.774803268658584621e-01	2.061821366051669584e-03	1.000000000000000000e+00	9.160047600000000000e+07
3.889900000000000000e+04	6.769551524276762322e-01	2.058423144736337262e-03	1.000000000000000000e+00	9.160049400000000000e+07
3.891600000000000000e+04	6.813126675579903591e-01	2.073037327215418186e-03	1.000000000000000000e+00	9.160051100000000000e+07
3.893200000000000000e+04	6.793027062605724309e-01	2.294154564385299418e-03	1.000000000000000000e+00	9.160052700000000000e+07
3.895000000000000000e+04	6.787226030952832057e-01	2.068609510766701402e-03	1.000000000000000000e+00	9.160054500000000000e+07
3.896700000000000000e+04	6.782719218171263664e-01	2.061891429872560015e-03	1.000000000000000000e+00	9.160056200000000000e+07
3.898300000000000000e+04	6.814764969667173045e-01	2.464201106191766383e-03	1.000000000000000000e+00	9.160057800000000000e+07
3.900100000000000000e+04	6.795835714763982516e-01	2.326960587880796006e-03	1.000000000000000000e+00	9.160059600000000000e+07
3.901700000000000000e+04	6.750828300711934071e-01	2.056374864334072766e-03	1.000000000000000000e+00	9.160061200000000000e+07
3.903400000000000000e+04	6.779837796670580286e-01	2.059912443145559425e-03	1.000000000000000000e+00	9.160062900000000000e+07
3.905100000000000000e+04	6.802046946002920924e-01	2.059710405116170397e-03	1.000000000000000000e+00	9.160064600000000000e+07
3.906800000000000000e+04	6.800938749143244921e-01	2.063938906320065408e-03	1.000000000000000000e+00	9.160066300000000000e+07
3.908500000000000000e+04	6.788189183619555145e-01	2.064123130590814811e-03	1.000000000000000000e+00	9.160068000000000000e+07
3.910200000000000000e+04	6.790280931766058403e-01	2.067060856957948951e-03	1.000000000000000000e+00	9.160069700000000000e+07
3.911900000000000000e+04	6.767995421860600880e-01	2.061205651146169951e-03	1.000000000000000000e+00	9.160071400000000000e+07
3.913700000000000000e+04	6.780069167633657745e-01	2.068350354338957097e-03	1.000000000000000000e+00	9.160073200000000000e+07
3.915300000000000000e+04	6.776813277075398601e-01	2.062696433093703843e-03	1.000000000000000000e+00	9.160074800000000000e+07
3.917000000000000000e+04	6.794146904814100107e-01	2.220813268270827295e-03	1.000000000000000000e+00	9.160076500000000000e+07
3.918700000000000000e+04	6.800688662396063844e-01	2.327979730605056908e-03	1.000000000000000000e+00	9.160078200000000000e+07
3.920500000000000000e+04	6.760020680659794001e-01	2.314549160140003635e-03	1.000000000000000000e+00	9.160080000000000000e+07
3.922200000000000000e+04	6.848646527964470376e-01	2.079009098121430404e-03	1.000000000000000000e+00	9.160081700000000000e+07
3.923900000000000000e+04	6.807698327490457890e-01	2.066038402466839011e-03	1.000000000000000000e+00	9.160083400000000000e+07
3.925600000000000000e+04	6.809858880439438877e-01	2.321337211053267017e-03	1.000000000000000000e+00	9.160085100000000000e+07
3.927300000000000000e+04	6.828623583783091089e-01	2.074713590910868578e-03	1.000000000000000000e+00	9.160086800000000000e+07
3.929000000000000000e+04	6.798744699198731034e-01	2.072409780161365081e-03	1.000000000000000000e+00	9.160088500000000000e+07
3.930700000000000000e+04	6.765812170894579536e-01	2.062138789547119776e-03	1.000000000000000000e+00	9.160090200000000000e+07
